"topic","gamma","docUSYear","TopicLabel","Title","Abstract"
1,0.993706293706294,2024,"Cognitive Function, Memory, and Executive Function","Metabolic Syndrome and Mobility Dysfunction in Older Adults With and Without Histories of Traumatic Brain Injury: The Mediating Role of Cognition","Objective: Older adults are more susceptible than the general population to developing metabolic syndrome (i.e., three or more cardiovascular risk factors [MetS]), physical limitations, and traumatic brain injury (TBI). Recent research has demonstrated that cognition may moderate the negative association between MetS and mobility dysfunction in older adults. This study sought to determine if cognition mediates the relationship between MetS and mobility dysfunction and if this relationship differs in older adults with a history of TBI. Method: Participants (N = 20,156) were from the National Alzheimer’s Coordinating Center’s Uniform Data Set. Mediation models were tested to assess if processing speed, executive functioning, immediate memory, and delayed memory would independently mediate the association between MetS and mobility dysfunction. Results: Investigation of mediation models revealed that MetS had a significant indirect effect on mobility dysfunction through processing speed (b =.0674, 95% CI [.0412,.0953]) and executive functioning (b =.0354, 95% CI [.0228,.0493]). When TBI was included in the model as a moderator, MetS was not found to moderate the mediating effects of any of the cognitive variables. There were no significant indirect effects for immediate or delayed memory in either model. Conclusions: Findings elucidate potential pathways by which MetS contributes to mobility dysfunction in older adults through specific reductions in processing speed and executive functioning capabilities. © 2024 American Psychological Association"
1,0.993571428571429,2017,"Cognitive Function, Memory, and Executive Function","The relation of anxiety and cognition in Parkinson's disease","Objective: Parkinson's disease (PD) has long been conceptualized as a motor disorder, but nonmotor symptoms also manifest in the disease and significantly reduce quality of life. Anxiety and cognitive dysfunction are prevalent nonmotor symptoms, even in early disease stages, but the relation between these symptoms remains poorly understood. We examined self-reported anxiety and neurocognitive function, indexed by measures of executive function (set-shifting and phonemic fluency), categorical fluency, and attention/working memory. We hypothesized that anxiety would correlate with cognitive performance. Method: The Beck Anxiety Inventory and cognitive tests (Trail Making, Verbal Fluency, Digit Span) were administered to 77 nondemented adults with mild to moderate idiopathic PD (39 men, 38 women; M<inf>age</inf> = 62.9 years). Results: Higher anxiety was associated with more advanced disease stage and severity and with poorer set-shifting when using a derived metric to account for motoric slowing. Depression correlated with greater anxiety and disease severity, but not with cognitive performance. Conclusions: Our findings support the association of anxiety with a specific domain of executive function, set-shifting, in nondemented individuals with mild to moderate PD, raising the possibility that treatment of anxiety may alleviate aspects of executive dysfunction in this population. © 2017 American Psychological Association."
1,0.991845493562232,2021,"Cognitive Function, Memory, and Executive Function","Periventricular and deep abnormal white matter differ in associations with cognitive performance at midlife.","Objective: Abnormal white matter (AWM) on magnetic resonance imaging is associated with cognitive performance in older adults. We explored cognitive associations with AWM during late-midlife. Method: Participants were community-dwelling men (n = 242; M = 61.90 years; range = 56–66). Linear-mixed effects regression models examined associations of total, periventricular, and deep AWM with cognitive performance, controlling for multiple comparisons. Models considering specific cognitive domains controlled for current general cognitive ability (GCA). We hypothesized that total AWM would be associated with worse processing speed, executive function, and current GCA; deep AWM would correlate with GCA and periventricular AWM would relate to specific cognitive abilities. We also assessed the potential influence of cognitive reserve by examining a moderation effect of early life (mean age of 20) cognition. Results: Greater total and deep AWM were associated with poorer current GCA. Periventricular AWM was associated with worse executive function, working memory, and episodic memory. When periventricular and deep AWM were modeled simultaneously, both retained their respective significant associations with cognitive performance. Cognitive reserve did not moderate associations. Conclusions: Our findings suggest that AWM contributes to poorer cognitive function in late-midlife. Examining only total AWM may obscure the potential differential impact of regional AWM. Separating total AWM into subtypes while controlling for current GCA revealed a dissociation in relationships with cognitive performance; deep AWM was associated with nonspecific cognitive ability whereas periventricular AWM was associated with specific frontal-related abilities and memory. Management of vascular or other risk factors that may increase the risk of AWM should begin during or before early late-midlife. (PsycInfo Database Record (c) 2021 APA, all rights reserved) Key Points—Question: We describe how abnormal white matter (AWM) associations with cognitive performance in late midlife differ when considering AWM as a global measure or as regional measures (periventricular AWM and deep AWM). Findings: Regional measures of AWM have unique associations with cognitive performance and these associations are present in late-midlife, years before most AWM studies have demonstrated. Importance: These findings suggest that regional measures of AWM may be more precisely linked to cognitive performance than a global measure, and that AWM may have effects on cognitive performance during late midlife. Next Steps: To examine how regional AWM in late midlife predicts decline in cognitive performance in old age. (PsycInfo Database Record (c) 2021 APA, all rights reserved) © 2021 American Psychological Association"
1,0.989142857142857,2020,"Cognitive Function, Memory, and Executive Function","Greater Intraindividual Variability in Neuropsychological Performance Predicts Cognitive Impairment in De Novo Parkinson’s Disease","Introduction: Parkinson’s disease (PD) is a neurodegenerative disorder that commonly results in cognitive impairments and dementia. Intraindividual variability of neuropsychological performance is a sensitive marker of cognitive decline in other neurologic populations. However, studies have not examined the longitudinal utility of intraindividual variability in predicting future cognitive impairments among individuals with PD. In the current study, we hypothesized that increased intraindividual variability would predict future cognitive decline independent of traditional neuropsychological markers of cognitive impairment. Methods: The sample included 423 newly diagnosed PD patients and 175 healthy controls, who were followed up to 5 years (baseline, first, second, third, fourth, and fifth annual follow-up). Participants underwent tests of learning, memory, processing speed, attention, verbal fluency, and visuospatial functioning. Cognitive status (cognitive intact, mild cognitive impairment, and dementia) was classified based on previously established criteria. Multilevel models were computed to examine the longitudinal relationship between intraindividual variability, cognitive status, and general cognitive functioning. Results: Analyses revealed that increased intraindividual variability was predictive of incident cognitive decline among individuals with PD. Specifically, greater dispersion in neuropsychological performance was associated with greater risk of transitioning from cogni-tively intact to mild cognitive impairment or transitioning from mild cognitive impairment to dementia. Additional analyses revealed a significant Intraindividual Variability × Group (PD or control) interaction, meaning that intraindividual variability was predictive of declines in cognitive functioning among PD participants only but not healthy controls. Conclusion: Intraindividual variability may be a harbinger for future cognitive decline among individuals with PD. © 2019. American Psychological Association."
1,0.988690476190476,2024,"Cognitive Function, Memory, and Executive Function","Cognitive Dispersion and Its Functional Relevance in Behavioral Variant Frontotemporal Dementia and Prodromal Behavioral Variant Frontotemporal Dementia","Objective: Executive dysfunction is characteristic of behavioral variant frontotemporal dementia (bvFTD) but can be challenging to detect. Dispersion-based intraindividual variability (IIV-d) is hypothesized to reflect a sensitive index of executive dysfunction and has demonstrated relevance to functional decline but has not been evaluated in bvFTD. Method: We report on 477 demographically matched participants (159 cognitively healthy [CH], 159 clinical Alzheimer’s disease [AD], 159 clinical bvFTD/prodromal bvFTD) who completed the Uniform Data Set 3.0 Neuropsychological Battery. IIV-d was measured using the coefficient of variance (CoV; raw and demographically adjusted) across 12 Uniform Data Set 3.0 Neuropsychological Battery indicators and the informant-rated Functional Activities Questionnaire assessed daily functioning. Results: Analysis of covariance showed that participants in the bvFTD/ prodromal bvFTD group exhibited higher raw and demographically adjusted CoV compared to CH participants, at a very large effect size (d = 1.28–1.47). Demographically adjusted (but not raw) CoV was lower in the bvFTD/prodromal bvFTD group than the AD group, though the effect size was small (d =.38). Both CoV metrics accurately differentiated the bvFTD/prodromal bvFTD and CH groups (areas under the curve =.84), but not bvFTD/prodromal bvFTD and AD groups (areas under the curve =.59). Regression analyses in the bvFTD/prodromal bvFTD group indicated that higher IIV-d on both metrics was associated with greater daily functioning impairment, over and above covariates. Conclusions: Compared to healthy adults, individuals with bvFTD/prodromal bvFTD show greater levels of performance variability across a battery of neuropsychological measures, which interferes with everyday functioning. These data demonstrate the clinical utility and ecological validity of IIV-d in bvFTD/ prodromal bvFTD, though these findings should be replicated in more diverse samples. © (2023), (American Psychological Association). All Rights Reserved."
1,0.988343558282209,2018,"Cognitive Function, Memory, and Executive Function","Traumatic brain injury history is associated with an earlier age of dementia onset in autopsy-confirmed Alzheimer's disease","Objective: To evaluate whether a history of traumatic brain injury (TBI) with reported loss of consciousness (LOC) is a risk factor for earlier onset of Alzheimer's disease (AD) in an autopsy-confirmed sample. Method: Data from 2,133 participants with autopsy-confirmed AD (i.e., at least Braak neurofibrillary tangle stages III to VI and CERAD neuritic plaque score moderate to frequent) were obtained from the National Alzheimer's Coordinating Center (NACC). Participants were categorized by presence/absence of self-reported remote (i.e., > 1 year prior to their first Alzheimer's Disease Center visit) history of TBI with LOC (TBI+ vs. TBI-). Analyses of Covariance (ANCOVA) controlling for sex, education, and race compared groups on clinician-estimated age of symptom onset and age of diagnosis. Results: Average age of onset was 2.34 years earlier (p = .01) for the TBI+ group (n = 194) versus the TBI- group (n = 1900). Dementia was diagnosed on average 2.83 years earlier (p = .002) in the TBI+ group (n = 197) versus the TBI+ group (n = 1936). Using more stringent neuropathological criteria (i.e., Braak stages V-VI and CERAD frequent), both age of AD onset and diagnosis were 3.6 years earlier in the TBI+ group (both p's < .001). Conclusions: History of TBI with reported LOC appears to be a risk factor for earlier AD onset. This is the first study to use autopsy-confirmed cases, supporting previous investigations that used clinical criteria for the diagnosis of AD. Further investigation as to possible underlying mechanisms of association is needed. © 2018 American Psychological Association."
1,0.986574074074074,2023,"Cognitive Function, Memory, and Executive Function","Increased Intraindividual Variability in Reaction Time Performance Is Associated With Emerging Cognitive Decline in Cognitively Unimpaired Adults","Objective: To investigate whether intraindividual variability (IIV) in reaction time (RT) over monthly administered cognitive tasks is increased in cognitively unimpaired older adults who are at risk for cognitive decline, and whether this is independent of mean RT performance. Method: N = 109 cognitively unimpaired individuals (age 77.4 ± 5.0, 61.5% female, Mini-Mental State Examination 29.1 ± 1.3) from the Harvard Aging Brain Study completed the self-administered Computerized Cognitive Composite (C3) monthly at home for up to 1 year (12.7 ± 3.2 C3 assessments). Baseline C3 assessment coincided with routine in-clinic visits, including amyloid and tau positron emission tomography imaging and standardized cognitive testing, with cognitive testing repeated annually (1.6 ± 1.2 years follow-up). The C3 includes two simple RT tasks and two complex RT tasks. IIV estimates were derived by computing intraindividual standard deviations on residual RT scores after regressing out age and session order effects. Cross-sectional associations of IIV with cognition (global cognition, memory, executive functions [EF], processing speed) and amyloid and tau burden were examined using linear regression analyses correcting for demographics and mean RT. The association between IIV and cognitive decline was assessed using linear mixed models correcting for demographic factors, mean RT, and amyloid burden. Results: After adjusting for mean RT, increased IIV on complex RT tasks was independently associated with worse EF performance (β = −0.10, 95% CI [−.16, −0.03], p =.004), greater inferior-temporal tau deposition (β = 0.18, 95% CI [0.02, 0.34], p =.024), and faster cognitive decline in those with elevated amyloid (β = −0.62, 95% CI [−1.18, −0.06], p =.033). Conclusions: Increased variability in monthly RT may reflect subtle EF deficits and provide unique information about short-term cognitive decline in preclinical Alzheimer’s disease. © 2023 American Psychological Association"
1,0.984645669291339,2025,"Cognitive Function, Memory, and Executive Function","Mediating effect of cognitive reserve on associations between processing speed and memory in older adults with and without multiple sclerosis.","Question: Does cognitive reserve mediate the relationship between processing speed and verbal memory in older adults with and without multiple sclerosis? Findings: Cognitive reserve fully mediated the effect of processing speed on immediate recall and partially mediated its effect on delayed recall, irrespective of MS status. Importance: These findings indicate that cognitive reserve may be an important protective factor for memory functioning across neurologic and nonneurologic aging populations. Next Steps: Future research should examine mediation effects of residual-derived cognitive reserve on cognitive outcomes in longitudinal studies across more diverse and representative samples. (PsycInfo Database Record (c) 2025 APA, all rights reserved) © 2025 American Psychological Association; Objective: Slower processing speed is implicated in memory impairment in both aging and multiple sclerosis (MS). Cognitive reserve serves as a buffer against memory decline and dementia, but no studies have reported on its mediating effect on the associations between processing speed and memory. Therefore, we investigated whether cognitive reserve mediated the relationship between processing speed and verbal memory in older adults and whether the presence of MS modified this association. Method: Older adults with MS (n = 104; Mage = 64.84 ± 4.36 years) and healthy controls (HCs: n = 105; Mage = 68.33 ± 7.24 years) underwent neuropsychological testing and brain magnetic resonance imaging. Cognitive reserve was derived using residuals from a regression model predicting a modified total score of the Repeatable Battery for the Assessment of Neuropsychological Status from demographic and brain integrity variables. Processing speed was assessed via the oral Symbol Digit Modalities Test, and memory via the Hopkins Verbal Learning Test–Revised. Results: Cognitive reserve fully mediated the association of Symbol Digit Modalities Test on Hopkins Verbal Learning Test–Revised: immediate recall when fully adjusted for covariates (indirect effect: b = 0.221, 95% bootstrap CI [0.120, 0.322]). For delayed recall, cognitive reserve partially mediated this association in adjusted models (b = 0.221, 95% bootstrap CI [0.124, 0.322]). Group status (i.e., older adults with MS vs. HC) did not significantly moderate the mediating effect of cognitive reserve on either outcome. Conclusions: Cognitive reserve mediated associations between processing speed and memory performance in older adults with and without MS, highlighting its protective role against memory decline. (PsycInfo Database Record (c) 2025 APA, all rights reserved) © 2025 American Psychological Association"
1,0.983333333333333,2022,"Cognitive Function, Memory, and Executive Function","Intraindividual Variability in Neuropsychological Performance Predicts Longitudinal Cortical Volume Loss in Early Parkinson’s Disease","Objective: Cognitive impairment is common among individuals with Parkinson’s disease (PD). Intraindividual variability (IIV) is a measure of variability across multiple tasks of cognitive functioning. Due to the limited amount of research, particularly among individuals with PD, IIV has been an underutilized metric of cognitive functioning both in research and clinical practice. Previous research demonstrated that individuals with PD have greater variability in cognitive performance relative to controls, and that IIV is predictive of future cognitive impairments. The aim of this study is to investigate the association between baseline IIV and change in cortical and subcortical volumes among individuals with PD. Method: The present study used data from 80 newly diagnosed PD patients who were part of a longitudinal cohort study (Parkinson progression marker initiative [PPMI]). Participants completed neuropsychological measures and underwent T1 structural magnetic resonance imaging (MRI) at baseline and the first annual follow-up. Neuropsychological tests assessed attention, processing speed, visuospatial functioning, verbal fluency learning, and memory. T1 scans were processed using standard Freesurfer protocols for extraction of regional volumes. Results: Greater IIV at baseline was predictive of change in cortical volume in posterior temporal/parietal regions over the 1-year period. Baseline IIV predicted cortical volume changes above and beyond the main effect of motor severity and the baseline statistical mean/global cognition score. Conclusion: Our results provide initial evidence that IIV is a marker of longitudinal cortical volume loss. Evidence is building that IIV is a sensitive marker of cognitive impairment and the underlying neurodegeneration among individuals with PD © 2022. American Psychological Association"
1,0.982727272727273,2016,"Cognitive Function, Memory, and Executive Function","Asynchrony in executive networks predicts cognitive slowing in multiple sclerosis","Objective: Cognitive slowing is a core neuropsychological symptom of Multiple Sclerosis (MS). We aimed to assess the extent to which cognitive slowing in MS was predicted by changes in dorsolateral prefrontal networks. Method: We assessed patients with relapsing-remitting MS and healthy controls (HCs) on measures of processing speed. Participants underwent a functional MRI while performing a processing speed task to allow assessment of task-based connectivity. Results: Patients were slower than HCs on the processing speed tasks. Patients showed attenuated connectivity between right and left dorsolateral prefrontal cortex (DLPFC) and task-relevant brain regions compared to HCs during processing speed task performance. Patients' connectivity with DLPFC in these group-disparate networks accounted for significant variability in their performance on processing speed measures administered both in and out of the imaging environment. Specifically, patients who had stronger functional connections with DLPFC in group-disparate networks performed faster than patients with weaker connections with DLPFC in group-disparate networks. Conclusion: Results suggest that MS-related cognitive slowing can be accounted for by systemic alterations in executive functional networks. © 2016 American Psychological Association."
1,0.975252525252525,2023,"Cognitive Function, Memory, and Executive Function","History of Traumatic Brain Injury Does Not Alter Course of Neurocognitive Decline in Older Adults With and Without Cognitive Impairment","Objective: Traumatic brain injury (TBI) history is associated with dementia risk, but it is unclear whether TBI history significantly hastens neurocognitive decline in older adults. Method: Data were derived from the National Alzheimer’s Coordinating Center (NACC) data set. Participants with a history of TBI (TBI+; n = 1, 467) were matched to individuals without a history of TBI (TBI−; n = 1, 467) based on age (50–97, M = 71.61, SD = 8.40), sex, education, race, ethnicity, cognitive diagnosis, functional decline, number of Apolipoprotein ε4 (APOE ε4) alleles, and number of annual visits (3–6). Mixed linear models were used to assess longitudinal neuropsychological test composite scores of executive functioning/attention/speed, language, and memory in TBI+ and TBI− participants. Interactions between TBI and demographics, APOE ε4 status, and cognitive diagnosis were also examined. Results: Longitudinal neuropsychological functioning did not differ between TBI groups (p’s >.001). There was a significant three-way interaction (age, TBI history, time) in language (F[20, 5750.1] = 3.133, p <.001) and memory performance (F[20, 6580.8] = 3.386, p <.001), but post hoc analyses revealed TBI history was not driving this relationship (all p’s >.096). No significant interactions were observed between TBI history and sex, education, race/ethnicity, number of APOE ε4 alleles, or cognitive diagnosis (p’s >.001). Conclusions: Findings suggest TBI history, regardless of demographic factors, APOE ε4 status, or cognitive diagnosis, does not alter the course of neurocognitive functioning later-in-life in older adults with or without cognitive impairment. Future clinicopathological longitudinal studies that well-characterize head injuries and the associated clinical course are needed to help clarify the mechanism in which TBI may increase dementia risk. © 2023 American Psychological Association"
1,0.972142857142857,2016,"Cognitive Function, Memory, and Executive Function","Late-life depression is not associated with dementia-related pathology","Objective: To test the hypothesis that late-life depression is associated with dementia-related pathology. Method: Older participants (n = 1,965) in 3 longitudinal clinical-pathologic cohort studies who had no cognitive impairment at baseline underwent annual clinical evaluations for a mean of 8.0 years (SD = 5.0). The authors defined depression diagnostically, as major depression during the study period, and psychometrically, as elevated depressive symptoms during the study period, and established their relation to cognitive outcomes (incident dementia, rate of cognitive decline). A total of 657 participants died and underwent a uniform neuropathologic examination. The authors estimated the association of depression with 6 dementiarelated markers (tau tangles, beta-amyloid plaques, Lewy bodies, hippocampal sclerosis, gross and microscopic infarcts) in logistic regression models. Results: In the full cohort, 9.4% were diagnosed with major depression and 8.6% had chronically elevated depressive symptoms, both of which were related to adverse cognitive outcomes. In the 657 persons who died and had a neuropathologic examination, higher beta-amyloid plaque burden was associated with higher likelihood of major depression (present in 11.0%; OR = 1.392, 95% CI = 1.088, 1.780) but not with elevated depressive symptoms (present in 11.3%; OR = 0.919, 95% CI = 0.726, 1.165). None of the other pathologic markers was related to either of the depression measures. Neither dementia nor antidepressant medication modified the relation of pathology to depression. Conclusion: The results do not support the hypothesis that major depression is associated with dementia-related pathology. © 2015 American Psychological Association."
1,0.971532846715328,2018,"Cognitive Function, Memory, and Executive Function","Longitudinal intra-individual variability in Neuropsychological performance relates to white matter changes in HIV","Objectives: Recent studies suggest that intraindividual variability (IIV) of neuropsychological performance may be sensitive to HIV-associated neurologic compromise. IIV may be particularly dependent upon the integrity of frontal-subcortical systems, and therefore may be a meaningful phenotype in HIV. We examined the relationship between change in IIV and white matter integrity among HIV seropositive (HIV+) and HIV seronegative (HIV-) individuals. Method: The sample consisted of 38 HIV + participants and 26 HIV-control participants who underwent neuroimaging and a neuropsychological evaluation at baseline and at 2-year follow-up evaluation. Results: Among HIV + participants, increases in IIV (greater dispersion) were related to lower fractional anisotropy (FA) values in the anterior thalamic radiations (ATR) and the superior longitudinal fasciculus (SLF). Changes in mean-level global cognitive functioning were not significantly related to white matter integrity. Additionally, there was a significant Group × IIV interaction effect in the SLF demonstrating that the relationship between IIV and white matter integrity was specific to HIV. Conclusions: Overall, findings suggest that IIV may be more sensitive, relative to mean-level global cognitive functioning, in the detection of neurologic compromise among HIV + individuals. © 2017 American Psychological Association."
1,0.971345029239766,2021,"Cognitive Function, Memory, and Executive Function","Depression Associated With APOE Status and Hippocampal Volume but Not Cognitive Decline in Older Adults Aging With Traumatic Brain Injury","Objective: To examine the relationship between depression and cognition, genetic risk, and hippocampal differences in a sample of older adults with a history of traumatic brain injury (TBI). Method: Participants were 85 males and 35 females (91 Caucasian, 29 African-American) with a mean age of 65.04 (± 8.27) years and a history of moderate, severe, or complicated mild TBI. Participants were an average of 9.33 (± 7.27) years post injury (range: 0.78–45.63). Participants underwent genetic testing, a comprehensive neuropsychological battery, surveys, and a subset underwent MRI scanning. Results: Apolipoprotein E (APOE) e4 carrier status predicted clinically significant depressive symptomatology on the Geriatric Depression Scale (GDS) with an odds ratio of 3.63, 95% CI [1.33, 9.29]. GDS was not associated with scores on measures of executive function, list learning recall, or retention. Although GDS score was initially associated with poorer confrontation naming scores and story memory recall, these effect sizes were small, and this variance was better accounted for by age and cognitive reserve. Higher GDS scores were also associated with decreased hippocampal volume. Conclusions: APOE carrier status was predictive of depression in a sample of older adults with a history of TBI. Depressive symptoms were also associated with decreased hippocampal volume but did not predict cognitive deficits in the examined domains beyond the effects of cognitive reserve. Despite the relationship between GDS and biological risks for decline, depressive symptoms in this population showed no direct relationship with cognitive decline. © 2021 American Psychological Association"
1,0.970740740740741,2024,"Cognitive Function, Memory, and Executive Function","The memory binding test in a longitudinal study of cognitive aging and preclinical disease.","Objective: The Memory Binding Test (MBT) shows promise in detecting early cognitive changes associated with Alzheimer’s disease (AD). This study assesses the psychometric properties (i.e., construct and criterion validity, test–retest reliability) of the MBT and its sensitivity to incipient disease and incident cognitive impairment. Method: One hundred forty-nine cognitively unimpaired adults ages 45–85 completed the MBT and neuropsychological tests at baseline; 132 returned for 2-year follow-up. Based on neuroradiological ratings of amyloid positron emission tomography and MRI markers at baseline, they were categorized as healthy (n = 94) or having preclinical disease (n = 55, either on the AD continuum or having non-AD pathologic change). Construct validity was assessed by the associations between MBT scores, demographics, and neuropsychological scores within the healthy group. Criterion validity was assessed by testing how MBT scores correlate with AD biomarkers, differ and discriminate between groups at baseline, and predict incident cognitive impairment. Results: MBT scores decreased with age and were strongly associated with memory and global cognition. MBT scores were largely not associated with amyloid, hippocampal volume, or AD signature cortical volume but related to white matter lesion volume in those with preclinical disease. The preclinical groups performed worse on MBT immediate free recall at baseline than the healthy group, but no scores predicted incident cognitive impairment at follow-up. Most scores demonstrated modest test–retest reliability. Conclusions: This study demonstrates that the MBT has adequate construct validity in cognitively unimpaired adults, moderate sensitivity to preclinical disease cross-sectionally, and limited prognostic utility. Careful consideration of demographic influences on score interpretation remains necessary. Question: What are the psychometric properties of the Memory Binding Test (MBT) in healthy adults and those with biomarker evidence of preclinical neurodegenerative disease? How well can performance on the MBT predict progression to mild cognitive impairment (MCI)? Findings: The MBT is sensitive to early disease-related deficits in associative memory cross-sectionally despite being highly confounded by demographic factors, particularly age. Performance on the MBT at baseline did not predict incident MCI over 2 years. Importance: Although the MBT may be useful for detecting subtle cognitive deficits in individuals with biomarker evidence of preclinical disease, the MBT may be less useful for predicting who will progress to MCI in the near future. Next Steps: Future work should test the generality of these findings using larger and more diverse samples, including additional biomarkers (e.g., tau), and comparing the relative merits of the MBT to other measures that are sensitive to cognitive change in preclinical disease. Additionally, the development of age-adjusted norms for the MBT may be warranted. (PsycInfo Database Record (c) 2024 APA, all rights reserved) © 2024 American Psychological Association"
1,0.963684210526316,2022,"Cognitive Function, Memory, and Executive Function","Dispersion-Based Cognitive Intra-Individual Variability in Dementia With Lewy Bodies","Objective: Cognitive fluctuations are characteristic of dementia with Lewy bodies (DLB) but challenging to measure. Dispersion-based intra-individual variability (IIV-d) captures neurocognitive performance fluctuations across a test battery and may be sensitive to cognitive fluctuations but has not been studied in DLB. Method: We report on 5,976 participants that completed the uniform data set 3.0 neuropsychological battery (UDS3NB). IIV-d was calculated via the intra-individual standard deviation across 12 primary UDS3NB indicators. Separate models using mean USD3NB score and the Montreal cognitive assessment (MoCA) total score tested the reproducibility of the incremental value of IIV-d over-and-above global cognition. Binary logistic regressions tested whether IIV-d could classify individuals with and without clinician-rated cognitive fluctuations. Multinomial logistic regressions tested whether IIV-d could differentiate participants with DLB, participants with Alzheimer’s disease (AD), and participants with healthy cognition (CH), as well as the incremental diagnostic utility of IIV-d over-and-above clinician-rated cognitive fluctuations. Results: IIV-d exhibited large univariate associations with clinician-rated and nonclinician-informant reported cognitive fluctuations, which persisted when adjusting for MoCA but not the full battery mean. Of diagnostic relevance, greater IIV-d was consistently associated with DLB and AD relative to CH over-and-above global cognition and clinician-rated cognitive fluctuations. Greater IIV-d was less consistently associated with an increased probability of DLB relative to AD when controlling for global cognition. Conclusions: IIV-d accurately differentiates DLB from CH over-and-above global cognition and clinician-rated cognitive fluctuations. IIV-d may supplement a thorough clinical interview of cognitive fluctuations and serve as a standardized performance-based indicator of this transdiagnostic phenomenon. © 2022,Neuropsychology.All Rights Reserved."
1,0.961016949152542,2018,"Cognitive Function, Memory, and Executive Function","Intraindividual variability in neuropsychological performance predicts cognitive decline and death in HIV.","Objective: HIV-associated neurocognitive disorder (HAND) occurs in a significant percentage of HIV-infected (HIV+) adults. Increased intraindividual variability (IIV) in cognitive function may be an early marker of emerging neurocognitive disorder, which suggests that IIV may be a sensitive measure of neurologic compromise in HIV. In the current study, we hypothesize that increased IIV may predict impending morbidity, including future cognitive decline and death. Method: In 708 HIV+ participants followed longitudinally for up to 14 years, we assessed the role of dispersion in forecasting death and cognitive decline. Incident neurocognitive impairment was predicted in a mixed-effects ordinal logistic regression model using age, gender, baseline mean cognitive functioning, CD4+, time followed, years of education, and dispersion at the previous visit. Death before the next visit was predicted in a binomial mixed-effects regression model using age, gender, baseline mean cognitive functioning, CD4+, time followed, years of education, and dispersion. Results: Point-in-time dispersion and change in dispersion between visits predict future cognitive decline and death in HIV+ individuals. Individuals with greater dispersion at a visit or who had larger changes in dispersion between visits were more likely to demonstrate greater neurocognitive impairment at the subsequent visit. Greater IIV was also associated with an increased risk of death prior to the subsequent visit, even after controlling for HAND severity and global cognitive functioning. Conclusions: We conclude that the IIV in cognitive functioning may be more predictive of future disease consequence than mean level of cognitive functioning. © 2018 APA, all rights reserved."
1,0.958921161825726,2021,"Cognitive Function, Memory, and Executive Function","Neural correlates of daily function: A pilot study of the white matter retrogenesis hypothesis and three separate performance-based functional assessments.","Objective: Increasing evidence points to mild alterations in everyday functioning early in the course of Alzheimer's disease and related dementias (ADRD), despite prior research suggesting functional declines occur primarily in later stages. However, daily function assessment is typically accomplished with subjective self- or informant-report, which can be prone to error due to various factors. Performance-based functional assessments (PBFAs) allow for objective evaluation of daily function abilities, but little is known on their sensitivity to the earliest ADRD-related brain alterations. We aimed to determine the neural correlates of three different PBFAs in a pilot study. Method: A total of 40 older participants (age = 70.9 ± 6.5 years; education = 17.0 ± 2.6 years; 51.5% female; 10.0% non-White; 67.5% cognitively normal) completed standardized PBFAs related to medication management (MM), finances (FIN), and communication abilities (COM). Participants underwent diffusion tensor imaging (DTI) scans, from which mean fractional anisotropy (FA) composite scores of late- (LMF) and early myelinated (EMF) fibers were calculated. Linear regression analyses controlling for age and global cognition were used to assess the relationship of PBFAs with FA. Results: Better performance on MM was associated with higher mean FA on LMF composite (t38 = 2.231, p =.032), while FIN and COM were not (ps >.05). PBFAs were not associated with EMF (p >.05). Conclusions: Our preliminary findings demonstrate better performance on a PBFA of medication management is associated with higher FA in late-myelinated white matter tracts. Despite a small sample size, these results are consistent with growing evidence that performance-based functional assessments may be a useful tool in identifying early changes related to ADRD. (PsycInfo Database Record (c) 2021 APA, all rights reserved) <strong xmlns:lang=""en"">Key Points—Question: Are performance-based functional assessments (PBFAs) sensitive to early white matter changes related to neurodegeneration? Findings: A PBFA related to medication management abilities was more sensitive to early white matter changes than traditional cognitive tests or self-/informant-report measures of daily function. Importance: Demanding functional assessments might be more sensitive than classic assessments to early neuropathological changes. Next Steps: Additional cross-sectional and longitudinal data in a diverse sample are needed to extend these results. (PsycInfo Database Record (c) 2021 APA, all rights reserved) © 2021 American Psychological Association"
1,0.957407407407407,2020,"Cognitive Function, Memory, and Executive Function","Neuropsychological Test Performance in Depressed and Nondepressed Collegiate Athletes Following Concussion","Objective: To examine neuropsychological test differences following concussion between collegiate athletes screening positive and negative for depression. Method: Participants included 113 (91 male) college athletes, who were assessed at baseline and following diagnosis of sport-related concussion (SRC). The Beck Depression Inventory—Fast Screen was used as a screener for depression. Athletes were categorized as either depressed (≥4) or nondepressed (<4) following injury and compared on composites for memory and attention–processing speed. Groups were also compared on reliable change index scores from baseline, as well as on proportion of impaired scores. Results: Depressed athletes performed significantly worse than did nondepressed athletes on the Memory Composite (p =.04, d =.51) but not on the Attention–Processing Speed Composite score (p =.15, d =.46). Chi-square tests indicated that, compared with nondepressed athletes, a significantly higher number of depressed athletes showed reliable decreases on the following test indices: Verbal Memory Composite of the Immediate Post-Concussion Assessment and Cognitive Testing (p =.03, φ =.21), Brief Visuospatial Memory Test—Revised Total (p =.02, φ =.22), and Hopkins Verbal Learning Test—Revised Total (p =.05, φ =.19). Chi-square test indicated that, compared with nondepressed athletes, a significantly higher proportion of depressed athletes met criteria for impairment (p =.02, φ =.23). Conclusion: Whether examining the data at the intraindividual or group level, there are memory deficits associated with the combination of an SRC and depression. The results highlight the importance of screening for depression to provide a more complete picture of an individual’s functioning postconcussion. © 2019 American Psychological Association"
1,0.956353591160221,2025,"Cognitive Function, Memory, and Executive Function","p-Tau/Aβ42 Ratio Associates With Cognitive Decline in Alzheimer’s Disease, Mild Cognitive Impairment, and Cognitively Unimpaired Older Adults","Objective: Among the cerebrospinal fluid (CSF)-based measures of Alzheimer’s disease (AD) pathology, the ratiometric measure of p-tau/Aβ42 shows the best diagnostic accuracy. However, few studies have linked the ptau/Aβ42 ratio to cognition directly. The goal of this study was to examine whether a CSF-based p-tau/Aβ42 ratio predicts changes in global cognitive functioning, episodic memory, and executive functioning over a 2-year period in cognitively unimpaired (CU) older adults, in individuals with mild cognitive impairment (MCI), and in those with AD. Method: This study involves secondary analysis of data from 1,215 older adults available in the Alzheimer’s Disease Neuroimaging Initiative. Neuropsychological composite variables, collected at baseline, 6-month, 12-month, and 24-month follow-ups, of global cognition, episodic memory, and executive functioning, were included. Generalized least square linear models were constructed to examine the effect of CSF p-tau/Aβ42, diagnostic group, and change over time on cognitive scores. Results: CSF p-tau/Aβ42 ratio predicted cognitive decline, both on global cognition and episodic memory, in individuals withMCI and AD, but not in CU older adults. The p-tau/Aβ42 ratio, in contrast, predicted decline in executive functioning for all three diagnostic groups. Conclusions: Our study, which included individuals with CU, MCI, and AD, provides evidence of differential cognitive consequences of accumulated AD pathology across diagnostic groups, particularly in the domains of global cognition and episodic memory. Additionally, AD pathology was associated with worsening executive functioning across all three diagnostic groups, suggesting that declines in executive functioning may occur well before declines in other cognitive domains. © 2025 American Psychological Association"
1,0.956050955414013,2016,"Cognitive Function, Memory, and Executive Function","Temporal course of neurodegenerative effects on cognition in old age","Objective: To test the hypothesis that different forms of neurodegeneration are differentially related to longitudinal cognitive trajectories in old age. Methods: Participants are 420 older persons from 2 clinical-pathologic studies without cognitive impairment at study onset. They completed a battery of 17 cognitive tests annually for a minimum of 5 years, died, and underwent a neuropathologic examination to quantify neuronal neurofibrillary tangles and transactive response DNA-binding protein 43 (TDP-43) pathology and to identify Lewy bodies and hippocampal sclerosis. The authors used sigmoid mixed models based on the 4-parameter logistic distribution to decompose nonlinear global cognitive trajectories into components and assess the relation of each neuropathologic marker to each trajectory component. Results: Cognitive function was assessed for a mean of 10.5 years before death. In the absence of pathology, global cognition was relatively stable before declining moderately in the last 3 to 4 years of life. Tangles were related to all trajectory components except initial level. TDP-43 pathology was the only marker related to initial level of function. It was also associated with an earlier midpoint of decline but not to slope of decline. Hippocampal sclerosis was related to an earlier midpoint of decline and more rapid slope of decline. Lewy bodies were associated with faster slope of decline and lower level of function proximate to death. Conclusion: Neurodegenerative processes are differentially related to cognitive trajectories, with TDP-43 pathology most potently impacting incipient cognitive decline, AD pathology and hippocampal sclerosis affecting the progression of cognitive decline, and Lewy bodies impacting terminal decline. © 2016 American Psychological Association."
1,0.953691275167785,2018,"Cognitive Function, Memory, and Executive Function","Cognition in older patients with multiple sclerosis compared to patients with amnestic mild cognitive impairment and healthy older adults","Objective: Progress in the treatment of multiple sclerosis (MS) has resulted in larger numbers of patients living to an advanced age, but little is known about the cognitive status of these individuals. The primary purpose of this study was to identify differences in the cognitive performance between elderly individuals with MS and those with amnestic mild cognitive impairment (aMCI). Method: Three groups ranging in age from 60 to 80 were compared: patients with MS (n = 64), patients with aMCI (n = 58), and healthy adults (n = 70). All participants completed a standard neuropsychological test battery that evaluated domains of attention, processing speed, executive function, memory, language, and visual spatial function. Results: Compared to age- and gender-matched healthy controls, elderly MS patients exhibited a pattern of cognitive impairment centering on information processing speed and memory that was consistent with the deficits observed in other studies of MS patients regardless of age. Compared to aMCI patients, the MS patients exhibited worse performance on measures of processing speed, but better performance on a measure of memory under cued conditions (Selective Reminding Test), a nonspeeded measure of language (Boston Naming Test), and measures of executive function with processing speed statistically controlled (Trail Making Test, Stroop Test). Conclusions: Differences on neuropsychological measures can serve to distinguish aMCI from MS-related cognitive impairment in older patients, but it is essential that these measures control for the deficit in processing speed that is such a primary feature of MS. © 2018 American Psychological Association."
1,0.953403141361256,2025,"Cognitive Function, Memory, and Executive Function","Growth-Associated Protein 43 Is Associated With Faster Functional Decline Among Amyloid-Positive Individuals With Objectively Defined Subtle Cognitive Decline and Mild Cognitive Impairment","Objective: Objectively defined subtle cognitive decline (Obj-SCD) is an emerging classification that may identify individuals at risk for future decline and progression toAlzheimer’s disease prior to a diagnosis of mild cognitive impairment (MCI). Growth-associated protein 43 (GAP-43), a cerebrospinal fluid (CSF) marker of synaptic dysfunction, has been shown to relate to an increased risk of converting to dementia, although it is unclear whether GAP-43 alterations may be detected in pre-MCI stages. Therefore, in the present study, we examined CSF GAP-43 levels among individuals with Obj-SCD cross-sectionally and also examined whether baseline GAP-43 predicts future functional decline. Method: Six hundred forty-four participants from the Alzheimer’s Disease Neuroimaging Initiative were divided into six groups based on (a) cognitive status (cognitively unimpaired [CU], Obj-SCD, or MCI) and (b) Aβ status (+ or −). Results: The CU− group had lower baseline GAP-43 than all Aβ+ groups, but not the other Aβ− groups. Higher GAP-43 levels were associated with faster decline across the entire sample. When moderation by group was examined, higher GAP-43 at baseline predicted faster functional decline for the Obj-SCD+ and MCI+ groups, compared to the CU− group. Conclusions: Results extend prior work investigating biomarker associations in Obj-SCD to GAP-43 and show that high baseline CSF GAP-43 is associated with a faster rate of functional decline in Aβ+ individuals who are classified as Obj-SCD or MCI. Importantly, our findings further demonstrate that CSF GAP-43 is associated with early and subtle cognitive changes detectable before the onset of MCI. © 2025 The Author(s)"
1,0.953378378378378,2019,"Cognitive Function, Memory, and Executive Function","Information processing deficit in older adults with HIV infection: A comparison with Parkinson's Disease","Objective: Individuals with HIV treated with antiretroviral therapy can expect to reach average life span, making them susceptible to combined disease and aging effects on cognitive and motor functions. Slowed processing speed in HIV is a concern for cognitive and everyday functioning and is sensitive to declines in aging. We hypothesized that information processing (IP) deficits, over and above that expected with normal aging, would occur in older HIV patients similar to those observed in Parkinson's disease (PD) patients, with both conditions affecting frontostriatal pathways. Method: Groups comprised 26 individuals with HIV infection, 29 with mild-to-moderate PD, and 21 healthy controls (C). Speed of IP was assessed with the oral version of the Symbol Digit Modalities Test and the color naming condition of the Golden Stroop Task. Results: The HIV group was impaired on speed of IP tasks compared with both the C and PD groups. Even after controlling for normal aging effects, older age in the HIV group correlated with IP slowing. Slower IP speed was associated with poorer general cognitive ability and more extrapyramidal motor signs in older HIV-infected individuals. Conclusions: The notable effects of impaired IP speed, over and above neurotypical age-related declines, indicate that older HIV-infected individuals may have an enhanced vulnerability for developing nonmotor and motor symptoms despite antiretroviral therapy. Assessing for oral IP speed may provide the unique opportunity to identify early signs of progressive clinical declines in HIV. © 2018 American Psychological Association."
1,0.951748251748252,2016,"Cognitive Function, Memory, and Executive Function","Cortical thickness in frontoparietal and cingulo-opercular networks predicts executive function performance in older adults","Objective: This study examined the relationship between cortical thickness in executive control networks and neuropsychological measures of executive function. Method: Forty-one community-dwelling older adults completed an MRI scan and a neuropsychological battery including 5 measures of executive function. Results: Factor analysis of executive function measures revealed 2 distinct factors: (a) Complex Attention Control (CAC), comprised of tasks that required immediate response to stimuli and involved subtle performance feedback; and (b) Sustained Executive Control (SEC), comprised of tasks that involved maintenance and manipulation of information over time. Neural networks of interest were the frontoparietal network (F-P) and cingulo-opercular network (C-O), which have previously been hypothesized to relate to different components of executive function, based on functional MRI studies, but not neuropsychological factors. Linear regression models revealed that greater cortical thickness in the F-P network, but not the C-O network, predicted better performance on the CAC factor, whereas greater cortical thickness in the C-O network, but not the F-P network, predicted better performance on the SEC factor. Conclusions: The relationship between cortical thickness and performance on executive function measures was characterized by a double dissociation between the thickness of cortical regions hypothesized to be involved in executive control and distinct executive processes. Results indicate that fundamentally different executive processes may be predicted by cortical thickness in distinct brain networks. © 2015 American Psychological Association."
1,0.951239669421488,2019,"Cognitive Function, Memory, and Executive Function","Cognitive dispersion is a sensitive marker for early neurodegenerative changes and functional decline in nondemented older adults","Intraindividual cognitive variability (IIV), a measure of within-person variability across cognitive measures at a single time point, is associated with mild cognitive impairment (MCI) and Alzheimers disease (AD). Little is known regarding brain changes underlying IIV, or the relationship between IIV and functional ability. Therefore, we investigated the association between IIV and cerebral atrophy in AD-vulnerable regions and everyday functioning in nondemented older adults. Method: 736 Alzheimers Disease Neuroimaging Initiative (ADNI) participants (285 cognitively normal [CN]; 451 MCI) underwent neuropsychological testing and serial MRI over 2 years. Linear mixed effects models examined the association between baseline IIV and change in entorhinal cortex thickness, hippocampal volume, and everyday functioning. Results: Adjusting for age, sex, apolipoprotein E genotype, amyloid-- positivity, and mean level of cognitive performance, higher baseline IIV predicted faster rates of entorhinal and hippocampal atrophy, as well as functional decline. Higher IIV was associated with both entorhinal and hippocampal atrophy among MCI participants but selective. © 2019 American Psychological Association."
1,0.948850574712644,2018,"Cognitive Function, Memory, and Executive Function","Traumatic brain injury history and progression from mild cognitive impairment to Alzheimer disease","Objective: To examine whether history of traumatic brain injury (TBI) is associated with more rapid progression from mild cognitive impairment (MCI) to Alzheimer's disease (AD). Method: Data from 2,719 subjects with MCI were obtained from the National Alzheimer's Coordinating Center. TBI was categorized based on presence (TBI+) or absence (TBI-) of reported TBI with loss of consciousness (LOC) without chronic deficit occurring > 1 year prior to diagnosis of MCI. Survival analyses were used to determine if a history of TBI predicted progression from MCI to AD up to 8 years. Random regression models were used to examine whether TBI history also predicted rate of decline on the Clinical Dementia Rating scale Sum of Boxes score (CDR-SB) among subjects who progress to AD. Results: Across 8 years, TBI history was not significantly associated with progression from MCI to a diagnosis of AD in unadjusted (HR = 0.80; 95% CI [0.63, 1.01]; p = .06) and adjusted (p = .15) models. Similarly, a history of TBI was a nonsignificant predictor for rate of decline on CDR-SB among subjects who progressed to AD (b = 0.15, p = .38). MCI was, however, diagnosed a mean of 2.6 years earlier (p < .001) in TBI+ subjects compared with the TBI- group. Conclusions: A history of TBI with LOC was not associated with progression from MCI to AD, but was linked to an earlier age of MCI diagnosis. These findings add to a growing literature suggesting that TBI might reduce the threshold for onset of MCI and certain neurodegenerative conditions, but appears unrelated to progression from MCI to AD. © 2018 American Psychological Association."
1,0.947333333333333,2019,"Cognitive Function, Memory, and Executive Function","Effects of APOE on cognitive aging in community-dwelling older adults","Objective: The apolipoprotein E (APOE) gene is an established risk factor for sporadic Alzheimer's disease, with elevated risk for ϵ4-carriers and reduced risk for ϵ2-carriers. However, it is unclear whether APOE modifies risk for cognitive decline in normal aging. The objective of this study was to determine whether ϵ2 and ϵ4 are associated with rates of normal cognitive aging, and whether associations of ϵ4 with cognitive decline are modified by sex, education or health behaviors (exercise, alcohol consumption, smoking). Method: A community-based sample of 1,393 older adults were genotyped for APOE and underwent cognitive assessment up to seven times over a maximum of period of 27 years. Results: ϵ2-carriers showed slower executive function decline with age relative to ϵ3 homozygotes or ϵ4-carriers, whereas ϵ4-carriers demonstrated more rapid executive function and verbal fluency decline. Accelerated executive function decline was particularly pronounced in ϵ4-carriers with lower education. After excluding individuals with cognitive impairment, faster executive function decline was still apparent in ϵ4-carriers, and the effect of ϵ4 on episodic memory interacted with alcohol consumption, such that only ϵ4-carriers who did not drink showed more rapid memory decline than ϵ4 noncarriers. The influence of ϵ4 on cognitive aging did not differ by sex, nor was it modified by smoking or exercise. Conclusions: These findings indicate that the ϵ2 and ϵ4 alleles have differential effects on cognitive aging, and that negative effects of ϵ4 may be partly mitigated by behavioral choices. © 2019 American Psychological Association."
1,0.946774193548387,2018,"Cognitive Function, Memory, and Executive Function","Word-list intrusion errors predict progression to mild cognitive impairment","Objective: Preclinical Alzheimer's disease (AD) defined by a positive AD biomarker in the presence of normal cognition is presumed to precede mild cognitive impairment (MCI). Subtle cognitive deficits and cognitive inefficiencies in preclinical AD may be detected through process and error scores on neuropsychological tests in those at risk for progression to MCI. Method: Cognitively normal participants (n = 525) from the Alzheimer's Disease Neuroimaging Initiative were followed for up to 5 years and classified as either stable normal (n = 305) or progressed to MCI (n = 220). Cox regressions were used to determine whether baseline process scores on the Rey Auditory Verbal Learning Test (AVLT; intrusion errors, learning slope, proactive interference, retroactive interference) predicted progression to MCI and a Clinical Dementia Rating (CDR) score of 1 after considering demographic characteristics, apolipoprotein E ε4 status, cerebrospinal fluid AD biomarkers, ischemia risk, mood, functional difficulty, and standard neuropsychological total test scores for the model. Results: Baseline AVLT intrusion errors predicted progression to MCI (hazard ratio = 1.04, 95% confidence interval 1.01-1.07, p = .008) and improved model fit after the other valuable predictors were already in the model, χ2(df = 1) = 6.330, p = .012. AVLT intrusion errors also predicted progression to CDR = 1 (hazard ratio = 1.10, 95% confidence interval 1.02-1.18, p = .016) and again improved model fit, χ2(df = 1) = 4.682, p = .030. Conclusions: Intrusion errors on the AVLT contribute unique value for predicting progression from normal cognition to MCI and normal cognition to mild dementia (CDR = 1). Intrusion errors appear to reflect subtle change and inefficiencies in cognition that precede impairment detected by neuropsychological total scores. © 2018 American Psychological Association."
1,0.943617021276596,2021,"Cognitive Function, Memory, and Executive Function","Functional reserve: The residual variance in instrumental activities of daily living not explained by brain structure, cognition, and demographics.","Objective: Cognitive reserve is a concept that explains individual differences in resilience to brain pathology and susceptibility to poor late-life cognitive outcomes. We evaluate the analogous concept of “Functional Reserve,” defined as the difference between observed functional abilities and those predicted by brain structure, cognitive performance, and demographics. This study aims to validate the construct of functional reserve by testing its utility in predicting clinical outcomes and exploring its predictors. Method: Longitudinal data collected annually for up to 7 years from 1,084 older adults (ndementia = 163; nMCI = 333; nCN = 523) were analyzed. Functional reserve was operationalized as the residual variance in the Lawton-Brody Instrumental Activities of Daily Living (IADL) Scale after accounting for demographics (sex/gender, race, ethnicity, education), neuropathology (gray matter, hippocampal, and white matter hyperintensity volumes), and cognition (executive function, verbal episodic memory, semantic memory, and spatial function). Structural equation models estimated (a) functional reserve's associations with 7-year changes in clinical diagnosis and disease severity and (b) predictors of functional reserve. Results: Functional reserve was lower in dementia versus cognitively normal individuals. Higher baseline functional reserve was associated with lower concurrent dementia severity and slower clinical progression and attenuated the association of cognition with concurrent dementia severity. Physical function and apathy were the strongest predictors of functional reserve. Conclusions: Results provide preliminary validation of functional reserve for explaining individual differences in susceptibility to IADL dysfunction independent of neuropathology, cognition, and demographics. Physical functioning and apathy are promising modifiable intervention targets to enhance functional reserve in the context of brain atrophy and cognitive decline. (PsycInfo Database Record (c) 2021 APA, all rights reserved) <strong xmlns:lang=""en"">Key Points—Question: Is there a functional analogue to cognitive reserve (“functional reserve”) that explains individual differences in performance of activities of daily living? Findings: Functional reserve is a construct that represents the variance in instrumental activities of daily living performance that is not accounted for by brain variables, cognition, and demographics, and is associated with apathy severity and physical functioning. Importance: This study provides preliminary validation for the construct of functional reserve and a method for evaluating other modifiable factors that influence functional independence despite brain and cognitive changes. Next Steps: Examining how functional reserve changes in parallel with age-related brain and cognitive decline and identifying factors that promote maintenance of functional reserve over time will inform future interventions aimed at helping older adults remain independent. (PsycInfo Database Record (c) 2021 APA, all rights reserved) © 2021 American Psychological Association"
1,0.938068181818182,2016,"Cognitive Function, Memory, and Executive Function","Biomarker validation of a decline in semantic processing in preclinical alzheimer's disease","Objective: Differentially worse performance on category versus letter fluency suggests greater semantic versus retrieval difficulties. This discrepancy, combined with reduced episodic memory, has widespread clinical utility in diagnosing Alzheimer's disease (AD). Our objective was to investigate whether changes in semantic processing, as measured by the discrepancy between category and letter fluency, was detectable in preclinical AD: in clinically normal older adults with abnormal β-amyloid (Aβ) deposition on positron emission tomography (PET) neuroimaging. Method: Clinically normal older adults (mean Mini Mental State Exam (MMSE) score = 29) were classified as Aβ+ (n = 70) or Aβ- (n = 205) using Pittsburgh Compound B-(PET) imaging. Participants completed letter fluency (FAS; word generation to letters F-A-S) and category fluency (CAT; word generation to animals, vegetables, fruits) annually (mean follow-up = 2.42 years). The effect of Aβ status on fluency over time was examined using linear mixed models controlling for age, sex, and education. To dissociate effects related to semantic (CAT) versus retrieval processes (CAT and FAS), we repeated models predicting CAT over time, controlling for FAS and likewise for CAT controlling for FAS. Results: At baseline, the Aβ+ group performed better on FAS compared with the Aβ- group but comparably on CAT. Longitudinally, the Aβ+ group demonstrated greater decline on CAT compared with the Aβ- group (p = .0011). This finding remained significant even when covarying for FAS (p = .0107). Aβ+ participants similarly declined compared with Aβ- participants on FAS (p = .0112), but this effect became insignificant when covarying for CAT (p = .1607). Conclusion: These findings provide biomarker validation for the greater specificity of declines in category versus letter fluency to underlying AD pathology. Our results also suggest that changes in semantic processing occur earlier in the AD trajectory than previously hypothesized."
1,0.936994219653179,2017,"Cognitive Function, Memory, and Executive Function","Cognitive control and associated neural correlates in adults with spina bifida myelomeningocele","Objective: Accelerated aging can occur in adult survivors of neurodevelopmental disorders, but has been narrowly studied in spina bifida myelomeningocele (SBM). Since discrete aspects of cognitive control and related neural network macrostructure deteriorate in normal aging, the specificity and trajectory of cognition and neuropathology incurred across adulthood in SBM were examined. Method: Adults (N = 120) with and without SBM completed working memory span and manipulation tasks, and an inhibitory control task. A subset (n = 53) underwent structural MRI. Effects of group, age, and their interaction on performance and select gray matter volumes were examined. Results: Adults with SBM had significantly poorer working memory accuracy and overall inhibitory control performance than typical peers. Age negatively predicted inhibitory control. Group × Age significantly interacted on span accuracy; advanced age related to diminished performance in typical adults, but not in adults with SBM. SBM related to disproportionately enlarged cortical and putamen and reduced hippocampus volumes. Group × Age significantly interacted on cortical, but not subcortical gray matter volumes. Dorsolateral prefrontal, hippocampus, and putamen volumes negatively correlated with cognitive performance. Conclusions: Supporting previous literature, current findings elucidated a profile of executive impairment in SBM that was maintained in a parallel maturational trajectory to typical aging. Accelerated aging in cognitive control or subcortical gray matter was not supported in SBM. However, reductions in anterior and posterior cortical regions were exacerbated in older adults with SBM compared with typical peers. Overall results supported persistent anomalous neurodevelopmental maturation across the life span in SBM that related to diminished cognitive control. © 2017 American Psychological Association."
1,0.936538461538462,2018,"Cognitive Function, Memory, and Executive Function","Differential 5-year brain atrophy rates in cognitively declining and stable APOE-ε4 elders","Objective: The apolipoprotein E (APOE) ε4 allele is the most important genetic risk factor for late-onset Alzheimer's disease. Many ε4 carriers, however, never develop Alzheimer's disease. The purpose of this study is to characterize the variability in phenotypic expression of the ε4 allele, as measured by the longitudinal trajectory of cognitive test scores and MRI brain volumes, in cognitively intact elders. Method: Healthy older adults, ages 65-85, participated in a 5-year longitudinal study that included structural MRI and cognitive testing administered at baseline and at 1.5 and 5 years postenrollment. Participants included 22 ε4 noncarriers, 15 ε4 carriers who experienced a decline in cognition over the 5-year interval, and 11 ε4 carriers who remained cognitively stable. Results: No baseline cognitive or volumetric group differences were observed. Compared to noncarriers, declining ε4 carriers had significantly greater rates of atrophy in left (p = .001, Cohen's d = .691) and right (p = .003, d = .622) cortical gray matter, left (p = .003, d = .625) and right (p = .020, d = .492) hippocampi, and greater expansion of the right inferior lateral ventricle (p < .001, d = .751) over 5 years. Conclusions: This study illustrates the variability in phenotypic expression of the ε4 allele related to neurodegeneration. Specifically, only those individuals who exhibited longitudinal declines in cognitive function experienced concomitant changes in brain volume. Future research is needed to better understand the biological and lifestyle factors that may influence the expression of the ε4 allele. © 2018 American Psychological Association."
1,0.935971223021583,2022,"Cognitive Function, Memory, and Executive Function","The Incremental Validity of Primacy as a Predictor of Everyday Functioning","Objective: Verbal memory is a predictor of later functional deficits. However, it is unclear if a specific aspect of immediate free-recall is driving this relationship. Serial position effects (i.e., relationship between aword’s placement on a word-list and its likelihood of being recalled) have been shown to predict conversionfrom mild cognitive impairment (MCI) to Alzheimer’s disease (AD). The goal of this study was to determineif serial position effects predict functioning 10-year postbaseline when controlling for demographicvariables and total cognitive scores. Method: Data from 2,802 participants in the Advanced CognitiveTraining for Independent and Vital Elderly trial were examined to predict subjective (i.e., Minimum DataSet Home Care questionnaire subscales) and performance-based (i.e., Observed Tasks of Daily Living andEveryday Problems Test) functioning 10-year postbaseline. Multilevel modeling was used to examine theassociation between functioning 10-year postbaseline and scores at baseline. Results: Primacy performancedemonstrated the most consistent associations with overall subjective and performance-based functioningmeasures 10-year postbaseline. Specifically, higher primacy performance was associated with less declinein subjective and performance-based functioning over time, particularly when primacy was analyzed fromthe Rey Auditory Verbal Learning Test. Fewer associations were found between middle and recency scoreswith subjective and performance-based functioning measures. Conclusion: The present study suggests thatserial position effects predict future subjective and performance-based functional changes, beyonddemographic information and global cognition. The study adds to a growing literature about the relativeimportance of primacy, especially in the prediction of functional changes © 2021 American Psychological Association"
1,0.93594470046083,2024,"Cognitive Function, Memory, and Executive Function","Association Between Neuropsychological Assessment and Amyloid Status in a Clinical Setting","Objective: Large research cohorts show robust associations between neuropsychological tests and Alzheimer’s disease (AD) biomarkers, but studies in clinical settings are limited. The increasing availability of AD biomarkers to the practicing clinician makes it important to understand the relationship between comprehensive clinical neuropsychological assessment and biomarker status. This study examined concordance between practicing clinical neuropsychologists’ diagnostic impressions and AD biomarker status in patients seen at an outpatient medical center, with a secondary aim of defining the characteristics of discordant cases. Method: Participants (N = 79) seen for clinical neuropsychological assessment who subsequently underwent lumbar puncture or amyloid positron emission tomography imaging were identified via retrospective chart review. Concordance between clinical neuropsychological diagnosis (non-AD, indeterminate, possible/probable AD) and AD biomarker status (negative, indeterminate, positive) was determined. Individual test score data were used to examine between-group differences based on amyloid status. Results: AD biomarker positive and negative patients did not differ on individual neuropsychological tests after correcting for multiple comparisons, though the small number of AD biomarker indeterminate individuals performed better than biomarker positive patients. However, there was 76.7% concordance between neuropsychologists’ diagnostic impressions and AD biomarker status (88% sensitivity and 55% specificity of neuropsychological assessment in detecting AD biomarker status). AD biomarker negative patients diagnosed as possible/probable AD (discordant) versus non-AD (concordant) had significantly lower Neuropsychological Assessment Battery Story Delayed Recall, higher Wechsler Adult Intelligence Scale–Fourth Edition Coding, and higher Trail-Making A (i.e., an amnestic memory profile). Conclusions: Comprehensive neuropsychological assessment showed modest concordance with AD biomarker status in patients seen in an outpatient medical center for routine clinical care. Low specificity for the clinical diagnosis of AD could be explained by the multiplicity of etiologies that cause memory impairment (i.e., TAR DNA-binding protein 43, suspected non-AD pathology). © 2024 American Psychological Association"
1,0.935164835164835,2016,"Cognitive Function, Memory, and Executive Function","Distinguishing alzheimer's disease and dementia with lewy bodies using cognitive and olfactory measures","Objective: Given poor sensitivity of the diagnostic criteria in identifying dementia with Lewy bodies (DLB), the use of cognitive and olfactory measures to distinguish Alzheimer's disease (AD) from DLB was assessed. Method: Twenty-six patients with DLB and 60 patients with AD were administered several cognitive measures and the Brief Smell Identification Task (BSIT). Result: Patients with DLB performed significantly worse on the BSIT and visuoconstruction tasks than patients with AD, but significantly better on delayed recall of a word list. Sensitivity and specificity of these measures in identifying DLB are presented for each of these tasks alone and in combination. The best balance of sensitivity and specificity was found with a combination of the Hopkins Verbal Learning Test and BSIT (81% sensitivity, 90% specificity). Conclusions: These data have practical implications by providing cut scores than can be used to emphasize either specificity or sensitivity in identifying patients with DLB. © 2015 American Psychological Association."
1,0.934,2017,"Cognitive Function, Memory, and Executive Function","Dual tasking in Parkinson's disease: Cognitive consequences while walking","Objective: Cognitive deficits are common in Parkinson's disease (PD) and exacerbate the functional limitations imposed by PD's hallmark motor symptoms, including impairments in walking. Though much research has addressed the effect of dual cognitive-locomotor tasks on walking, less is known about their effect on cognition. The purpose of this study was to investigate the relation between gait and executive function, with the hypothesis that dual tasking would exacerbate cognitive vulnerabilities in PD as well as being associated with gait disturbances. Method: Nineteen individuals with mild-moderate PD without dementia and 13 age- and education-matched normal control adults (NC) participated. Executive function (set-shifting) and walking were assessed singly and during dual tasking. Results: Dual tasking had a significant effect on cognition (reduced set-shifting) and on walking (speed, stride length) for both PD and NC, and also on stride frequency for PD only. The impact of dual tasking on walking speed and stride frequency was significantly greater for PD than NC. Though the group by condition interaction was not significant, PD had fewer set-shifts than NC on dual task. Further, relative to NC, PD showed significantly greater variability in cognitive performance under dual tasking, whereas variability in motor performance remained unaffected by dual tasking. Conclusions: Dual tasking had a significantly greater effect in PD than in NC on cognition as well as on walking. The results suggest that assessment and treatment of PD should consider the cognitive as well as the gait components of PD-related deficits under dual-task conditions. © 2017 American Psychological Association."
1,0.930452674897119,2020,"Cognitive Function, Memory, and Executive Function","Sex-related differences in the relationship between β-amyloid and cognitive trajectories in older adults.","Objective: We aimed to test the hypothesis that elevated neocortical β-amyloid (Aβ), a hallmark feature of Alzheimer’s disease (AD), predicts sex-specific cognitive trajectories in clinically normal older adults, with women showing greater risk of decline than men. Method: Florbetapir Aβ positron emission tomography (PET) was acquired in 149 clinically normal older adults (52% female, M<inf>age</inf> = 74). Participants underwent cognitive testing at baseline and during annual follow-up visits over a timespan of up to 5.14 years. Mixed-effects regression models evaluated whether relations between baseline neocortical Standardized Uptake Value Ratio (SUVR) and composite scores of episodic memory, executive functioning, and processing speed were moderated by sex (male/female) and apolipoprotein E (APOE) status (ε4 carrier/noncarrier). Results: Higher baseline SUVR was associated with longitudinal decline in episodic memory in women (b = −1.32, p < .001) but not men (b = −0.30, p = .28). Female APOE ε4 carriers with elevated SUVR showed particularly precipitous declines in episodic memory (b = −4.33, p < .001) whereas other cognitive domains were spared. SUVR did not predict changes in executive functioning or processing speed, regardless of sex (ps >.63), though there was a main effect of SUVR on processing speed (b = 2.50, p = .003). Conclusions: Clinically normal women with elevated Aβ are more vulnerable to episodic memory decline than men. Understanding sex-related differences in AD, particularly in preclinical stages, is crucial for guiding precision medicine approaches to early detection and intervention. (PsycInfo Database Record (c) 2020 APA, all rights reserved)Key Points—Question: This study evaluated whether older men and women are differentially susceptible to cognitive decline in very early, presymptomatic stages of the Alzheimer’s disease (AD) continuum. Findings: Our results indicated that clinically normal women with elevated β-amyloid (a protein associated with AD that accumulates in the brain) show significantly greater rates of memory decline over time compared with men, especially when they carry the apolipoprotein E (APOE) ε4 allele (a genetic risk factor for AD). Importance: These findings suggest that women are particularly vulnerable to memory changes in early stages of AD and may help to improve early diagnosis and intervention efforts. Next Steps: Future work should investigate biological (e.g., hormonal, immunological, and cardiovascular), sociocultural (e.g., educational and occupational disparities), and other factors that may help to explain why women are disproportionately at risk for early AD-related cognitive changes. (PsycInfo Database Record (c) 2020 APA, all rights reserved) © 2020 American Psychological Association"
1,0.929787234042553,2022,"Cognitive Function, Memory, and Executive Function","Cognitive Intraindividual Variability as a Potential Biomarker for Early Detection of Cognitive and Functional Decline","Objective: Intraindividual variability (IIV) in cognitive performance has been associated with cognitive decline and reductions in white matter integrity, but the predictive utility of IIV-between versus IIV-within domains is unknown. The present study aimed to determine if IIV-within a “frontal–subcortical” domain may be a more robust predictor of changes in general cognitive status and functional independence over time than IIV-between cognitive domains. Method: Mixed linear modeling was used to analyze the relationship between cognitive IIV and cognitive and functional status in 651 controls, 211 people with mild cognitive impairment, and 218 people with Alzheimer’s disease over a 5-year period. Results: Both IIV-between and IIV-within a frontal–subcortical domain improved prediction of cognitive and functional declines beyond demographic characteristics, genetic risk, and vascular integrity. IIV-between showed the greatest effect over time and was driven primarily by increases in IIV-within. Conclusions: Cognitive IIV, especially between cognitive domains, may be useful for identifying individuals at risk for cognitive and functional decline. Findings may facilitate investigations into mechanisms underlying declines in global cerebral integrity and aid clinical trials aimed at early detection and treatment. © 2022 American Psychological Association"
1,0.923668639053254,2019,"Cognitive Function, Memory, and Executive Function","Multimethod assessment of everyday functioning and memory abilities in Parkinson's disease","Objective: This study compared functional abilities in individuals with Parkinson's disease (PD) with normal cognition (PD-CN) and mild cognitive impairment (PD-MCI) using multiple assessment methods. Cognitive and physical correlates were also examined. Method: Participants were 42 nondemented individuals with PD (24 PD-CN, 18 PD-MCI) and 42 age-matched healthy controls. Functional abilities were assessed through direct observation and self- and informant-report questionnaires. Participants were administered an activity-based memory paradigm that assessed prospective, content, and temporal order memory as well as a test of mobility. Results: Compared to the PD-CN and healthy control groups, participants with PD-MCI performed significantly worse on directly observed everyday activities, self-and informant-reports of instrumental activities of daily living (IADLs), and self-report of everyday activities requiring physical capacity. No significant differences were observed between PD-CN and healthy controls. Among participants with PD, content memory correlated with all of the functional outcome measures, temporal order memory correlated with self-reported IADLs, and physical mobility correlated with self-reported physical capacity and content memory. Conclusions: The results indicated that PD-MCI is associated with decreased ability to perform everyday activities. Reduced ability to correctly recall and sequence activities may contribute to lower functional abilities on IADLs, whereas noncognitive factors (i.e., mobility) may become more salient when the everyday task requires physical capacity. © 2018 American Psychological Association."
1,0.922754491017964,2016,"Cognitive Function, Memory, and Executive Function","Gray matter integrity within regions of the dorsolateral prefrontal cortical-subcortical network predicts executive function and fine motor dexterity in spina bifida","Objectives: This study examined microstructural properties of cortical and subcortical gray matter components of the dorsolateral prefrontal (DLPFC) cortical-subcortical circuit in relation to parent-rated executive function and fine motor dexterity performance in youth with spina bifida myelomeningocele (SBM). Aberrant gray matter integrity of the DLPFC, basal ganglia nuclei, and thalamus were hypothesized to differentially relate to neurobehavioral outcomes. Methods: Forty-nine youth between 8 and 18 years (M 12.34) old with SBM underwent a 3T MRI including diffusion tensor imaging. Neurobehavioral measures of parent-rated executive function and fine motor dexterity were obtained from a standardized neuropsychological evaluation. Relations among indices of gray matter microstructural integrity (mean diffusivity [MD], fractional anisotropy [FA], cortical thickness) and neurobehavior were examined using 3 correlational methods to enhance reliability of brain-behavior relations. Results: In SBM, higher FA values in the caudate were associated with poorer behavioral regulation. Higher FA values in the putamen and greater DLPFC thickness were both associated with poorer fine motor dexterity. Conclusion: Behavioral regulation and FA in the caudate related to behavioral inhibition in SBM. Similarly, associations between fine motor dexterity and indices of gray matter integrity in the putamen and DLPFC support fronto-striatal involvement in motor control in SBM. Examination of these neurobehavioral correlates revealed a pattern of attenuated behavioral impairments when gray matter structure was more similar to that of typically developing youth. © 2016 American Psychological Association."
1,0.922173913043478,2021,"Cognitive Function, Memory, and Executive Function","Performance validity and symptom validity tests: Are they measuring different constructs?","Objective: To evaluate the relationships among performance validity, symptom validity, symptom self-report, and objective cognitive testing. Method: Combat Veterans (N = 338) completed a neurocognitive assessment battery and several self-report symptom measures assessing depression, posttraumatic stress disorder (PTSD) symptoms, sleep quality, pain interference, and neurobehavioral complaints. All participants also completed two performance validity tests (PVTs) and one stand-alone symptom validity test (SVT) along with two embedded SVTs. Results: Results of an exploratory factor analysis revealed a three-factor solution: performance validity, cognitive performance, and symptom report (SVTs loaded on the third factor). Results of t tests demonstrated that participants who failed PVTs displayed significantly more severe symptoms and significantly worse performance on most measures of neurocognitive functioning compared to those who passed. Participants who failed a stand-alone SVT also reported significantly more severe symptomatology on all symptom report measures, but the pattern of cognitive performance differed based on the selected SVT cutoff. Multiple linear regressions revealed that both SVT and PVT failure explained unique variance in symptom report, but only PVT failure significantly predicted cognitive performance. Conclusions: Performance and symptom validity tests measure distinct but related constructs. SVTs and PVTs are significantly related to both cognitive performance and symptom report; however, the relationship between symptom validity and symptom report is strongest. SVTs are also differentially related to cognitive performance and symptom report based on the utilized cutoff score. (PsycInfo Database Record (c) 2021 APA, all rights reserved) Question: Are performance validity tests (PVTs) and symptom validity tests (SVT) measuring different constructs, and are they differentially related to cognition and clinical symptoms? Findings: Symptom validity and performance validity are distinct but related constructs, and both are associated with cognitive performance and with symptom self-report. Importance: A comprehensive neuropsychological assessment battery should include both SVT and PVTs because they provide unique information about an examinee’s performance. Next Steps: Further evaluation of specific symptom validity measures is necessary to assess distinct differences between symptom validity and symptom self-report, as well as to determine whether higher cutoffs would be more appropriate for various populations, such as combat-exposed Veterans. (PsycInfo Database Record (c) 2021 APA, all rights reserved) © 2021"
1,0.921341463414634,2017,"Cognitive Function, Memory, and Executive Function","Cognitive processing speed mediates the effects of cardiovascular disease on executive functioning","Objective: The goal of this study was to examine the hypothesized mediating role of cognitive processing speed (CPS) in the relationship between cardiovascular disease (CVD) and executive functioning (EF). We investigated whether the processing-speed hypothesis in aging also explains the unique contribution that CPS may have to EF deficits in CVD patients. Method: A neuropsychological assessment, including multiple measures of CPS and EF, was administered to 21 older adults with a history of CVD and 73 older adults with no history of CVD. Structural equation models were used to measure the indirect associations between CVD and 6 EF task outcomes through a CPS factor. Competing indirect links were assessed using the product-of-coefficients (α * β) approach with bias-corrected bootstrap confidence intervals. Results: CVD was significantly, negatively related to CPS (β = .239, 95% CI [- .457, -021]). CPS was significantly, positively related to an EF composite score (β .566, 95% CI [.368, .688]). CVD was significantly, negatively related to the EF composite score (β -137, 95% CI [-084, -211]). The indirect links from CVD to the individual measures of the EF composite score via CPS were all significant. CVD most adversely affected tasks of cognitive flexibility and inhibition indirectly through CPS. Conclusion: With the present study, we have demonstrated that the processingspeed hypothesis in aging extends to older adult patients with CVD. Reduced CPS significantly underlies the link between CVD status and poorer EF. Individuals with CVD demonstrated poorer CPS and EF than those without CVD, and CPS was specifically implicated as a CVD-related mechanism leading to worse EF. © 2016 American Psychological Association."
1,0.91981981981982,2021,"Cognitive Function, Memory, and Executive Function","Undetected Neurodegenerative Disease Biases Estimates of Cognitive Change in Older Adults","Neurodegenerative disease is highly prevalent among older adults and, if undetected, may obscure estimates of cognitive change among aging samples. Our aim in this study was to determine the nature and magnitude of cognitive change in the absence of common neuropathologic markers of neurodegenerative disease. Cognitively normal older adults (ages 65–89 years, N = 199) were classified as normal or abnormal using neuroimaging and cerebrospinal-fluid biomarkers of β-amyloid, tau, and neurodegeneration. When cognitive change was modeled without accounting for biomarker status, significant decline was evident for semantic memory, processing speed, and working memory. However, after adjusting for biomarker status, we found that the rate of change was attenuated and that the biomarker-normal group demonstrated no decline for any cognitive domain. These results indicate that estimates of cognitive change in otherwise healthy older adults will be biased toward decline when the presence of early neurodegenerative disease is not accounted for. © The Author(s) 2021."
1,0.913664596273292,2017,"Cognitive Function, Memory, and Executive Function","Triglycerides are negatively correlated with cognitive function in nondemented aging adults","Objective: Vascular risk factors like hyperlipidemia may adversely affect brain function. We hypothesized that increased serum triglycerides are associated with decreased executive function and memory in nondemented elderly subjects. We also researched possible vascular mediators and white matter microstructure as assessed with diffusion tensor imaging (DTI). Design/Method: Participants were 251 nondemented elderly adults (54% male) with a mean age of 78 (SD 6.4; range: 62-94) years and a mean education of 15.6 (SD = 2.9; range: 8-23) years. Fasting blood samples were used to detect serum triglyceride and low-density lipoprotein (LDL) levels along with ApoE4 status. DTI was used to determine whole brain fractional anisotropy (FA). Composite executive and memory scores were derived from item response theory. Clinical Dementia Rating (CDR) scores provided informant-based measures of daily functioning. Results: Triglyceride levels were inversely correlated with executive function, but there was no relationship with memory. Controlling for age, gender, and education did not affect this correlation. This relationship persisted after controlling for vascular risk factors like LDL, total choles-terol, CDR and ApoE4 status. Lastly, adding whole-brain FA to the model did not affect the correlation between triglycerides and executive function. Conclusion: Triglyceride levels are inversely correlated with executive function in nondemented elderly adults after controlling for age, education, gender, total cholesterol, LDL, ApoE4 status, CDR, and white-matter microstructure. The fact that the effect of triglycerides on cognition was not clearly mediated by vascular risks or cerebrovascular injury raises questions about widely held assumptions of how triglycerides might impact cognition function. © 2017 American Psychological Association."
1,0.913114754098361,2019,"Cognitive Function, Memory, and Executive Function","The impact of PTSD and mTBI on the relationship between subjective and objective cognitive deficits in combat-exposed veterans","Objective: Cognitive complaints, such as attentional or memory concerns, are commonly reported by veterans diagnosed with posttraumatic stress disorder (PTSD) or a history of mild traumatic brain injury (mTBI). The degree to which those complaints actually map onto measurable cognitive deficits is unclear and is likely complicated by the severity of trauma-related sequelae. In the present study we sought to characterize the degree to which PTSD symptoms and mTBI accounted for the relationship of subjective cognitive complaints to objective cognitive performance, with the goal of facilitating the accurate assessment of trauma-exposed veterans complaining of cognitive decline. Method: A sample of 203 U.S. military veterans previously deployed to Iraq and/or Afghanistan were assessed for PTSD severity, history of blast and impact mTBI, objective cognitive function, and subjective cognitive complaints. Separate mediation analyses were conducted to explore the degree that PTSD severity, blast mTBI severity, and impact mTBI severity influenced the association between subjective cognitive complaints and objective cognitive performance. Models reflecting significant mediation were followed by post hoc moderated mediation analyses. Results: Subjective cognitive complaints and objective cognitive performance were significantly associated (β =-6.49, SE = 2.85, p = .03), but this relationship was mediated by PTSD severity (β =-2.95, SE = 2.86, p = .30). PTSD mediation was not moderated by either blast or impact mTBI. Conclusion: The present results delineate the prominent impact of PTSD symptoms, relative to blast and impact mTBI, on cognition following combat. These findings highlight the importance of assessing for trauma-related psychopathology in those seeking neuropsychological assessment or rehabilitative care for cognitive complaints. © 2019 American Psychological Association."
1,0.910674157303371,2020,"Cognitive Function, Memory, and Executive Function","Blast Concussion and Posttraumatic Stress as Predictors of Postcombat Neuropsychological Functioning in OEF/OIF/OND Veterans","Objectives: Many combat veterans exhibit cognitive limitations of uncertain origin. In this study, we examined factors that predict cognitive functioning by considering effects of blast-related concussion (BRC), non-blast-related concussion (NBRC), and posttraumatic stress disorder (PTSD) symptoms. Analyses specifically tested whether (a) BRC and NBRC were distinct in their prediction of cognitive performance; (b) a dose-response relationship existed between recurrent concussion (BRC and NBRC) and cognitive impairment; and (c) PTSD symptoms mediated the relationship between BRC and cognitive performance. Method: Two hundred eighty veterans with combat zone deployment histories completed semistructured clinical interviews to define BRC and NBRC histories, current and past mental health disorders, and dimensional ratings of PTSD symptomatology. Participants were also administered a number of neuropsychological measures to appraise cognitive functioning. Results: A structural equation model (SEM) suggested that BRC and NBRC were not distinct in their prediction of cognitive performance, and there was no evidence that recurrent concussion (blast or nonblast) was directly associated with cognitive performance. BRC was significantly associated with PTSD symptoms (r=.24), PTSD symptoms were significantly associated with cognitive performance in the SEM (r=-.27), and PTSD symptoms significantly mediated the link between BRC and cognitive performance (p=.03). Conclusions: These results suggest that concussion history fails to directly contribute to cognitive performance, regardless of mechanism (blast or nonblast) and recurrence. BRC is nonetheless unique in its contribution to PTSD and PTSD-related cognitive deficits. Results support interventions specific to PTSD management in the interest of promoting neuropsychological functioning among war veterans. © 2019 Global Alliance for Behavioral Health and Social Justice"
1,0.90969696969697,2022,"Cognitive Function, Memory, and Executive Function","18F-Fluorodeoxyglucose-Positron Emission Tomography Findings Are Not Related to Cognitive Functioning in Service Members With Remote History of Mild Traumatic Brain Injury","Objective: Determine whether glucose uptake as measured by 18F-fluorodeoxyglucose-positron emission tomography (FDG-PET) imaging is associated with cognitive performance and cognitive deficits in active duty service members with a history of mild traumatic brain injury (mTBI). Method: 287 patients with a history of mTBI underwent FDG-PET scans at rest and neuropsychological testing at the National Intrepid Center of Excellence atWalter Reed NationalMilitary Medical Center. Glucose uptake in the bilateral frontal, parietal, occipital, and temporal lobes, and 58 cortical/cerebellar regions were correlated with seven neuropsychological composite scores, with and without relevant covariates. Results: Perceptual reasoning correlated with bilateral hippocampi glucose uptake (rs =.141–.165, p <.03), processing speed was inversely related to glucose uptake in the left temporal lobe (r = −.134, p =.034), and working memory was related to glucose uptake in the left parietal, temporal, and occipital lobes (rs =.128–.140, p <.05); however, these findings did not survive correction for multiple comparisons. Partial correlations between cognition and the 56 cortical/cerebellar regions of interests were not significant after correction for multiple comparisons. Glucose uptake in the left hippocampus was inversely related to the likelihood of cognitive deficits (OR =.745, p =.041); however, this did not survive correction for multiple comparisons. Conclusions: After correction for multiple comparisons, there was no significant relationship between regional glucose uptake and neurocognitive performance or cognitive deficits. Glucose uptake as measured by FDG-PET is not indicative of cognitive performance in active duty service members with a remote history of mTBI. © 2023,Neuropsychology.All Rights Reserved."
1,0.907650273224044,2023,"Cognitive Function, Memory, and Executive Function","Error Monitoring in Amnestic Mild Cognitive Impairment: Cognitive Correlates and Relationship to Measures of Everyday Function","Objective: Accurate error monitoring is important for successful completion of everyday tasks and compensatory strategy use. This study examined how error awareness is impacted in amnestic mild cognitive impairment (aMCI) compared to cognitively healthy older adults (HOA). Cognitive correlates of error monitoring and relation to objective and self-reported measurement of everyday function were also evaluated. Method: Twenty-four individuals with aMCI and 24 cognitively HOAs completed standardized cognitive measures (domains: attention, working memory, executive functioning, memory, language, visuospatial abilities); a computerized go-no-go paradigm task that evaluated error monitoring; a naturalistic, performancebased measure of everyday functioning (day-out-task; DOT); and self- and informant-report measures of everyday dysexecutive difficulties (DEX). Results: Participants with aMCI demonstrated significantly poorer error monitoring as compared to the HOA group (Cohen’s d = 1.02). Working memory and executive functioning were significantly related to error monitoring for both groups. After accounting for age and global cognitive status, hierarchical regressions revealed error monitoring significantly predicted DOT total time (but not accuracy) as well as both self- and informant-report DEX scores. Conclusions: Compared to HOAs, individuals with aMCI exhibited poorer conscious error awareness. Better error monitoring was associated with higher working memory and executive functioning abilities and predicted better everyday functioning. If individuals with aMCI experience difficulties recognizing performance inaccuracies, they will be unable to correct their errors, leading to mistakes in everyday task completion and difficulty implementing appropriate compensatory strategies. Findings suggest that error monitoring may be a potential target for intervention with individuals with aMCI. © 2023 American Psychological Associatio"
1,0.907017543859649,2019,"Cognitive Function, Memory, and Executive Function","Functional connectivity within lateral posterior parietal cortex in moderate to severe traumatic brain injury","Objective: Functional brain networks converge on areas of heteromodal processing such as lateral posterior parietal cortex (PPC). Traumatic brain injury (TBI) alters global connectivity patterns secondary to both focal and diffuse damage, but little is known about how it impacts regional environments. We examined local PPC functioning in individuals with moderate-severe TBI and controls during restingstate functional magnetic resonance imaging (rs-fMRI). Method: Eighteen individuals with moderatesevere TBI and 19 healthy controls underwent rs-fMRI and neurocognitive testing. Seed-based analyses characterized remote connectivity of PPC subregions. Voxelwise graph theoretical approaches were used to probe local PPC connectivity and modularity within and between groups, and to examine relationships between local functioning and cognition. Results: Seed-based findings included increased connectivity from left and right hemispheric subregions to right-lateralized default mode and frontoparietal control networks in TBI compared to controls. Graph theoretical analyses revealed increased connection strength within right PPC relative to the contralateral region in TBI. Across groups, right PPC also showed decreased betweenness centrality compared with left PPC. Groups did not differ in the extent of modularity within left or right PPC, but there was less interindividual variability in modular structure within the TBI group. Right PPC modularity significantly predicted individual differences in cognitive performance. Conclusions: Our findings substantiate hyperconnectivity on both local and global levels after TBI and propose a special role for local right hemispheric functioning in supporting cognition independent of neurologic status. Hyperconnectivity does not appear to result from breakdown in local modular organization and may reflect shared responses to neurologic disruption among those with TBI. © 2019 American Psychological Association."
2,0.996715328467153,2020,"Statistical Modeling and Measurement Methods","Evaluation of heterogeneity and heterogeneity interval estimators in random-effects meta-analysis of the standardized mean difference in education and psychology.","Meta-analyses are conducted to synthesize the quantitative results of related studies. The random-effects meta-analysis model is based on the assumption that a distribution of true effects exists in the population. This distribution is often assumed to be normal with a mean and variance. The population variance, also called heterogeneity, can be estimated numerous ways. Research exists comparing subsets of heterogeneity estimators over limited conditions. Additionally, heterogeneity is a parameter estimated with uncertainty. Various methods exist for heterogeneity interval estimation, and similar to heterogeneity estimators, these evaluations are limited. The current simulation study examined the performance of Bayesian (with 5 prior specifications) and non-Bayesian estimators over conditions found after a review of meta-analyses of the standardized mean difference in education and psychology research. Three simulation conditions were varied: (a) number of effect sizes per meta-analysis, (b) true heterogeneity, and (c) sample size per effect size within each meta-analysis. Estimators were evaluated over average bias and means square error. Methods of interval estimation were then evaluated with the estimators found to operate optimally. Interval estimators were evaluated based on coverage probability, interval width, and coverage of the estimated value. Overall, the Paule and Mandel estimator, in conjunction with the Jackson method of interval estimation, is recommended if no knowledge exists with regards to the expected value of heterogeneity when synthesizing the standardized mean difference effect size. If heterogeneity is expected to be small (e.g., < .075), then REML with the profile likelihood interval estimator is recommended. Sensitivity analysis evaluating differences in substantive conclusions with a suite of heterogeneity estimators, such as Paule and Mandel, REML, and Hedges and Olkin, is recommended. (PsycInfo Database Record (c) 2020 APA, all rights reserved) Translational Abstract—The random-effects meta-analysis model is based on the assumption that a distribution of true effects exists in the population, often assumed normal. The population variance, also called heterogeneity, and its interval can be estimated numerous ways. We compared 16 estimators of heterogeneity (Bayesian and non-Bayesian) with regard to bias and mean square error and associated heterogeneity interval estimators with regard to coverage and interval width over a broad set of conditions found in educational and psychological meta-analyses of the standardized mean difference. Three conditions were varied: (a) number of effect sizes per meta-analysis, (b) true heterogeneity, and (c) sample size per effect size within each meta-analysis. No estimator was uniformly superior, but without knowledge of heterogeneity the Paule and Mandel estimator with its interval estimated using the Jackson method are recommended for combined use when synthesizing the standardized mean difference effect size. Sensitivity analysis evaluating differences in substantive conclusions with a suite of heterogeneity estimators, such as Paule and Mandel, restricted maximum likelihood, and Hedges and Olkin, is recommended. (PsycInfo Database Record (c) 2020 APA, all rights reserved) © 2019 American Psychological Association"
2,0.996186440677966,2020,"Statistical Modeling and Measurement Methods","Adapting fit indices for Bayesian structural equation modeling: Comparison to maximum likelihood.","In a frequentist framework, the exact fit of a structural equation model (SEM) is typically evaluated with the chi-square test and at least one index of approximate fit. Current Bayesian SEM (BSEM) software provides one measure of overall fit: the posterior predictive p value (PPP χ2 ). Because of the noted limitations of PPP χ2, common practice for evaluating Bayesian model fit instead focuses on model comparison, using information criteria or Bayes factors. Fit indices developed under maximum-likelihood estimation have not been incorporated into software for BSEM. We propose adapting 7 chi-square-based approximate fit indices for BSEM, using a Bayesian analog of the chi-square model-fit statistic. Simulation results show that the sampling distributions of the posterior means of these fit indices are similar to their frequentist counterparts across sample sizes, model types, and levels of misspecification when BSEMs are estimated with noninformative priors. The proposed fit indices therefore allow overall model-fit evaluation using familiar metrics of the original indices, with an accompanying interval to quantify their uncertainty. Illustrative examples with real data raise some important issues about the proposed fit indices’ application to models specified with informative priors, when Bayesian and frequentist estimation methods might not yield similar results. (PsycINFO Database Record (c) 2020 APA, all rights reserved) Translational Abstract—As Bayesian structural equation modeling (BSEM) has become more accessible with user-friendly software, there is still a need to research and present BSEM in a familiar setting for applied researchers. A basic step of SEM is the test of model fit, which in frequentist SEM is done with an exact fit chi-square test and at least one index of approximate fit. However, current BSEM model fit testing is limited. For this reason, the present study develops and tests 7 chi-square-based approximate fit indices (RMSEA, Gamma-Hat, adjusted-Gamma-Hat, Mc, CFI, TLI, NFI) for BSEM. These approximate fit indices are shown to be in the same metric as the frequentist counterparts, which allows one to have the same familiar interpretation of model-fit evaluation. The proposed BSEM approximate fit indices have an added advantage over their frequentist counterparts in that they allow quantifying uncertainty for each one with the posterior standard deviation and credible interval. (PsycINFO Database Record (c) 2020 APA, all rights reserved) © 2019 American Psychological Association American Psychological Association"
2,0.995384615384615,2024,"Statistical Modeling and Measurement Methods","Are factor scores measurement invariant?","There has been increased interest in practical methods for integrative analysis of data from multiple studies or samples, and using factor scores to represent constructs has become a popular and practical alternative to latent variable models with all individual items. Although researchers are aware that scores representing the same construct should be on a similar metric across samples—namely they should be measurement invariant—for integrative data analysis, the methodological literature is unclear whether factor scores would satisfy such a requirement. In this note, we show that even when researchers successfully calibrate the latent factors to the same metric across samples, factor scores—which are estimates of the latent factors but not the factors themselves—may not be measurement invariant. Specifically, we prove that factor scores computed based on the popular regression method are generally not measurement invariant. Surprisingly, such scores can be noninvariant even when the items are invariant. We also demonstrate that our conclusions generalize to similar shrinkage scores in item response models for discrete items, namely the expected a posteriori scores and the maximum a posteriori scores. Researchers should be cautious in directly using factor scores for cross-sample analyses, even when such scores are obtained from measurement models that account for noninvariance. (PsycInfo Database Record (c) 2024 APA, all rights reserved) There has been increased interest in pooling data from multiple studies or samples for integrative analysis. Because test instruments from different studies may measure psychological constructs in different ways, previous research has recommended performing measurement invariance analyses to account for potential measurement bias across studies and then representing each participant’s construct level using the so-called factor scores. However, while measurement invariance analyses can account for measurement bias, the present article demonstrates that bias may still be present in subsequently computed scores, and using such scores can lead to incorrect statistical conclusions. We caution researchers in directly using factor scores for cross-study analyses and present a remedy that can alleviate such biases in factor scores. (PsycInfo Database Record (c) 2024 APA, all rights reserved) © 2024 American Psychological Association"
2,0.995384615384615,2021,"Statistical Modeling and Measurement Methods","Interval estimation procedures for true scores of a test composed of polytomous items: An application of the multinomial error model.","When a person takes alternative forms of the same test across replications of the testing procedure, the test taker’s observed scores on the alternative forms are rarely identical. In educational and psychological measurement, inconsistencies in a test taker’s scores that are irrelevant to the construct being measured are attributed to errors of measurement. Typically, errors of measurement are summarized as the standard deviation of a test taker’s observed scores over replication of the same testing procedure. Assuming that errors of measurement follow a multinomial distribution (i.e., multinomial error model), the main goal of this study was to propose two interval estimation procedures, which are referred to as the score-like and Perks procedures, for true scores of a test with polytomous items. The performance of the score-like and Perks procedures was compared with that of two normal approximation procedures under the multinomial error model and a procedure based on item response theory (IRT) through simulation. In general, the score-like and Perks procedures outperformed the other three procedures when data were generated under the multinomial error theory framework and showed reasonable results when data were generated under the IRT framework. Translational Abstract—No matter how carefully a test is developed, a variety of sources other than a person’s proficiency level (true score) can cause the person’s test scores on alternative forms to vary. In educational and psychological measurement, these sources are referred to as errors of measurement. Due to measurement errors, a test score only gives a snapshot of a person’s performance at a single point of time. Therefore, it is important to make decisions that have real life consequences for test takers on a range of plausible true scores (interval) rather than on the basis of a single observed score. Given the increasing use of polytomous items in assessment practices, two interval estimation procedures for true summed scores of a test with polytomous items were proposed. The performance of the two proposed intervals was evaluated using simulated and real data. (PsycInfo Database Record (c) 2021 APA, all rights reserved) © 2020 American Psychological Association"
2,0.994375,2023,"Statistical Modeling and Measurement Methods","Adjusting for Measurement Noninvariance with Alignment in Growth Modeling","Longitudinal measurement invariance—the consistency of measurement in data collected over time—is a prerequisite for any meaningful inferences of growth patterns. When one or more items measuring the construct of interest show noninvariant measurement properties over time, it leads to biased parameter estimates and inferences on the growth parameters. In this paper, I extend the recently developed alignment-within-confirmatory factor analysis (AwC) technique to adjust for measurement biases for growth models. The proposed AwC method does not require a priori knowledge of noninvariant items and the iterative searching of noninvariant items in typical longitudinal measurement invariance research. Results of a Monte Carlo simulation study comparing AwC with the partial invariance modeling method show that AwC largely reduces biases in growth parameter estimates and gives good control of Type I error rates, especially when the sample size is at least 1,000. It also outperforms the partial invariance method in conditions when all items are noninvariant. However, all methods give biased growth parameter estimates when the proportion of noninvariant parameters is over 25%. Based on the simulation results, I conclude that AO is a viable alternative to the partial invariance method in growth modeling when it is not clear whether longitudinal measurement invariance holds. The current paper also demonstrates AwC in an example modeling neuroticism over three time points using a public data set, which shows how researchers can compute effect size indices for noninvariance in AwC to assess to what degree invariance holds and whether AwC results are trustworthy. © 2021 The Author(s). Published with license by Taylor and Francis Group, LLC."
2,0.994339622641509,2022,"Statistical Modeling and Measurement Methods","Multilevel Meta-Analysis of Single-Case Experimental Designs Using Robust Variance Estimation","Single-case experimental designs (SCEDs) are used to study the effects of interventions on the behavior of individual cases, by making comparisons between repeated measurements of an outcome under different conditions. In research areas where SCEDs are prevalent, there is a need for methods to synthesize results across multiple studies. One approach to synthesis uses a multilevel meta-analysis (MLMA) model to describe the distribution of effect sizes across studies and across cases within studies. However, MLMA relies on having accurate sampling variances of effect size estimates for each case, which may not be possible due to auto-correlation in the raw data series. One possible solution is to combine MLMA with robust variance estimation (RVE), which provides valid assessments of uncertainty even if the sampling variances of effect size estimates are inaccurate. Another possible solution is to forgo MLMA and use simpler, ordinary least squares (OLS) methods with RVE. This study evaluates the performance of effect size estimators and methods of synthesizing SCEDs in the presence of autocorrelation, for several different effect size metrics, via a Monte Carlo simulation designed to emulate the features of real data series. Results demonstrate that the MLMA model with RVE performs properly in terms of bias, accuracy, and confidence interval coverage for estimating overall average log response ratios. The OLS estimator corrected with RVE performs the best in estimating overall average Tau effect sizes. None of the available methods perform adequately for meta-analysis of within-case standardized mean differences. © 2022 American Psychological Association"
2,0.994117647058823,2025,"Statistical Modeling and Measurement Methods","Ruling out Latent Time-Varying Confounders in Two-Variable Multi-Wave Studies","There has been considerable interest in estimating causal cross-lagged effects in two-variable, multi-wave designs. However, there does not currently exist a strategy for ruling out unmeasured time-varying covariates that may act as confounders. In this paper, we propose a new strategy for testing whether an unmeasured time-varying covariate explains all covariation between the two “causal” variables in the data. That model, called the Latent Time-Varying Covariate (LTVC) model, can be tested with observations for two variables assessed across three or more measurement waves. If the LTVC model fits well, then a time˗varying covariate can explain the covariance structure, which undermines the plausibility of causal cross-lagged effects. Although the LTVC model tends to be underpowered when causal cross-lagged effects are small, if testable stationarity constraints on the LTVC model are imposed, adequate power can be achieved. We illustrate the LTVC approach with three examples from the literature. Additionally, we introduce the LTVC-CLPM model, which is identified given strong stationarity constraints. Also considered are multivariate and multi-factor models, the inclusion of measured time-invariant covariates in model, measurement of the stability of the LTVC, and the lag-lead model. These methods allow researchers to probe the assumption that an unmeasured time˗varying confounder is the source of all the X-Y covariation. Our methods help researchers to rule out certain forms of confounding in two-variable, multi-wave designs. © 2025 The Author(s). Published with license by Taylor & Francis Group, LLC."
2,0.994039735099338,2020,"Statistical Modeling and Measurement Methods","Indirect Effects in Sequential Mediation Models: Evaluating Methods for Hypothesis Testing and Confidence Interval Formation","Complex mediation models, such as a two-mediator sequential model, have become more prevalent in the literature. To test an indirect effect in a two-mediator model, we conducted a large-scale Monte Carlo simulation study of the Type I error, statistical power, and confidence interval coverage rates of 10 frequentist and Bayesian confidence/credible intervals (CIs) for normally and nonnormally distributed data. The simulation included never-studied methods and conditions (e.g., Bayesian CI with flat and weakly informative prior methods, two model-based bootstrap methods, and two nonnormality conditions) as well as understudied methods (e.g., profile-likelihood, Monte Carlo with maximum likelihood standard error [MC-ML] and robust standard error [MC-Robust]). The popular BC bootstrap showed inflated Type I error rates and CI under-coverage. We recommend different methods depending on the purpose of the analysis. For testing the null hypothesis of no mediation, we recommend MC-ML, profile-likelihood, and two Bayesian methods. To report a CI, if data has a multivariate normal distribution, we recommend MC-ML, profile-likelihood, and the two Bayesian methods; otherwise, for multivariate nonnormal data we recommend the percentile bootstrap. We argue that the best method for testing hypotheses is not necessarily the best method for CI construction, which is consistent with the findings we present. © 2019, © 2019 Taylor & Francis Group, LLC."
2,0.994,2018,"Statistical Modeling and Measurement Methods","A Comparison of Multilevel Imputation Schemes for Random Coefficient Models: Fully Conditional Specification and Joint Model Imputation with Random Covariance Matrices","Literature addressing missing data handling for random coefficient models is particularly scant, and the few studies to date have focused on the fully conditional specification framework and “reverse random coefficient” imputation. Although it has not received much attention in the literature, a joint modeling strategy that uses random within-cluster covariance matrices to preserve cluster-specific associations is a promising alternative for random coefficient analyses. This study is apparently the first to directly compare these procedures. Analytic results suggest that both imputation procedures can introduce bias-inducing incompatibilities with a random coefficient analysis model. Problems with fully conditional specification result from an incorrect distributional assumption, whereas joint imputation uses an underparameterized model that assumes uncorrelated intercepts and slopes. Monte Carlo simulations suggest that biases from these issues are tolerable if the missing data rate is 10% or lower and the sample is composed of at least 30 clusters with 15 observations per group. Furthermore, fully conditional specification tends to be superior with intraclass correlations that are typical of crosssectional data (e.g., ICC =.10), whereas the joint model is preferable with high values typical of longitudinal designs (e.g., ICC =.50). © 2019, © 2019 Taylor © Francis Group, LLC."
2,0.994,2025,"Statistical Modeling and Measurement Methods","Adapting Methods for Correcting Selective Reporting Bias in Meta-Analysis of Dependent Effect Sizes","In a meta-analysis, selective reporting arises if some results within a primary study or the entire study are more likely to be reported due to the statistical significance or magnitude of the quantitative findings. Selective reporting can result in over-estimated average effect sizes, inflated Type I error rates, and inappropriate inferences about intervention effects. In practice, meta-analysts seek to both identify the presence of selective reporting and correct or adjust for the distortions it creates. Various statistical methods have been developed for correcting selective reporting bias. However, these methods are usually based on the assumption that effect sizes are independent, which is violated in meta-analysis with multiple, dependent effect sizes. In this article, we evaluate how currently available selective reporting adjustment methods work in the presence of effect size dependencies. We also propose novel adaptations of several adjustment methods based on a multivariate working model and weighting scheme that correct for selective reporting bias while handling dependencies among effect sizes. We investigate the performance of existing adjustment methods and our novel adaptations via an extensive simulation study of dependent effect size estimates. We focus on the estimation of overall average effects and examine performance criteria including bias, root-mean-squared error, and confidence interval coverage rate and width. Based on the simulation findings, we provide suggestions for how to correct selective reporting bias while accounting for effect size dependencies. © (2025), American Psychological Association"
2,0.993918918918919,2022,"Statistical Modeling and Measurement Methods","Modeling Multivariate Count Time Series Data with a Vector Poisson Log-Normal Additive Model: Applications to Testing Treatment Effects in Single-Case Designs","In education and psychology, single-case designs (SCDs) have been used to detect treatment effects using time series data in the presence or absence of intervention. One popular design variant of SCDs is a multiple-baseline design for multiple outcomes, which often collects outcomes with some form of a count. A Poisson model is a natural choice for the count outcome. However, the assumption of the Poisson model that the outcome variable’s mean is equal to its variance is often violated in SCDs, as the variance is often larger than the mean (called overdispersion). In addition, when multiple outcomes are from the same participant, it is likely that they are correlated. In this paper, we present a vector Poisson log-normal additive (V-PLN-A) model to deal with (a) change processes (auto- and cross-correlations and data-driven trend) and (b) correlation and overdispersion in multivariate count time series. A multivariate normal distribution was adapted to account for correlation among multiple outcomes as well as possible overdispersion. The V-PLN-A model was applied to an educational intervention study to test treatment effects. Simulation study results showed that parameter recovery of the V-PLN-A model was satisfactory in a large number of timepoints using Bayesian analysis, and that ignoring change processes and overdispersion led to biased estimates of the treatment effects. © 2020 Taylor & Francis Group, LLC."
2,0.99375,2024,"Statistical Modeling and Measurement Methods","Propensity Score Weighting with Missing Data on Covariates and Clustered Data Structure","Propensity score (PS) analyses are increasingly popular in behavioral sciences. Two issues often add complexities to PS analyses, including missing data in observed covariates and clustered data structure. In previous research, methods for conducting PS analyses with considering either issue alone were examined. In practice, the two issues often co-occur; but the performance of methods for PS analyses in the presence of both issues has not been evaluated previously. In this study, we consider PS weighting analysis when data are clustered and observed covariates have missing values. A simulation study is conducted to evaluate the performance of different missing data handling methods (complete-case, single-level imputation, or multilevel imputation) combined with different multilevel PS weighting methods (fixed- or random-effects PS models, inverse-propensity-weighting or the clustered weighting, weighted single-level or multilevel outcome models). The results suggest that the bias in average treatment effect estimation can be reduced, by better accounting for clustering in both the missing data handling stage (such as with the multilevel imputation) and the PS analysis stage (such as with the fixed-effects PS model, clustered weighting, and weighted multilevel outcome model). A real-data example is provided for illustration. © 2024 Society of Multivariate Experimental Psychology."
2,0.993537414965986,2023,"Statistical Modeling and Measurement Methods","Estimating Time-Varying Treatment Effects in Longitudinal Studies","Longitudinal study designs are frequently used to investigate the effects of a naturally observed predictor (treatment) on an outcome over time. Because the treatment at each time point or wave is not randomly assigned, valid inferences of its causal effects require adjusting for covariates that confound each treatment—outcome association. But adjusting for covariates which are inevitably time-varying is fraught with difficulties. On the one hand, standard regression adjustment for variables affected by treatment can lead to severe bias. On the other hand, omitting time-varying covariates from confounding adjustment precipitates spurious associations that can lead to severe bias. Thus, either including or omitting time-varying covariates for confounding adjustment can lead to incorrect inferences. In this article, we introduce an estimation strategy from the causal inference literature for evaluating the causal effects of time-varying treatments in the presence of time-varying confounding. G-estimation of the treatment effect at a particular wave proceeds by carefully adjusting for only pre-treatment instances of all variables while dispensing with any post-treatment instances. The introduced approach has various appealing features. Effect modification by time-varying covariates can be investigated using covariate-treatment interactions. Treatment may be either continuous or noncontinuous with any mean model permitted. Unbiased estimation requires correctly specifying a mean model for either the treatment or the outcome, but not necessarily both. The treatment and outcome models can be fitted with standard regression functions. In summary, g-estimation is effective, flexible, robust, and relatively straightforward to implement. Translational Abstract In psychological research, longitudinal studies are frequently used to understand how a naturally observed predictor (henceforth termed treatment) affects an outcome over time. But valid statistical inferences of causal effects exerted by a time-varying treatment are incredibly challenging. This is because covariates are inevitably time-varying in longitudinal data and possibly affected by treatment. Either including or omitting these covariates for confounding adjustment using standard regression methods can lead to incorrect inferences. In this article, we introduce an estimation strategy from the causal inference and epidemiology literature for time-varying treatments in the presence of time-varying confounding. G-estimation has various desirable features. First, no models for the (distribution of the) covariates are required, so covariates can be either continuous or noncontinuous, and be either time-invariant or time-varying (and thus possibly affected by treatment). Second, treatment may be continuous or noncontinuous, and any mean model is permitted. Third, effect modification by time-varying covariates can be readily investigated by postulating covariate–treatment interactions in the potential outcomes model. Fourth, unbiased estimation requires correctly specifying a mean model for either the treatment or the outcome, but not necessarily both. Finally, the treatment and outcome models can be fitted using standard regression functions commonly available in statistical software. In summary, g-estimation is effective, flexible, robust, and relatively straightforward to implement. © 2023 American Psychological Association"
2,0.993525179856115,2020,"Statistical Modeling and Measurement Methods","A multiple imputation score test for model modification in structural equation models","Structural equation modeling (SEM) applications routinely employ a trilogy of significance tests that includes the likelihood ratio test, Wald test, and score test or modification index. Researchers use these tests to assess global model fit, evaluate whether individual estimates differ from zero, and identify potential sources of local misfit, respectively. This full cadre of significance testing options is not yet available for multiply imputed data sets, as methodologists have yet to develop a general score test for this context. Thus, the goal of this article is to outline a new score test for multiply imputed data. Consistent with its complete-data counterpart, this imputation-based score test provides an estimate of the familiar expected parameter change statistic. The new procedure is available in the R package semTools and naturally suited for identifying local misfit in SEM applications (i.e., a model modification index). The article uses a simulation study to assess the performance (Type I error rate, power) of the proposed score test relative to the score test produced by full information maximum likelihood (FIML) estimation. Due to the two-stage nature of multiple imputation, the score test exhibited slightly lower power than the corresponding FIML statistic in some situations but was generally well calibrated. © 2020 American Psychological Association."
2,0.993525179856115,2017,"Statistical Modeling and Measurement Methods","Tests of Simple Slopes in Multiple Regression Models with an Interaction: Comparison of Four Approaches","In multiple regression researchers often follow up significant tests of the interaction between continuous predictors X and Z with tests of the simple slope of Y on X at different sample-estimated values of the moderator Z (e.g., ±1 SD from the mean of Z). We show analytically that when X and Z are randomly sampled from the population, the variance expression of the simple slope at sample-estimated values of Z differs from the traditional variance expression obtained when the values of X and Z are fixed. A simulation study using randomly sampled predictors compared four approaches: (a) the Aiken and West (1991) test of simple slopes at fixed population values of Z, (b) the Aiken and West test at sample-estimated values of Z, (c) a 95% percentile bootstrap confidence interval approach, and (d) a fully Bayesian approach with diffuse priors. The results showed that approach (b) led to inflated Type 1 error rates and 95% confidence intervals with inadequate coverage rates, whereas other approaches maintained acceptable Type 1 error rates and adequate coverage of confidence intervals. Approach (c) had asymmetric rejection rates at small sample sizes. We used an empirical data set to illustrate these approaches. © 2017 Taylor & Francis Group, LLC."
2,0.993525179856115,2025,"Statistical Modeling and Measurement Methods","Bayesian Nonparametric Latent Class Analysis With Different Item Types","Latent class analysis (LCA) requires deciding on the number of classes. This is traditionally addressed by fitting several models with an increasing number of classes and determining the optimal one using model selection criteria. However, different criteria can suggest different models, making it difficult to reach a consensus on the best criterion. Bayesian nonparametric LCA based on the Dirichlet process mixture (DPM) model is a flexible alternative approach that allows for inferring the number of classes from the data. In this article, we introduce a DPM-based mixed-mode LCA model, referred to as DPM-MMLCA, which clusters individuals based on indicators measured on mixed metrics. We illustrate two algorithms for posterior estimation and discuss inferential procedures to estimate the number of classes and their composition. A simulation study is conducted to compare the performance of the DPM-MMLCA with the traditional mixedmode LCA under different scenarios. Five design factors are considered, including the number of latent classes, the number of observed variables, sample size, mixing proportions, and class separation. Performance measures include evaluating the correct identification of the number of latent classes, parameter recovery, and assignment of class labels. The Bayesian nonparametric LCA approach is illustrated using three real data examples. Additionally, a hands-on tutorial using R and the nimble package is provided for ease of implementation. © 2025 American Psychological Association"
2,0.993478260869565,2018,"Statistical Modeling and Measurement Methods","Conditional reliability coefficients for test scores","The most widely used, general index of measurement precision for psychological and educational test scores is the reliability coefficient-a ratio of true variance for a test score to the true-plus-error variance of the score. In item response theory (IRT) models for test scores, the information function is the central, conditional index of measurement precision. In this inquiry, conditional reliability coefficients for a variety of score types are derived as simple transformations of information functions. It is shown, for example, that the conditional reliability coefficient for an ordinary, number-correct score, X, is equal to, ρ(X, X'|θ)= I(X,θ) / [I,X,θ)+1] Where: θ is a latent variable measured by an observed test score, X; p(X, X' = |θ) is the conditional reliability of X at a fixed value of θ; and I(X, θ) is the score information function. This is a surprisingly simple relationship between the 2, basic indices of measurement precision from IRT and classical test theory (CTT). This relationship holds for item scores as well as test scores based on sums of item scores-and it holds for dichotomous as well as polytomous items, or a mix of both item types. Also, conditional reliabilities are derived for computerized adaptive test scores, and for θ-estimates used as alternatives to number correct scores. These conditional reliabilities are all related to information in a manner similar-or-identical to the 1 given above for the number-correct (NC) score. © 2017 American Psychological Association."
2,0.993382352941176,2019,"Statistical Modeling and Measurement Methods","Problems with Rationales for Parceling that Fail to Consider Parcel-Allocation Variability","In structural equation modeling applications, parcels—averages or sums of subsets of item scores—are often used as indicators of latent constructs. Parcel-allocation variability (PAV) is variability in results that arises within sample across alternative item-to-parcel allocations. PAV can manifest in all results of a parcel-level model (e.g., model fit, parameter estimates, standard errors, and inferential decisions). It is a source of uncertainty in parcel-level model results that can be investigated, reported, and accounted for. Failing to do so raises representativeness and replicability concerns. However, in recent methodological literature (Cole, Perkins, & Zelkowitz, 2016; Little, Rhemtulla, Gibson, & Shoemann, 2013; Marsh, Ludtke, Nagengast, Morin, & von Davier, 2013; Rhemtulla, 2016) parceling has been justified and recommended in several situations without quantifying or accounting for PAV. In this article, we explain and demonstrate problems with these rationales. Overall, we find that: (1) using a purposive parceling algorithm for a multidimensional construct does not avoid PAV; (2) passing a test of unidimensionality of the item-level model need not avoid PAV; and (3) a desire to improve power for detecting structural misspecification does not warrant parceling without addressing PAV; we show how to simultaneously avoid PAV and obtain even higher power by comparing item-level models differing in structural constraints. Implications for practice are discussed. © 2019, © 2019 Taylor & Francis Group, LLC."
2,0.993233082706767,2025,"Statistical Modeling and Measurement Methods","Understanding Measurement Precision From a Regression Perspective","We adopt and expand McDonald’s (2011) regression framework for measurement precision, integrating two key perspectives: (a) reliability of observed scores and (b) optimal prediction of latent scores. Reliability arises from a measurement decomposition of an observed score into its true score and measurement error. In contrast, proportional reduction in mean squared error (PRMSE) arises from a prediction decomposition of a latent score into its optimal predictor (the observed expected a posteriori [EAP] score) and prediction error. Reliability is the coefficient of determination obtained by two isomorphic regressions: regressing the observed score on its true score or on all the latent variables. Similarly, PRMSE is the coefficient of determination obtained from two isomorphic regressions: regressing the latent score on its observed EAP score or all the manifest variables. A key implication of this regression framework is that both reliability and PRMSE can be estimated using a Monte Carlo (MC) method, which is particularly useful when no analytic formula is available or when the analytic calculation is involved. We illustrate these concepts with a factor analysis model and a two-parameter logistic model, in which we compute reliability coefficients for different observed scores and PRMSE for different latent scores. Additionally, we provide a numerical example demonstrating how the MC method can be used to estimate reliability and PRMSE within a two-dimensional item response tree model. © 2025 American Psychological Association"
2,0.993023255813953,2018,"Statistical Modeling and Measurement Methods","Finite population correction for two-level hierarchical linear models","The research literature has paid little attention to the issue of finite population at a higher level in hierarchical linear modeling. In this article, we propose a method to obtain finite-populationadjusted standard errors of Level-1 and Level-2 fixed effects in 2-level hierarchical linear models. When the finite population at Level-2 is incorrectly assumed as being infinite, the standard errors of the fixed effects are overestimated, resulting in lower statistical power and wider confidence intervals. The impact of ignoring finite population correction is illustrated by using both a real data example and a simulation study with a random intercept model and a random slope model. Simulation results indicated that the bias in the unadjusted fixed-effect standard errors was substantial when the Level-2 sample size exceeded 10% of the Level-2 population size; the bias increased with a larger intraclass correlation, a larger number of clusters, and a larger average cluster size. We also found that the proposed adjustment produced unbiased standard errors, particularly when the number of clusters was at least 30 and the average cluster size was at least 10. We encourage researchers to consider the characteristics of the target population for their studies and adjust for finite population when appropriate. © 2017 American Psychological Association."
2,0.993023255813953,2020,"Statistical Modeling and Measurement Methods","An Approach to Addressing Multiple Imputation Model Uncertainty Using Bayesian Model Averaging","This paper considers the problem of imputation model uncertainty in the context of missing data problems. We argue that so-called “Bayesianly proper” approaches to multiple imputation, although correctly accounting for uncertainty in imputation model parameters, ignore the uncertainty in the imputation model itself. We address imputation model uncertainty by implementing Bayesian model averaging as part of the imputation process. Bayesian model averaging accounts for both model and parameter uncertainty, and thus we argue is fully Bayesianly proper. We apply Bayesian model averaging to multiple imputation under the fully conditional specification approach. An extensive simulation study is conducted comparing our Bayesian model averaging approach against normal theory-based Bayesian imputation not accounting for model uncertainty. Across almost all conditions of the simulation study, the results reveal the extent of model uncertainty in multiple imputation and a consistent advantage to our Bayesian model averaging approach over normal-theory multiple imputation under missing-at-random and missing-completely-at random in terms of Kullback-Liebler divergence and mean squared prediction error. A small case study is also presented. Directions for future research are discussed. © 2019 Taylor & Francis Group, LLC."
2,0.992913385826772,2023,"Statistical Modeling and Measurement Methods","Cross-Level Covariance Approach to the Disaggregation of Between-Person Effect and Within-Person Effect","In longitudinal studies, researchers are often interested in investigating relations between variables over time. A well-known issue in such a situation is that naively regressing an outcome on a predictor results in a coefficient that is a weighted average of the between-person and within-person effect, which is difficult to interpret. This article focuses on the cross-level covariance approach to disaggregating the two effects. Unlike the traditional centering/detrending approach, the cross-level covariance approach estimates the within-person effect by correlating the within-level observed variables with the between-level latent factors; thereby, partialing out the between-person association from the within-level predictor. With this key device kept, we develop novel latent growth curve models, which can estimate the between-person effects of the predictor’s change rate. The proposed models are compared with an existing cross-level covariance model and a centering/detrending model through a real data analysis and a small simulation. The real data analysis shows that the interpretation of the effect parameters and other between-level parameters depends on how a model deals with the time-varying predictors. The simulation reveals that our proposed models can unbiasedly estimate the between- and within-person effects but tend to be more unstable than the existing models. © 2023 American Psychological Association"
2,0.992857142857143,2016,"Statistical Modeling and Measurement Methods","Estimation Methods for Mixed Logistic Models with Few Clusters","For mixed models generally, it is well known that modeling data with few clusters will result in biased estimates, particularly of the variance components and fixed effect standard errors. In linear mixed models, small sample bias is typically addressed through restricted maximum likelihood estimation (REML) and a Kenward-Roger correction. Yet with binary outcomes, there is no direct analog of either procedure. With a larger number of clusters, estimation methods for binary outcomes that approximate the likelihood to circumvent the lack of a closed form solution such as adaptive Gaussian quadrature and the Laplace approximation have been shown to yield less-biased estimates than linearization estimation methods that instead linearly approximate the model. However, adaptive Gaussian quadrature and the Laplace approximation are approximating the full likelihood rather than the restricted likelihood; the full likelihood is known to yield biased estimates with few clusters. On the other hand, linearization methods linearly approximate the model, which allows for restricted maximum likelihood and the Kenward-Roger correction to be applied. Thus, the following question arises: Which is preferable, a better approximation of a biased function or a worse approximation of an unbiased function? We address this question with a simulation and an illustrative empirical analysis. © 2016 Taylor & Francis Group, LLC."
2,0.9928,2018,"Statistical Modeling and Measurement Methods","Model Fit and Item Factor Analysis: Overfactoring, Underfactoring, and a Program to Guide Interpretation","In exploratory item factor analysis (IFA), researchers may use model fit statistics and commonly invoked fit thresholds to help determine the dimensionality of an assessment. However, these indices and thresholds may mislead as they were developed in a confirmatory framework for models with continuous, not categorical, indicators. The present study used Monte Carlo simulation methods to investigate the ability of popular model fit statistics (chi-square, root mean square error of approximation, the comparative fit index, and the Tucker–Lewis index) and their standard cutoff values to detect the optimal number of latent dimensions underlying sets of dichotomous items. Models were fit to data generated from three-factor population structures that varied in factor loading magnitude, factor intercorrelation magnitude, number of indicators, and whether cross loadings or minor factors were included. The effectiveness of the thresholds varied across fit statistics, and was conditional on many features of the underlying model. Together, results suggest that conventional fit thresholds offer questionable utility in the context of IFA. © 2018, © 2018 Taylor & Francis Group, LLC."
2,0.992741935483871,2019,"Statistical Modeling and Measurement Methods","What Causes the Mean Bias of the Likelihood Ratio Statistic with Many Variables?","Survey data often contain many variables. Structural equation modeling (SEM) is commonly used in analyzing such data. However, conventional SEM methods are not crafted to handle data with a large number of variables (p). A large p can cause T<inf>ml</inf>, the most widely used likelihood ratio statistic, to depart drastically from the assumed chi-square distribution even with normally distributed data and a relatively large sample size N. A key element affecting this behavior of T<inf>ml</inf> is its mean bias. The focus of this article is to determine the cause of the bias. To this end, empirical means of T<inf>ml</inf> via Monte Carlo simulation are used to obtain the empirical bias. The most effective predictors of the mean bias are subsequently identified and their predictive utility examined. The results are further used to predict type I errors of T<inf>ml</inf>. The article also illustrates how to use the obtained results to determine the required sample size for T<inf>ml</inf> to behave reasonably well. A real data example is presented to show the effect of the mean bias on model inference as well as how to correct the bias in practice. © 2019, © 2019 Taylor & Francis Group, LLC."
2,0.992682926829268,2019,"Statistical Modeling and Measurement Methods","Four Covariance Structure Models for Canonical Correlation Analysis: A COSAN Modeling Approach","The mathematical connection between canonical correlation analysis (CCA) and covariance structure analysis was first discussed through the Multiple Indicators and Multiple Causes (MIMIC) approach. However, the MIMIC approach has several technical and practical challenges. To address these challenges, a comprehensive COSAN modeling approach is proposed. Specifically, we define four COSAN-CCA models to correspond with four possible combinations of the data to be analyzed and the unique parameters to be estimated. In terms of the data, one can analyze either the unstandardized or standardized variables. In terms of the unique parameters, one can estimate either the weights or loadings. Besides the unique parameters of each COSAN-CCA model, all four COSAN-CCA models also estimate the canonical correlations as their common parameters. Taken together, the four COSAN-CCA models provide the correct point estimates and standard error estimates for all commonly used CCA parameters. Two numeric examples are used to compare the standard error estimates obtained from the MIMIC approach and the COSAN modeling approach. Moreover, the standard error estimates from the COSAN modeling approach are validated by a simulation study and the asymptotic theory. Finally, software implementation and future extensions are discussed. © 2019, © 2019 Taylor & Francis Group, LLC."
2,0.992561983471074,2017,"Statistical Modeling and Measurement Methods","Bayesian SEM for Specification Search Problems in Testing Factorial Invariance","Specification search problems refer to two important but under-addressed issues in testing for factorial invariance: how to select proper reference indicators and how to locate specific non-invariant parameters. In this study, we propose a two-step procedure to solve these issues. Step 1 is to identify a proper reference indicator using the Bayesian structural equation modeling approach. An item is selected if it is associated with the highest likelihood to be invariant across groups. Step 2 is to locate specific non-invariant parameters, given that a proper reference indicator has already been selected in Step 1. A series of simulation analyses show that the proposed method performs well under a variety of data conditions, and optimal performance is observed under conditions of large magnitude of non-invariance, low proportion of non-invariance, and large sample sizes. We also provide an empirical example to demonstrate the specific procedures to implement the proposed method in applied research. The importance and influences are discussed regarding the choices of informative priors with zero mean and small variances. Extensions and limitations are also pointed out. © 2017 Taylor & Francis Group, LLC."
2,0.992436974789916,2017,"Statistical Modeling and Measurement Methods","Evaluation of Multi-parameter Test Statistics for Multiple Imputation","In Ordinary Least Square regression, researchers often are interested in knowing whether a set of parameters is different from zero. With complete data, this could be achieved using the gain in prediction test, hierarchical multiple regression, or an omnibus F test. However, in substantive research scenarios, missing data often exist. In the context of multiple imputation, one of the current state-of-art missing data strategies, there are several different analogous multi-parameter tests of the joint significance of a set of parameters, and these multi-parameter test statistics can be referenced to various distributions to make statistical inferences. However, little is known about the performance of these tests, and virtually no research study has compared the Type 1 error rates and statistical power of these tests in scenarios that are typical of behavioral science data (e.g., small to moderate samples, etc.). This paper uses Monte Carlo simulation techniques to examine the performance of these multi-parameter test statistics for multiple imputation under a variety of realistic conditions. We provide a number of practical recommendations for substantive researchers based on the simulation results, and illustrate the calculation of these test statistics with an empirical example. © 2017 Taylor & Francis Group, LLC."
2,0.992430278884462,2017,"Statistical Modeling and Measurement Methods","A parsimonious weight function for modeling publication bias","Quantitative research literature is often biased because studies that fail to find a significant effect (or that demonstrate effects in an undesired or unexpected direction) are less likely to be published. This phenomenon, termed publication bias, can cause problems when researchers attempt to synthesize results using metaanalytic methods. Various techniques exist that attempt to estimate and correct meta-analyses for publication bias. However, there is no single method that can (a) account for continuous moderators by including them within the model, (b) allow for substantial data heterogeneity, (c) produce an adjusted mean effect size, (d) include a formal test for publication bias, and (e) allow for correction when only a small number of effects is included in the analysis. This article describes a method that we believe helps fill that gap. The model uses the beta density as a weight function that represents the selection process and provides adjusted parameter estimates that account for publication bias. Use of the beta density allows us to represent selection using fewer parameters than similar models so that the proposed model is suitable for meta-analyses that include relatively few studies. We explain the model and its rationale, illustrate its use with a real data set, and describe the results of a simulation study that shows the model's utility. Translational Abstract Published research is often biased because studies that find a significant positive effect (or an effect in the desired direction) are more likely to be published. This phenomenon, termed publication bias, can cause problems when researchers attempt to synthesize results using meta-analytic methods as the combined average effect may be biased. Various techniques exist that attempt to correct meta-analyses for publication bias. However, there is no single method that can 1) include continuous moderators within the model, 2) allow for substantial data variability, 3) produce a corrected average effect, 4) include a test to determine if publication bias is present, and 5) allow for correction when only a small number of effects is included in the analysis. This paper describes a method that we believe helps fill that gap. The model estimates bias and uses those estimates to correct the average effect. We examined the model using a simulation study. The study shows that the model does a good job of correcting the average effect to the true average effect in most instances, particularly when publication bias is present. However, the test to detect publication bias is not very powerful (i.e., may not detect bias) for small datasets and is better at detecting bias when there is there is little variability in the effects. Overall, the model appears promising, although it is not able to fill every gap simultaneously. We recommend that researchers use the model in conjunction with other publication bias methods as all methods have advantages and disadvantages. © 2017 American Psychological Association."
2,0.992372881355932,2016,"Statistical Modeling and Measurement Methods","Assessing Omitted Confounder Bias in Multilevel Mediation Models","To draw valid inference about an indirect effect in a mediation model, there must be no omitted confounders. No omitted confounders means that there are no common causes of hypothesized causal relationships. When the no-omitted-confounder assumption is violated, inference about indirect effects can be severely biased and the results potentially misleading. Despite the increasing attention to address confounder bias in single-level mediation, this topic has received little attention in the growing area of multilevel mediation analysis. A formidable challenge is that the no-omitted-confounder assumption is untestable. To address this challenge, we first analytically examined the biasing effects of potential violations of this critical assumption in a two-level mediation model with random intercepts and slopes, in which all the variables are measured at Level 1. Our analytic results show that omitting a Level 1 confounder can yield misleading results about key quantities of interest, such as Level 1 and Level 2 indirect effects. Second, we proposed a sensitivity analysis technique to assess the extent to which potential violation of the no-omitted-confounder assumption might invalidate or alter the conclusions about the indirect effects observed. We illustrated the methods using an empirical study and provided computer code so that researchers can implement the methods discussed. © 2016 Taylor & Francis Group, LLC."
2,0.992307692307692,2020,"Statistical Modeling and Measurement Methods","Estimating causal effects in linear regression models with observational data: The instrumental variables regression model","Instrumental variable methods are an underutilized tool to enhance causal inference in psychology. By way of incorporating predictors of the predictors (called ""instruments"" in the econometrics literature) into the model, instrumental variable regression (IVR) is able to draw causal inferences of a predictor on an outcome. We show that by regressing the outcome y on the predictors x and the predictors on the instruments, and modeling correlated disturbance terms between the predictor and outcome, causal inferences can be drawn on y on x if the IVR model cannot be rejected in a structural equation framework. We provide a tutorial on how to apply this model using ML estimation as implemented in structural equation modeling (SEM) software. We additionally provide code to identify instruments given a theoretical model, to select the best subset of instruments when more than necessary are available, and we guide researchers on how to apply this model using SEM. Finally, we demonstrate how the IVR model can be estimated using a number of estimators developed in econometrics (e.g., 2-stage least squares regression) and point out that the latter is simply a multistage SEM estimator of the IVR model. © 2019 American Psychological Association."
2,0.992241379310345,2018,"Statistical Modeling and Measurement Methods","A diagnostic procedure to detect departures from local independence in item response theory models","Item response theory (IRT) is a widely used measurement model. When considering its use in education, health outcomes, and psychology, it is likely to be one of the most impactful psychometric models in existence. IRT has many advantages over classical test theory-based measurement models. For these advantages to hold in practice, strong assumptions must be satisfied. One of these assumptions, local independence, is the focus of the work described here. Local independence is the assumption that, conditional on the latent variable(s), item responses are unrelated to one another (i.e., independent). Stated another way, local independence implies that the only thing causing items to covary is the modeled latent variable(s). Violations of this assumption, quite aptly titled local dependence, can have serious consequences for the estimated parameters. A new diagnostic is proposed, based on parameter stability in an item-level jackknife resampling procedure. We review the ideas underlying the new diagnostic and how it is computed before covering some simulated and real examples demonstrating its effectiveness. © 2017 American Psychological Association."
2,0.992241379310345,2018,"Statistical Modeling and Measurement Methods","Reliabilities of Intraindividual Variability Indicators with Autocorrelated Longitudinal Data: Implications for Longitudinal Study Designs","Intraindividual variability can be measured by the intraindividual standard deviation (ISD), intraindividual variance (ISD2), estimated hth-order autocorrelation coefficient ((Formula presented.)), and mean square successive difference (MSSD). Unresolved issues exist in the research on reliabilities of intraindividual variability indicators: (1) previous research only studied conditions with 0 autocorrelations in the longitudinal responses; (2) the reliabilities of (Formula presented.) and MSSD have not been studied. The current study investigates reliabilities of ISD, ISD2, (Formula presented.), MSSD and the intraindividual mean, with autocorrelated longitudinal data. Reliability estimates of the indicators were obtained through Monte Carlo simulations. The impact of influential factors on reliabilities of the intraindividual variability indicators is summarized, and the reliabilities are compared across the indicators. Generally, all the studied indicators of intraindividual variability were more reliable with a more reliable measurement scale and more assessments. The reliabilities of (Formula presented.) were generally lower than those of ISD and ISD2, the reliabilities of ISD2 were usually between those of e usually between thos and (Formula presented.) unless the scale reliability was large and/or the interindividual standard deviation in autocorrelation coefficients was large, and the reliabilities of the intraindividual mean were generally the highest. An R function is provided for planning longitudinal studies to ensure sufficient reliabilities of the intraindividual indicators are achieved. © 2018, © 2018 Taylor & Francis Group, LLC."
2,0.991666666666667,2022,"Statistical Modeling and Measurement Methods","Mediation Analysis Using Bayesian Tree Ensembles","We present a general framework for causal mediation analysis using nonparametric Bayesian methods in the potential outcomes framework. Our model, which we refer to as the Bayesian causal mediation forests model, combines recent advances in Bayesian machine learning using decision tree ensembles, Bayesian nonparametric causal inference, and a Bayesian implementation of the g-formula for computing causal effects. Because of its strong performance on simulated data and because it greatly reduces researcher degrees of freedom, we argue that Bayesian causal mediation forests are highly attractive as a default approach. Of independent interest, we also introduce a new sensitivity analysis technique for mediation analysis with continuous outcomes that is widely applicable. We demonstrate our approach on both simulated and real data sets, and show that our approach obtains low mean squared error and close to nominal coverage of 95% interval estimates, even in highly nonlinear problems on which other methods fail. © 2022. American Psychological Association"
2,0.991629955947137,2021,"Statistical Modeling and Measurement Methods","Distributionally Weighted Least Squares in Structural Equation Modeling","In real data analysis with structural equation modeling, data are unlikely to be exactly normally distributed. If we ignore the non-normality reality, the parameter estimates, standard error estimates, and model fit statistics from normal theory based methods such as maximum likelihood (ML) and normal theory based generalized least squares estimation (GLS) are unreliable. On the other hand, the asymptotically distribution free (ADF) estimator does not rely on any distribution assumption but cannot demonstrate its efficiency advantage with small and modest sample sizes. The methods which adopt misspecified loss functions including ridge GLS (RGLS) can provide better estimates and inferences than the normal theory based methods and the ADF estimator in some cases. We propose a distributionally weighted least squares (DLS) estimator, and expect that it can perform better than the existing generalized least squares, because it combines normal theory based and ADF based generalized least squares estimation. Computer simulation results suggest that model-implied covariance based DLS (DLSM) provided relatively accurate and efficient estimates in terms of RMSE. In addition, the empirical standard errors, the relative biases of standard error estimates, and the Type I error rates of the Jiang-Yuan rank adjusted model fit test statistic (TJY) in DLSM were competitive with the classical methods including ML, GLS, and RGLS. The performance of DLSM depends on its tuning parameter a. We illustrate how to implement DLSM and select the optimal a by a bootstrap procedure in a real data example. Translational Abstract In real data analysis with structural equation modeling, data are unlikely to be exactly normally distributed. If we ignore the non-normality reality, the results from normal theory based methods such as maximum likelihood (ML) and normal theory based generalized least squares estimation (GLS) are unreliable. Hence we propose a distributionally weighted least squares (DLS) estimator, and expect that it can perform better than the existing methods, because it combines normal theory based and asymptotically distribution free estimators. Computer simulation results suggest that model-implied covariance based DLS (DLSM) provided relatively accurate and efficient estimates. In addition, the Type I error rates of the Jiang-Yuan rank adjusted model fit test statistic in DLSM were competitive with the classical methods including ML and GLS. The performance of DLSM depends on its tuning parameter a. We illustrate how to implement DLSM and select the optimal a by a bootstrap procedure in a real data example. © 2021 American Psychological Association"
2,0.991509433962264,2020,"Statistical Modeling and Measurement Methods","A Two-level Moderated Latent Variable Model with Single Level Data","With single-level data, Yuan, Cheng and Maxwell developed a two-level regression model for more accurate moderation analysis. This article extends the two-level regression model to a two-level moderated latent variable (2MLV) model, and uses a Bayesian approach to estimate and test the moderation effects. Monte Carlo results indicate that: 1) the new method yields more accurate estimate of the interaction effect than those via the product-indicator (PI) approach and latent variable interaction (LVI) with single-level model, both are also estimated via Bayesian method; 2) the coverage rates of the credibility interval following the 2MLV model are closer to the nominal 95% than those following the other methods; 3) the test for the existence of the moderation effect is more reliable in controlling Type I errors than both PI and LVI, especially under heteroscedasticity conditions. Moreover, a more interpretable measure of effect size is developed based on the 2MLV model, which directly answers the question as to what extent a moderator can account for the change of the coefficient between the predictor and the outcome variable. A real data example illustrates the application of the new method. © 2019 Taylor & Francis Group, LLC."
2,0.991509433962264,2018,"Statistical Modeling and Measurement Methods","The Influence of Number of Categories and Threshold Values on Fit Indices in Structural Equation Modeling with Ordered Categorical Data","This study examines the unscaled and scaled root mean square error of approximation (RMSEA), comparative fit index (CFI), and Tucker–Lewis index (TLI) of diagonally weighted least squares (DWLS) and unweighted least squares (ULS) estimators in structural equation modeling with ordered categorical data. We show that the number of categories and threshold values for categorization can unappealingly impact the DWLS unscaled and scaled fit indices, as well as the ULS scaled fit indices in the population, given that analysis models are misspecified and that the threshold structure is saturated. Consequently, a severely misspecified model may be considered acceptable, depending on how the underlying continuous variables are categorized. The corresponding CFI and TLI are less dependent on the categorization than RMSEA but are less sensitive to model misspecification in general. In contrast, the number of categories and threshold values do not impact the ULS unscaled fit indices in the population. © 2018, © 2018 Taylor & Francis Group, LLC."
2,0.991509433962264,2017,"Statistical Modeling and Measurement Methods","Empirically Corrected Rescaled Statistics for SEM with Small N and Large p","Survey data often contain many variables. Structural equation modeling (SEM) is commonly used in analyzing such data. With typical nonnormally distributed data in practice, a rescaled statistic T<inf>rml</inf> proposed by Satorra and Bentler was recommended in the literature of SEM. However, T<inf>rml</inf> has been shown to be problematic when the sample size N is small and/or the number of variables p is large. There does not exist a reliable test statistic for SEM with small N or large p, especially with nonnormally distributed data. Following the principle of Bartlett correction, this article develops empirical corrections to T<inf>rml</inf> so that the mean of the empirically corrected statistics approximately equals the degrees of freedom of the nominal chi-square distribution. Results show that empirically corrected statistics control type I errors reasonably well even when N is smaller than 2p, where T<inf>rml</inf> may reject the correct model 100% even for normally distributed data. The application of the empirically corrected statistics is illustrated via a real data example. © 2017 Taylor & Francis Group, LLC."
2,0.991428571428571,2023,"Statistical Modeling and Measurement Methods","A Systematic Framework for Defining R-Squared Measures in Mediation Analysis","R-squared measures of explained variance are easy to understand, naturally interpretable, and widely used by substantive researchers. In mediation analysis, however, despite recent advances in measures of mediation effect, few effect sizes have good statistical properties. Also, most of these measures are only available for the simplest three-variable mediation model, especially for R2-type measures. By decomposing the mediator into two parts (i.e., the part related to the predictor and the part unrelated to the predictor), this article proposes a systematic framework to develop new effect-size measures of explained variance in mediation analysis. The framework can be easily extended to more complex mediation models and provides more delicate R2 measures for empirical researchers. A Monte Carlo simulation study is conducted to examine the statistical properties of the proposed R2 effect-size measure. Results show that the new R2 measure performs well in approximating the true value of the explained variance of the mediation effect. The use of the proposed measure is illustrated with empirical examples together with program code for its implementation. © 2023 American Psychological Association"
2,0.991176470588235,2016,"Statistical Modeling and Measurement Methods","Fungible Correlation Matrices: A Method for Generating Nonsingular, Singular, and Improper Correlation Matrices for Monte Carlo Research","For a fixed set of standardized regression coefficients and a fixed coefficient of determination (R-squared), an infinite number of predictor correlation matrices will satisfy the implied quadratic form. I call such matrices fungible correlation matrices. In this article, I describe an algorithm for generating positive definite (PD), positive semidefinite (PSD), or indefinite (ID) fungible correlation matrices that have a random or fixed smallest eigenvalue. The underlying equations of this algorithm are reviewed from both algebraic and geometric perspectives. Two simulation studies illustrate that fungible correlation matrices can be profitably used in Monte Carlo research. The first study uses PD fungible correlation matrices to compare penalized regression algorithms. The second study uses ID fungible correlation matrices to compare matrix-smoothing algorithms. R code for generating fungible correlation matrices is presented in the supplemental materials. © 2016 Taylor & Francis Group, LLC."
2,0.991089108910891,2021,"Statistical Modeling and Measurement Methods","Bayesian Model Averaging as an Alternative to Model Selection for Multilevel Models","We investigated the Bayesian model averaging (BMA) technique as an alternative method to the traditional model selection approaches for multilevel models (MLMs). BMA synthesizes the information derived from all possible models and comes up with a weighted estimate. A simulation study compared BMA with additional modeling techniques, including the single “best” model approach, Bayesian MLM using informative, diffuse, and inaccurate priors, and restricted maximum likelihood. A two-level random intercept and random slope model was examined with these modeling techniques. Generated data used two types of true models: a full MLM and a reduced MLM. Findings of the simulation study suggested that BMA was a trustworthy alternative to traditional model comparison and selection approaches through the Bayesian and the frequentist frameworks. We also include an empirical example highlighting the extension of MLMs into the BMA framework, as well as model interpretation. © 2020 Taylor & Francis Group, LLC."
2,0.991089108910891,2019,"Statistical Modeling and Measurement Methods","A New Multilevel CART Algorithm for Multilevel Data with Binary Outcomes","The multilevel logistic regression model (M-logit) is the standard model for modeling multilevel data with binary outcomes. However, many assumptions and restrictions should be considered when applying this model for unbiased estimation. To overcome these limitations, we proposed a multilevel CART (M-CART) algorithm which combines the M-logit and single level CART (S-CART) within the framework of the expectation-maximization. Simulation results showed that the proposed M-CART provided substantial improvements on classification accuracy, sensitivity, and specific over the M-logit, S-CART, and single level logistic regression model when modeling multilevel data with binary outcomes. This benefit of using M-CART was consistently found across different conditions of sample size, intra-class correlation, and when relationships between predictors and outcomes were nonlinear and nonadditive. © 2018, © 2018 Taylor & Francis Group, LLC."
2,0.990909090909091,2019,"Statistical Modeling and Measurement Methods","Assessing the Robustness of Mixture Models to Measurement Noninvariance","Recent work reframes direct effects of covariates on items in mixture models as differential item functioning (DIF) and shows that, when present in the data but omitted from the fitted latent class model, DIF can lead to overextraction of classes. However, less is known about the effects of DIF on model performance—including parameter bias, classification accuracy, and distortion of class-specific response profiles—once the correct number of classes is chosen. First, we replicate and extend prior findings relating DIF to class enumeration using a comprehensive simulation study. In a second simulation study using the same parameters, we show that, while the performance of LCA is robust to the misspecification of DIF effects, it is degraded when DIF is omitted entirely. Moreover, the robustness of LCA to omitted DIF differs widely based on the degree of class separation. Finally, simulation results are contextualized by an empirical example. © 2019, © 2019 Taylor & Francis Group, LLC."
2,0.990721649484536,2022,"Statistical Modeling and Measurement Methods","Evaluating SEM Model Fit with Small Degrees of Freedom","Research has revealed that the performance of root mean square error of approximation (RMSEA) in assessing structural equation models with small degrees of freedom (df) is suboptimal, often resulting in the rejection of correctly specified or closely fitted models. This study investigates the performance of standardized root mean square residual (SRMR) and comparative fit index (CFI) in small df models with various levels of factor loadings, sample sizes, and model misspecifications. We find that, in comparison with RMSEA, population SRMR and CFI are less susceptible to the effects of df. In small df models, the sample SRMR and CFI could provide more useful information to differentiate models with various levels of misfit. The confidence intervals and p-values of a close fit were generally accurate for all three fit indices. We recommend researchers use caution when interpreting RMSEA for models with small df and to rely more on SRMR and CFI. © 2020 Taylor & Francis Group, LLC."
2,0.990625,2019,"Statistical Modeling and Measurement Methods","Effect Partitioning in Cross-Sectionally Clustered Data Without Multilevel Models","Effect partitioning is almost exclusively performed with multilevel models (MLMs)–so much so that some have considered the two to be synonymous. MLMs are able to provide estimates with desirable statistical properties when data come from a hierarchical structure; but the random effects included in MLMs are not always integral to the analysis. As a result, other methods with relaxed assumptions are viable options in many cases. Through empirical examples and simulations, we show how generalized estimating equations (GEEs) can be used to effectively partition effects without random effects. We show that more onerous steps of MLMs such as determining the number of random effects and the structure for their covariance can be bypassed with GEEs while still obtaining identical or near-identical results. Additionally, violations of distributional assumptions adversely affect estimates with MLMs but have no effect on GEEs because no such assumptions are made. This makes GEEs a flexible alternative to MLMs with minimal assumptions that may warrant consideration. Limitations of GEEs for partitioning effects are also discussed. © 2019, © 2019 Taylor & Francis Group, LLC."
2,0.990217391304348,2023,"Statistical Modeling and Measurement Methods","What Are the Mathematical Bounds for Coefficient α?","Coefficient α, although ubiquitous in the research literature, is frequently criticized for being a poor estimate of test reliability. In this note, we consider the range of α and prove that it has no lower bound (i.e., α ∈ ( −∞, 1]). While outlining our proofs, we present algorithms for generating data sets that will yield any fixed value of α in its range. We also prove that for some data sets—even those with appreciable item correlations—α is undefined. Although α is a putative estimate of the correlation between parallel forms, it is not a correlation as α can assume any value below −1 (and α values below 0 are nonsensical reliability estimates). In the online supplemental materials, we provide R code for replicating our empirical findings and for generating data sets with user-defined α values. We hope that researchers will use this code to better understand the limitations of α as an index of scale reliability. © 2023 American Psychological Association"
2,0.990217391304348,2024,"Statistical Modeling and Measurement Methods","Improving the Walktrap Algorithm Using K-Means Clustering","The walktrap algorithm is one of the most popular community-detection methods in psychological research. Several simulation studies have shown that it is often effective at determining the correct number of communities and assigning items to their proper community. Nevertheless, it is important to recognize that the walktrap algorithm relies on hierarchical clustering because it was originally developed for networks much larger than those encountered in psychological research. In this paper, we present and demonstrate a computational alternative to the hierarchical algorithm that is conceptually easier to understand. More importantly, we show that better solutions to the sum-of-squares optimization problem that is heuristically tackled by hierarchical clustering in the walktrap algorithm can often be obtained using exact or approximate methods for K-means clustering. Three simulation studies and analyses of empirical networks were completed to assess the impact of better sum-of-squares solutions. © 2024 Taylor & Francis Group, LLC."
2,0.99010989010989,2022,"Statistical Modeling and Measurement Methods","Accounting for Heteroskedasticity Resulting from Between-Group Differences in Multilevel Models","Homogeneity of variance (HOV) is a well-known but often untested assumption in the context of multilevel models (MLMs). However, depending on how large the violation is, how different group sizes are, and the variance pairing, standard errors can be over or underestimated even when using MLMs, resulting in questionable inferential tests. We evaluate several tests (e.g., the H statistic, Breusch Pagan, Levene’s test) that can be used with MLMs to assess violations of HOV. Although the traditional robust standard errors used with MLMs require at least 50 clusters to be effective, we assess a robust standard error adjustment (i.e., the CR2 estimator) that can be used even with a few clusters. Findings are assessed using a Monte Carlo simulation and are further illustrated using an applied example. We show that explicitly modeling the heterogenous variance structures or using the CR2 estimator are both effective at ameliorating the issues associated with the fixed effects of the regression model related to violations of HOV resulting from between-group differences. © 2022 Taylor & Francis Group, LLC."
2,0.989887640449438,2016,"Statistical Modeling and Measurement Methods","Specifying Ability Growth Models Using a Multidimensional Item Response Model for Repeated Measures Categorical Ordinal Item Response Data","When categorical ordinal item response data are collected over multiple timepoints from a repeated measures design, an item response theory (IRT) modeling approach whose unit of analysis is an item response is suitable. This study proposes a few longitudinal IRT models and illustrates how a popular compensatory multidimensional IRT model can be utilized to formulate such longitudinal IRT models, which permits an investigation of ability growth at both individual and population levels. The equivalence of an existing multidimensional IRT model and those longitudinal IRT models is also elaborated so that one can make use of an existing multidimensional IRT model to implement the longitudinal IRT models. © 2016 Taylor & Francis Group, LLC."
2,0.988823529411765,2022,"Statistical Modeling and Measurement Methods","A Bayesian Latent Variable Selection Model for Nonignorable Missingness","Missing data are exceedingly common across a variety of disciplines, such as educational, social, and behavioral science areas. Missing not at random (MNAR) mechanism where missingness is related to unobserved data is widespread in real data and has detrimental consequence. However, the existing MNAR-based methods have potential problems such as leaving the data incomplete and failing to accommodate incomplete covariates with interactions, non-linear terms, and random slopes. We propose a Bayesian latent variable imputation approach to impute missing data due to MNAR (and other missingness mechanisms) and estimate the model of substantive interest simultaneously. In addition, even when the incomplete covariates involves interactions, non-linear terms, and random slopes, the proposed method can handle missingness appropriately. Computer simulation results suggested that the proposed Bayesian latent variable selection model (BLVSM) was quite effective when the outcome and/or covariates were MNAR. Except when the sample size was small, estimates from the proposed BLVSM tracked closely with those from the complete data analysis. With a small sample size, when the outcome was less predictable from the covariates, the missingness proportions of the covariates and the outcome were larger, and the missingness selection processes of the covariates and the outcome were more MNAR and MAR, the performance of BLVSM was less satisfactory. When the sample size was large, BLVSM always performed well. In contrast, the method with an MAR assumption provided biased estimates and undercoverage confidence intervals when the missingness was MNAR. The robustness and the implementation of BLVSM in real data were also illustrated. The proposed method is available in the Blimp software application, and the paper includes a data analysis example illustrating its use. © 2021 Taylor & Francis Group, LLC."
3,0.993382352941176,2018,"Child Language, Memory, and Early Cognitive Development","The action is in the task set, not in the action","In 7 experiments we contrasted two accounts for novel sources of attentional bias. According to the action-based account, executing a motor response towards an object causes people to allocate attention preferentially towards properties of that object in a subsequent task even when properties of the acted-on object are task irrelevant. This remarkable view entails that motor processing is in itself sufficient to affect later attentional processing, in the absence of stimulus evaluation and motor preparation. In contrast, the attentional template matching account posits that observing an external object that matches one's prior attentional settings increases processing of that object even when properties of the item are no longer task relevant. Our findings indicate that when properties of a stimulus are task irrelevant, acting towards that object does not produce priming effects over and above what is observed from passive viewing of the object. Furthermore, when properties of the stimulus are task relevant, effects on attention are observed only when participants have sufficient information to generate a task based attentional template of the upcoming stimulus, regardless of whether they act towards the stimulus or not. Finally, effects on attention are found under conditions when participants are likely to experience an attentional template match but do not produce a response. Collectively, these results reveal that previously reported motor-based effects on attention instead reflect the effects of attentional bias towards objects that serve as prior targets. Our findings thus provide strong support for the attentional template view and no support for the action-based view. © 2017 Elsevier Inc."
3,0.991666666666667,2019,"Child Language, Memory, and Early Cognitive Development","Interactive contexts increase informativeness in children's referential communication","Adults adjust the informativeness of their utterances to the needs of their addressee. For children, however, relevant evidence is mixed. In this article we explore the communicative circumstances under which children offer informative descriptions. In Experiment 1, 4- and 5-year-old children and adults described a target event from a pair of almost identical events to a passive confederate listener who could either see or not see the referents. Adults provided disambiguating information that picked out the target event but children massively failed to do so (even though 5-year-olds were more informative than 4-year-olds). Furthermore, both children and adults were more likely to mention atypical than typical disambiguating event components. Because of the contrastive nature of the task, the listener's visual access had no effects on production. Experiment 2 was a more interactive version of Experiment 1 where participants played a guessing game with a ""naïve"" listener. In this context, children (and adults) became overall more informative, and the difference between child groups disappeared. We conclude that the informativeness of children's event descriptions is heavily context-dependent and is boosted when children engage in a collaborative interaction with a ""true"" interlocutor. © 2019 American Psychological Association."
3,0.991588785046729,2021,"Child Language, Memory, and Early Cognitive Development","Now You Hear Me, Later You Don’t: The Immediacy of Linguistic Computation and the Representation of Speech","What happens to an acoustic signal after it enters the mind of a listener? Previous work has demonstrated that listeners maintain intermediate representations over time. However, the internal structure of such representations—be they the acoustic-phonetic signal or more general information about the probability of possible categories—remains underspecified. We present two experiments using a novel speaker-adaptation paradigm aimed at uncovering the format of speech representations. We exposed adult listeners (N = 297) to a speaker whose utterances contained acoustically ambiguous information concerning phones (and thus words), and we manipulated the temporal availability of disambiguating cues via visually presented text (presented before or after each utterance). Results from a traditional phoneme-categorization task showed that listeners adapted to a modified acoustic distribution when disambiguating text was provided before but not after the audio. These results support the position that speech representations consist of activation over categories and are inconsistent with direct maintenance of the acoustic-phonetic signal. © The Author(s) 2021."
3,0.991346153846154,2016,"Child Language, Memory, and Early Cognitive Development","The development of visual search in infancy: Attention to faces versus salience","Four experiments examined how faces compete with physically salient stimuli for the control of attention in 4-, 6-, and 8-month-old infants (N = 117 total). Three computational models were used to quantify physical salience. We presented infants with visual search arrays containing a face and familiar object(s), such as shoes and flowers. Six- and 8-month-old infants looked first and longest at faces; their looking was not strongly influenced by physical salience. In contrast, 4-month-old infants showed a visual preference for the face only when the arrays contained 2 items and the competitor was relatively low in salience. When the arrays contained many items or the only competitor was relatively high in salience, 4-month-old infants' looks were more often directed at the most salient item. Thus, over ages of 4 to 8 months, physical salience has a decreasing influence and faces have an increasing influence on where and how long infants look. © 2016 American Psychological Association."
3,0.991176470588235,2022,"Child Language, Memory, and Early Cognitive Development","What You See Is What You Hear: Sounds Alter the Contents of Visual Perception","Visual object recognition is not performed in isolation but depends on prior knowledge and context. Here, we found that auditory context plays a critical role in visual object perception. Using a psychophysical task in which naturalistic sounds were paired with noisy visual inputs, we demonstrated across two experiments (young adults; ns = 18–40 in Experiments 1 and 2, respectively) that the representations of ambiguous visual objects were shifted toward the visual features of an object that were related to the incidental sound. In a series of control experiments, we found that these effects were not driven by decision or response biases (ns = 40–85) nor were they due to top-down expectations (n = 40). Instead, these effects were driven by the continuous integration of audiovisual inputs during perception itself. Together, our results demonstrate that the perceptual experience of visual objects is directly shaped by naturalistic auditory context, which provides independent and diagnostic information about the visual world. © The Author(s) 2022."
3,0.991,2020,"Child Language, Memory, and Early Cognitive Development","Broken Physics: A Conjunction-Fallacy Effect in Intuitive Physical Reasoning","One remarkable aspect of human cognition is our ability to reason about physical events. This article provides novel evidence that intuitive physics is subject to a peculiar error, the classic conjunction fallacy, in which people rate the probability of a conjunction of two events as more likely than one constituent (a logical impossibility). Participants viewed videos of physical scenarios and judged the probability that either a single event or a conjunction of two events would occur. In Experiment 1 (n = 60), participants consistently rated conjunction events as more likely than single events for the same scenes. Experiment 2 (n = 180) extended these results to rule out several alternative explanations. Experiment 3 (n = 100) generalized the finding to different scenes. This demonstration of conjunction errors contradicts claims that such errors should not appear in intuitive physics and presents a serious challenge to current theories of mental simulation in physical reasoning. © The Author(s) 2020."
3,0.99,2019,"Child Language, Memory, and Early Cognitive Development","Cues to individuation facilitate 6-month-old infants' visual short-term memory","Infants' ability to perform visual short-term memory (VSTM) tasks develops rapidly between 6 and 8 months. Here we tested the hypothesis that infants' VSTM performance is influenced by their ability to individuate simultaneously presented objects. We used a one-shot change detection task to ask whether 6-month-old infants (N = 47) would detect a change in the color of 1 item in a 2-item array when the stimulus context facilitated individuation of the items. In Experiment 1 the 2 items in the display differed in shape and color and in Experiment 2 the onset and offset times of the 2 items differed. In both experiments, 6-month-old infants detected a change, contrasting with previous results. Thus, young infants' encoding of information about individual items in multiple-item arrays is related to their ability to individuate those items. © 2019 American Psychological Association."
3,0.98953488372093,2019,"Child Language, Memory, and Early Cognitive Development","Familiar Object Salience Affects Novel Word Learning","Children use the presence of familiar objects with known names to identify the correct referents of novel words. In natural environments, objects vary widely in salience. The presence of familiar objects may sometimes hinder rather than help word learning. To test this hypothesis, 3-year-olds (N = 36) were shown novel objects paired with familiar objects that varied in their visual salience. When the novel objects were labeled, children were slower and less accurate at fixating them in the presence of highly salient familiar objects than in the presence of less salient familiar objects. They were also less successful in retaining these word-referent pairings. While familiar objects may facilitate novel word learning in ambiguous situations, the properties of familiar objects matter. © 2018 The Authors. Child Development © 2018 Society for Research in Child Development, Inc."
3,0.989156626506024,2018,"Child Language, Memory, and Early Cognitive Development","Unpacking the Ontogeny of Gesture Understanding: How Movement Becomes Meaningful Across Development","Gestures, hand movements that accompany speech, affect children's learning, memory, and thinking (e.g., Goldin-Meadow, 2003). However, it remains unknown how children distinguish gestures from other kinds of actions. In this study, 4- to 9-year-olds (n = 339) and adults (n = 50) described one of three scenes: (a) an actor moving objects, (b) an actor moving her hands in the presence of objects (but not touching them), or (c) an actor moving her hands in the absence of objects. Participants across all ages were equally able to identify actions on objects as goal directed, but the ability to identify empty-handed movements as representational actions (i.e., as gestures) increased with age and was influenced by the presence of objects, especially in older children. © 2017 The Authors. Child Development © 2017 Society for Research in Child Development, Inc."
3,0.988157894736842,2016,"Child Language, Memory, and Early Cognitive Development","Unselective Overimitators: The Evolutionary Implications of Children's Indiscriminate Copying of Successful and Prestigious Models","Children are both shrewd about whom to copy-they selectively learn from certain adults-and overimitators-they copy adults' obviously superfluous actions. Is overimitation also selective? Does selectivity change with age? In two experiments, 161 two- to seven-year-old children saw videos of one adult receiving better payoffs or more bystander attention than another. Children then watched the adults perform unnecessary actions on novel transparent devices. Children preferred the adult who received greater payoffs or bystander attention when asked questions like ""Who do you think is smarter?"" but overimitated both adults' unnecessary actions equally. Although older children overimitated more, unselectivity was consistent across ages. This pattern hints at a plausible adaptive function of overimitation: acquiring rarely demonstrated behaviors by practising them immediately. © 2016 The Society for Research in Child Development, Inc."
3,0.987974683544304,2018,"Child Language, Memory, and Early Cognitive Development","Spatial metaphor and the development of cross-domain mappings in early childhood","Spatial language is often used metaphorically to describe other domains, including time (long sound) and pitch (high sound). How does experience with these metaphors shape the ability to associate space with other domains? Here, we tested 3- to 6-year-old English-speaking children and adults with a crossdomain matching task. We probed cross-domain relations that are expressed in English metaphors for time and pitch (length-time and height-pitch) as well as relations that are unconventional in English but expressed in other languages (size-time and thickness-pitch). Participants were tested with a perceptual matching task, in which they matched between spatial stimuli and sounds of different durations or pitches, and a linguistic matching task, in which they matched between a label denoting a spatial attribute, duration, or pitch and a picture or sound representing another dimension. Contrary to previous claims that experience with linguistic metaphors is necessary for children to make cross-domain mappings, children performed above chance for both familiar and unfamiliar relations in both tasks, as did adults. Children's performance was also better when a label was provided for one of the dimensions, but only when making length-time, size-time, and height-pitch mappings (not thickness-pitch mappings). These findings suggest that although experience with metaphorical language is not necessary to make cross-domain mappings, labels can promote these mappings, both when they have familiar metaphorical uses (e.g., English long denotes both length and duration) and when they describe dimensions that share a common ordinal reference frame (e.g., size and duration but not thickness and pitch). © 2018 American Psychological Association."
3,0.984408602150538,2024,"Child Language, Memory, and Early Cognitive Development","Infants can use temporary or scant categorical information to individuate objects","In a standard individuation task, infants see two different objects emerge in alternation from behind a screen. If they can assign distinct categorical descriptors to the two objects, they expect to see both objects when the screen is lowered; if not, they have no expectation at all about what they will see (i.e., two objects, one object, or no object). Why is contrastive categorical information critical for success at this task? According to the kind account, infants must decide whether they are facing a single object with changing properties or two different objects with stable properties, and access to permanent, intrinsic, kind information for each object resolves this difficulty. According to the two-system account, however, contrastive categorical descriptors simply provide the object-file system with unique tags for individuating the two objects and for communicating about them with the physical-reasoning system. The two-system account thus predicts that any type of contrastive categorical information, however temporary or scant it may be, should induce success at the task. Two experiments examined this prediction. Experiment 1 tested 14-month-olds (N = 96) in a standard task using two objects that differed only in their featural properties. Infants succeeded at the task when the object-file system had access to contrastive temporary categorical descriptors derived from the objects’ distinct causal roles in preceding support events (e.g., formerly a support, formerly a supportee). Experiment 2 tested 9-month-olds (N = 96) in a standard task using two objects infants this age typically encode as merely featurally distinct. Infants succeeded when the object-file system had access to scant categorical descriptors derived from the objects’ prior inclusion in static arrays of similarly shaped objects (e.g., block-shaped objects, cylinder-shaped objects). These and control results support the two-system account's claim that in a standard task, contrastive categorical descriptors serve to provide the object-file system with unique tags for the two objects. © 2024 Elsevier Inc."
3,0.98,2017,"Child Language, Memory, and Early Cognitive Development","Categories and Constraints in Causal Perception","When object A moves adjacent to a stationary object, B, and in that instant A stops moving and B starts moving, people irresistibly see this as an event in which A causes B to move. Real-world causal collisions are subject to Newtonian constraints on the relative speed of B following the collision, but here we show that perceptual constraints on the relative speed of B (which align imprecisely with Newtonian principles) define two categories of causal events in perception. Using performance-based tasks, we show that triggering events, in which B moves noticeably faster than A, are treated as being categorically different from launching events, in which B does not move noticeably faster than A, and that these categories are unique to causal events (Experiments 1 and 2). Furthermore, we show that 7- to 9-month-old infants are sensitive to this distinction, which suggests that this boundary may be an early-developing component of causal perception (Experiment 3). © 2017, © The Author(s) 2017."
3,0.978409090909091,2016,"Child Language, Memory, and Early Cognitive Development","Taming the White Bear: Initial Costs and Eventual Benefits of Distractor Inhibition","Previous research indicates that prior information about a target feature, such as its color, can speed search. Can search also be speeded by knowing what a target will not look like? In the two experiments reported here, participants searched for target letters. Prior to viewing search displays, participants were prompted either with the color in which one or more nontarget letters would appear (ignore trials) or with no information about the search display (neutral trials). Critically, when participants were given one consistent color to ignore for the duration of the experiment, compared with when they were given no information, there was a cost in reaction time (RT) early in the experiment. However, after extended practice, RTs on ignore trials were significantly faster than RTs on neutral trials, which provides a novel demonstration that knowledge about nontargets can improve search performance for targets. When the to-be-ignored color changed from trial to trial, no RT benefit was observed. © 2016, © The Author(s) 2016."
3,0.976923076923077,2020,"Child Language, Memory, and Early Cognitive Development","Developmental changes in infants’ and children’s attention to faces and salient regions vary across and within video stimuli.","Visual attention in complex, dynamic scenes is attracted to locations that contain socially relevant features, such as faces, and to areas that are visually salient. Previous work suggests that there is a global shift over development such that observers increasingly attend to faces with age. However, no prior work has tested whether this shift is truly global, that is, consistent across and within stimuli despite variations in content. To test the global shift hypothesis, we recorded eye movements of 89 children (6 months to 10 years) and adults while they viewed 7 video clips. We measured the extent to which each participant attended to faces and to salient areas for each video. There was no evidence of global age-related changes in attention: Neither feature showed consistent increases or decreases with age. Moreover, windowed analyses within each stimulus video revealed significant moment-to-moment variations in the relation between age and each visual feature (via a bootstrapping analysis). For some time windows, adults looked more often at both feature types compared to infants and children. However, for other time windows, the pattern was reversed—younger participants looked more at faces and salient locations. Lack of consistent directional effects provides strong evidence against the global shift hypothesis. We suggest an alternative explanation: Over development, observers increasingly prioritize when and where to look by learning to track which features are relevant within a scene. Implications for the development of visual attention and children’s understanding of screen-based media are discussed. (PsycInfo Database Record (c) 2020 APA, all rights reserved) © 2020 American Psychological Association"
3,0.975949367088608,2017,"Child Language, Memory, and Early Cognitive Development","Out of Reach, Out of Mind? Infants’ Comprehension of References to Hidden Inaccessible Objects","This study investigated the nature of infants’ difficulty understanding references to hidden inaccessible objects. Twelve-month-old infants (N = 32) responded to the mention of objects by looking at, pointing at, or approaching them when the referents were visible or accessible, but not when they were hidden and inaccessible (Experiment I). Twelve-month-olds (N = 16) responded robustly when a container with the hidden referent was moved from a previously inaccessible position to an accessible position before the request, but failed to respond when the reverse occurred (Experiment II). This suggests that infants might be able to track the hidden object's dislocations and update its accessibility as it changes. Knowing the hidden object is currently inaccessible inhibits their responding. Older, 16-month-old (N = 17) infants’ performance was not affected by object accessibility. © 2016 The Authors. Child Development © 2016 Society for Research in Child Development, Inc."
3,0.973648648648649,2023,"Child Language, Memory, and Early Cognitive Development","It's not just what we don't know: The mapping problem in the acquisition of negation","How do learners learn what no and not mean when they are only presented with what is? Given its complexity, abstractness, and roles in logic, truth-functional negation might be a conceptual accomplishment. As a result, young children's gradual acquisition of negation words might be due to their undergoing a gradual conceptual change that is necessary to represent those words’ logical meaning. However, it's also possible that linguistic expressions of negation take time to learn because of children's gradually increasing grasp of their language. To understand what no and not mean, children might first need to understand the rest of the sentences in which those words are used. We provide experimental evidence that conceptually equipped learners (adults) face the same acquisition challenges that children do when their access to linguistic information is restricted, which simulates how much language children understand at different points in acquisition. When watching a silenced video of naturalistic uses of negators by parents speaking to their children, adults could tell when the parent was prohibiting the child and struggled with inferring that negators were used to express logical negation. However, when provided with additional information about what else the parent said, guessing that the parent had expressed logical negation became easy for adults. Though our findings do not rule out that young learners also undergo conceptual change, they show that increasing understanding of language alone, with no accompanying conceptual change, can account for the gradual acquisition of negation words. © 2023 Elsevier Inc."
3,0.969473684210526,2018,"Child Language, Memory, and Early Cognitive Development","Visual Memories Bypass Normalization","How distinct are visual memory representations from visual perception? Although evidence suggests that briefly remembered stimuli are represented within early visual cortices, the degree to which these memory traces resemble true visual representations remains something of a mystery. Here, we tested whether both visual memory and perception succumb to a seemingly ubiquitous neural computation: normalization. Observers were asked to remember the contrast of visual stimuli, which were pitted against each other to promote normalization either in perception or in visual memory. Our results revealed robust normalization between visual representations in perception, yet no signature of normalization occurring between working memory stores—neither between representations in memory nor between memory representations and visual inputs. These results provide unique insight into the nature of visual memory representations, illustrating that visual memory representations follow a different set of computational rules, bypassing normalization, a canonical visual computation. © 2018, © The Author(s) 2018."
3,0.968478260869565,2017,"Child Language, Memory, and Early Cognitive Development","Number prompts left-to-right spatial mapping in toddlerhood","Toddlers performed a spatial mapping task in which they were required to learn the location of a hidden object in a vertical array and then transpose this location information 90° to a horizontal array. During the vertical training, they were given (a) no labels, (b) alphabetical labels, or (c) numerical labels for each potential spatial location. After the array was transposed to become a horizontal continuum, the children who were provided with numerical labels during training and those who heard alphabetical labels and formed a strong memory for the vertical location, selectively chose the location corresponding to a left-to-right mapping bias. Children who received no concurrent ordinal labels during training were not able to transpose the array, and did not exhibit any spatial directionality bias after transposition. These results indicate that children exhibit more flexible spatial mapping than other animals, and this mapping is modulated depending on the type of concurrent ordinal information the child receives. © 2017 American Psychological Association."
3,0.9675,2019,"Child Language, Memory, and Early Cognitive Development","Adaptive Flexibility in Category Learning? Young Children Exhibit Smaller Costs of Selective Attention Than Adults","Previous research has shown that when learning categories, adults and young children allocate attention differently. Adults tend to attend selectively, focusing primarily on the most relevant information, whereas young children tend to distribute their attention broadly. Although selective attention is useful in many situations, it also has costs. In addition to ignoring information that may turn out to be useful later, selective attention can have long-term costs, such as learned inattention—ignoring formerly irrelevant sources of information in novel situations. In 2 reported experiments, adults and 4-year-old children completed a category learning task in which an unannounced shift occurred such that information that was most relevant became irrelevant, whereas formerly irrelevant information became relevant. Costs stemming from this shift were assessed. The results indicate that adults exhibit greater costs due to learned inattention than young children. Distributing attention may be adaptive in young children, making them flexible to changing contingencies in the world and facilitating broad information gathering, both of which are useful when general knowledge about the environment is limited. © 2019 American Psychological Association"
3,0.967415730337079,2019,"Child Language, Memory, and Early Cognitive Development","Visual Constancies Amidst Changes in Handled Objects for 5- to 24-Month-Old Infants","Manual skills slowly develop throughout infancy and have been shown to create clear views of objects that provide better support for visually sustained attention, recognition, memory, and learning. These clear views may coincide with the development of manual skills, or that social scaffolding supports clear viewing experiences like those generated by toddlers during active object exploration. This study used a head-mounted eye tracker to record 5- to 24-month-olds’ object views during repeated mother-infant play sessions (Ns = 18). Results show an early beginning of scaffolding in which parents generate views similar to those of older infants and toddlers, resulting in increased fixations to objects. The finding implicates parents as early scaffolders of object attention and learning. © 2018 Society for Research in Child Development"
3,0.966666666666667,2020,"Child Language, Memory, and Early Cognitive Development","Where Infants Go: Real-Time Dynamics of Locomotor Exploration in Crawling and Walking Infants","Where do infants go? A longstanding assumption is that infants primarily crawl or walk to reach destinations viewed while stationary. However, many bouts of spontaneous locomotion do not end at new people, places, or things. Study 1 showed that half of 10- and 13-month-old crawlers’ (N = 29) bouts end at destinations—more than previously found with walkers. Study 2 confirmed that, although infants do not commonly go to destinations, 12-month-old crawlers go to proportionally more destinations than age-matched walkers (N = 16). Head-mounted eye tracking revealed that crawlers and walkers mostly take steps in place while fixating something within reach. When infants do go to a destination, they take straight, short paths to a target fixated while stationary. © 2019 Society for Research in Child Development"
3,0.96578947368421,2017,"Child Language, Memory, and Early Cognitive Development","Rapid Statistical Learning Supporting Word Extraction From Continuous Speech","The identification of words in continuous speech, known as speech segmentation, is a critical early step in language acquisition. This process is partially supported by statistical learning, the ability to extract patterns from the environment. Given that speech segmentation represents a potential bottleneck for language acquisition, patterns in speech may be extracted very rapidly, without extensive exposure. This hypothesis was examined by exposing participants to continuous speech streams composed of novel repeating nonsense words. Learning was measured on-line using a reaction time task. After merely one exposure to an embedded novel word, learners demonstrated significant learning effects, as revealed by faster responses to predictable than to unpredictable syllables. These results demonstrate that learners gained sensitivity to the statistical structure of unfamiliar speech on a very rapid timescale. This ability may play an essential role in early stages of language acquisition, allowing learners to rapidly identify word candidates and “break in” to an unfamiliar language. © 2017, © The Author(s) 2017."
3,0.965697674418605,2016,"Child Language, Memory, and Early Cognitive Development","Enhanced attention to speaking faces versus other event types emerges gradually across infancy","The development of attention to dynamic faces versus objects providing synchronous audiovisual versus silent visual stimulation was assessed in a large sample of infants. Maintaining attention to the faces and voices of people speaking is critical for perceptual, cognitive, social, and language development. However, no studies have systematically assessed when, if, or how attention to speaking faces emerges and changes across infancy. Two measures of attention maintenance, habituation time (HT) and look-away rate (LAR), were derived from cross-sectional data of 2- to 8-month-old infants (N = 801). Results indicated that attention to audiovisual faces and voices was maintained across age, whereas attention to each of the other event types (audiovisual objects, silent dynamic faces, silent dynamic objects) declined across age. This reveals a gradually emerging advantage in attention maintenance (longer HTs, lower LARs) for audiovisual speaking faces compared with the other 3 event types. At 2 months, infants showed no attentional advantage for faces (with greater attention to audiovisual than to visual events); at 3 months, they attended more to dynamic faces than objects (in the presence or absence of voices), and by 4 to 5 and 6 to 8 months, significantly greater attention emerged to temporally coordinated faces and voices of people speaking compared with all other event types. Our results indicate that selective attention to coordinated faces and voices over other event types emerges gradually across infancy, likely as a function of experience with multimodal, redundant stimulation from person and object events. © 2016 American Psychological Association."
3,0.962820512820513,2021,"Child Language, Memory, and Early Cognitive Development","Reasoning Through the Disjunctive Syllogism in Monkeys","The capacity for logical inference is a critical aspect of human learning, reasoning, and decision-making. One important logical inference is the disjunctive syllogism: given A or B, if not A, then B. Although the explicit formation of this logic requires symbolic thought, previous work has shown that nonhuman animals are capable of reasoning by exclusion, one aspect of the disjunctive syllogism (e.g., not A = avoid empty). However, it is unknown whether nonhuman animals are capable of the deductive aspects of a disjunctive syllogism (the dependent relation between A and B and the inference that “if not A, then B” must be true). Here, we used a food-choice task to test whether monkeys can reason through an entire disjunctive syllogism. Our results show that monkeys do have this capacity. Therefore, the capacity is not unique to humans and does not require language. © The Author(s) 2021."
3,0.9625,2020,"Child Language, Memory, and Early Cognitive Development","Using eye-tracking to understand relations between visual attention and language in children's spatial skills","Relations between children's spatial language and spatial skills raise questions regarding whether the effects are unique to language or reflect non-linguistic processes. Different paradigms provided mixed evidence: experimenter-provided language supports spatial performance more than visual cues; however, children's non-verbal attention predicts their spatial performance more than their language production. The current study used eye-tracking during spatial recall to compare effects of language versus visual cues. Four- to five-year-old children completed two tasks requiring memory for the location of a toy under one of four cups in an array of cups and landmarks after a 5 s delay and array rotation. Children first completed the baseline task with non-specific cues, followed by the cue-manipulation task with either language, visual, or non-specific cues provided by the experimenter. As in prior studies, language cues were most effective in facilitating recall. Children's visual attention was directed by both language and visual cues to support their recall. However, visual attention only partially mediated the effects of language: language supported recall above and beyond directing visual attention. These results indicate that visual attention supports spatial recall, but language has additional unique influences. This may result from language providing a more coherent or redundant code to visual information, or due to the pragmatic nature of language cueing relevance in ways visual cues do not. Additionally, differences across conditions may reflect more benefit from endogenous versus exogenous attentional control. Through using eye-tracking, this research provided new insights into processes by which language and visual attention influence children's spatial cognition. © 2019 Elsevier Inc."
3,0.957142857142857,2016,"Child Language, Memory, and Early Cognitive Development","Children use object-level category knowledge to detect changes in complex auditory scenes","Children interact with and learn about all types of sound sources, including dogs, bells, trains, and human beings. Although it is clear that knowledge of semantic categories for everyday sights and sounds develops during childhood, there are very few studies examining how children use this knowledge to make sense of auditory scenes. We used a change deafness paradigm and an object-encoding task to investigate how children (6, 8, and 10 years of age) and adults process auditory scenes composed of everyday sounds (e.g., human voices, animal calls, environmental sounds, and musical instruments). Results indicated that although change deafness was present and robust at all ages, listeners improved at detecting changes with age. All listeners were less sensitive to changes within the same semantic category than to small acoustic changes, suggesting that, regardless of age, listeners relied heavily on semantic category knowledge to detect changes. Furthermore, all listeners showed less change deafness when they correctly encoded change-relevant objects (i.e., when they remembered hearing the changing object during the task). Finally, we found that all listeners were better at encoding human voices and were more sensitive to detecting changes involving the human voice. Despite poorer overall performance compared with adults, children detect changes in complex auditory scenes much like adults, using high-level knowledge about auditory objects to guide processing, with special attention to the human voice. © 2016 American Psychological Association."
3,0.9546875,2016,"Child Language, Memory, and Early Cognitive Development","Children's Pragmatic Inferences as a Route for Learning About the World","This study investigated whether children can infer category properties based on how a speaker describes an individual (e.g., saying something is a ""small zib"" implies that zibs are generally bigger than this one). Three- to 5-year-olds (N = 264) from a university preschool and a children's museum were tested on their ability to make this sort of contrast inference. Children made some inferences from adjective choice alone (Experiment 1); performance increased as more cues to contrast were added (Experiments 2 and 3). Control studies show that these findings are not due to the particular properties used or the structure of these tasks (Experiments 4 and 5). These findings suggest that sensitivity to speakers' production choices may help children learn about the world. © 2016 The Society for Research in Child Development, Inc."
3,0.95462962962963,2024,"Child Language, Memory, and Early Cognitive Development","Cutting Through the Noise: Auditory Scenes and Their Effects on Visual Object Processing","Despite the intuitive feeling that our visual experience is coherent and comprehensive, the world is full of ambiguous and indeterminate information. Here we explore how the visual system might take advantage of ambient sounds to resolve this ambiguity. Young adults (ns = 20–30) were tasked with identifying an object slowly fading in through visual noise while a task-irrelevant sound played. We found that participants demanded more visual information when the auditory object was incongruent with the visual object compared to when it was not. Auditory scenes, which are only probabilistically related to specific objects, produced similar facilitation even for unheard objects (e.g., a bench). Notably, these effects traverse categorical and specific auditory and visual-processing domains as participants performed across-category and within-category visual tasks, underscoring cross-modal integration across multiple levels of perceptual processing. To summarize, our study reveals the importance of audiovisual interactions to support meaningful perceptual experiences in naturalistic settings. © The Author(s) 2024."
3,0.95462962962963,2016,"Child Language, Memory, and Early Cognitive Development","Is Seeing Gesture Necessary to Gesture Like a Native Speaker?","Speakers of all languages gesture, but there are differences in the gestures that they produce. Do speakers learn language-specific gestures by watching others gesture or by learning to speak a particular language? We examined this question by studying the speech and gestures produced by 40 congenitally blind adult native speakers of English and Turkish (n = 20/language), and comparing them with the speech and gestures of 40 sighted adult speakers in each language (20 wearing blindfolds, 20 not wearing blindfolds). We focused on speakers’ descriptions of physical motion, which display strong cross-linguistic differences in patterns of speech and gesture use. Congenitally blind speakers of English and Turkish produced speech that resembled the speech produced by sighted speakers of their native language. More important, blind speakers of each language used gestures that resembled the gestures of sighted speakers of that language. Our results suggest that hearing a particular language is sufficient to gesture like a native speaker of that language. © 2016, © The Author(s) 2016."
3,0.953571428571429,2020,"Child Language, Memory, and Early Cognitive Development","Questions Can Answer Questions About Mechanisms of Preschoolers’ Selective Word Learning","This study examined how inferences about epistemic competence and generalized labeling errors influence children’s selective word learning. Three- to 4-year-olds (N = 128) learned words from informants who asked questions about objects, mentioning either correct or incorrect labels. Such questions do not convey stark differences in informants’ epistemic competence. Inaccurate labels, however, generate error signals that can lead to weaker encoding of novel information. Preschoolers retained novel labels from both informants but were slower to respond in the Inaccurate Labeler condition. When the test procedure was not sensitive to the strength of information encoding, children performed above chance in both conditions and their response times did not differ. These results suggest that epistemic-level inferences and error generalizations influence preschoolers’ selective word learning concurrently. © 2020 Society for Research in Child Development"
3,0.953012048192771,2019,"Child Language, Memory, and Early Cognitive Development","The Privileged Status of Knowing Mechanistic Information: An Early Epistemic Bias","Four studies with 180 5–7 year olds, 165 8–11 year olds and 199 adults show that young children appreciate the distinctive role played by mechanistic explanations in tracking causal patterns. Young children attributed greater knowledge to individuals offering mechanistic reasons for a claim than others who provide equally detailed nonmechanistic reasons. In Study 1, 5–7 year olds attributed greater knowledge to those offering mechanistic reasons. In Studies 2 and 3, all ages (5–7 and adults for Study 2; 5–7, 8–11 and adults for Study 3) assigned greater knowledge to those offering mechanistic reasons about causally central features than those offering nonmechanistic reasons. In Study 4, all ages (5–7, 8–11, adults) modulated the epistemic bias as a function of embedding goals. © 2019 Society for Research in Child Development"
3,0.952884615384615,2016,"Child Language, Memory, and Early Cognitive Development","Two-year-olds interpret novel phonological neighbors as familiar words","When children hear a novel word in a context presenting a novel object and a familiar one, they usually assume that the novel word refers to the novel object. In a series of experiments, we tested whether this behavior would be found when 2-year-olds interpreted novel words that differed phonologically from familiar words in only 1 sound, either a vowel or consonant. Under these conditions children almost always chose the familiar object, though examination of eye movements showed that children did detect the tested phonological distinctions. Thus, children discounted perceptible phonological variations when doing so permitted a resolution of the speaker's meaning without postulating a new word. Children with larger vocabularies made novel-word interpretations more often than children with smaller vocabularies did. The results suggest that although young children do interpret speech in terms of a learned phonological system, this does not mean that children assume that phonological distinctions imply lexical distinctions. © 2016 American Psychological Association."
3,0.952427184466019,2019,"Child Language, Memory, and Early Cognitive Development","Enhancement and Suppression Flexibly Guide Attention","Previous research suggests that observers can suppress salient-but-irrelevant stimuli in a top-down manner. However, one question left unresolved is whether such suppression is, in fact, solely due to distractor-feature suppression or whether it instead also reflects some degree of target-feature enhancement. The present study (N = 60) addressed this issue. On search trials (70% of trials), participants searched for a shape target when an irrelevant color singleton was either present or absent; performance was better when a color singleton was present. On interleaved probe trials (30% of trials), participants searched for a letter target. Responses were faster for the letter on a target-colored item than on a neutral-colored item, whereas responses were slower for the letter on a distractor-colored item than on a neutral-colored item. The results demonstrate that target-feature enhancement and distractor-feature suppression contribute to attentional guidance independently; enhancement and suppression flexibly guide attention as the occasion demands. © The Author(s) 2019."
3,0.952427184466019,2017,"Child Language, Memory, and Early Cognitive Development","Action Experience Drives Visual-Processing Biases Near the Hands","Observers experience affordance-specific biases in visual processing for objects within the hands’ grasping space, but the mechanism that tunes visual cognition to facilitate action remains unknown. I investigated the hypothesis that altered vision near the hands is a result of experience-driven plasticity. Participants performed motion-detection and form-perception tasks—while their hands were either near the display, in atypical grasping postures, or positioned in their laps—both before and after learning novel grasp affordances. Participants showed enhanced temporal sensitivity for stimuli viewed near the backs of the hands after training to execute a power grasp using the backs of their hands (Experiment 1), but showed enhanced spatial sensitivity for stimuli viewed near the tips of their little fingers after training to use their little fingers to execute a precision grasp (Experiment 2). These results show that visual biases near the hands are plastic, facilitating processing of information relevant to learned grasp affordances. © 2016, © The Author(s) 2016."
3,0.950420168067227,2018,"Child Language, Memory, and Early Cognitive Development","Developmental reversals in false memory: Development is complementary, not compensatory","We report the 1st example of a true complementarity effect in memory development-a situation in which memory for the same event simultaneously becomes more and less accurate between early childhood and adulthood. We investigated this paradoxical effect because fuzzy-trace theory predicts that it can occur in paradigms that produce developmental reversals in false memory, which are circumstances in which adults are more likely than children to remember new events as old. The complementarity prediction is this: If subjects separately judge whether those same events are new but similar to old ones, adults will be more accurate than children, even though adults are less accurate when they judge whether the items are old. We report 4 experiments in which children (6- and 10-year-olds), adolescents (14-year-olds), and adults encoded the modal developmental reversal materials: Deese-Roediger-Mc- Dermott lists. Then, they responded to memory tests on which half the subjects judged whether test items were old and half judged whether the same items were new-similar. The paradoxical complementarity effect was detected in all experiments: The tendency to falsely remember new-similar items as being old increased with development, but so did the tendency to correctly remember them as being new-similar. © 2018 American Psychological Association."
3,0.948684210526316,2017,"Child Language, Memory, and Early Cognitive Development","Young Children's Use of Surface and Object Information in Drawings of Everyday Scenes","Pictorial symbols such as photographs, drawings, and maps are ubiquitous in modern cultures. Nevertheless, it remains unclear how children relate these symbols to the scenes that they represent. The present work investigates 4-year-old children's (N = 144) sensitivity to extended surface layouts and objects when using drawings of a room to find locations in that room. Children used either extended surfaces or objects when interpreting drawings, but they did not combine these two types of information to disambiguate target locations. Moreover, children's evaluations of drawings depicting surfaces or objects did not align with their use of such information in those drawings. These findings suggest that pictures of all kinds serve as media in which children deploy symbolic spatial skills flexibly and automatically. © 2016 The Authors. Child Development © 2016 Society for Research in Child Development, Inc."
3,0.947787610619469,2022,"Child Language, Memory, and Early Cognitive Development","Storage in Visual Working Memory Recruits a Content-Independent Pointer System","Past work has shown that storage in working memory elicits stimulus-specific neural activity that tracks the stored content. Here, we present evidence for a distinct class of load-sensitive neural activity that indexes items without representing their contents per se. We recorded electroencephalogram (EEG) activity while adult human subjects stored varying numbers of items in visual working memory. Multivariate analysis of the scalp topography of EEG voltage enabled precise tracking of the number of individuated items stored and robustly predicted individual differences in working memory capacity. Critically, this signature of working memory load generalized across variations in both the type and number of visual features stored about each item, suggesting that it tracked the number of individuated memory representations and not the content of those memories. We hypothesize that these findings reflect the operation of a capacity-limited pointer system that supports on-line storage and attentive tracking. © The Author(s) 2022."
3,0.944354838709677,2023,"Child Language, Memory, and Early Cognitive Development","Cross-Modal Facilitation of Episodic Memory by Sequential Action Execution","Throughout our lives, the actions we produce are often highly familiar and repetitive (e.g., commuting to work). However, layered upon these routine actions are novel, episodic experiences. Substantial research has shown that prior knowledge can facilitate learning of conceptually related new information. But despite the central role our behavior plays in real-world experience, it remains unclear how engagement in a familiar sequence of actions influences memory for unrelated, nonmotor information coincident with those actions. To investigate this, we had healthy young adults encode novel items while simultaneously following a sequence of actions (key presses) that was either predictable and well-learned or random. Across three experiments (N = 80 each), we found that temporal order memory, but not item memory, was significantly enhanced for novel items encoded while participants executed predictable compared with random action sequences. These results suggest that engaging in familiar behaviors during novel learning scaffolds within-event temporal memory, an essential feature of episodic experiences. © The Author(s) 2023."
3,0.944318181818182,2022,"Child Language, Memory, and Early Cognitive Development","Navigable Space and Traversable Edges Differentially Influence Reorientation in Sighted and Blind Mice","Reorientation enables navigators to regain their bearings after becoming lost. Disoriented individuals primarily reorient themselves using the geometry of a layout, even when other informative cues, such as landmarks, are present. Yet the specific strategies that animals use to determine geometry are unclear. Moreover, because vision allows subjects to rapidly form precise representations of objects and background, it is unknown whether it has a deterministic role in the use of geometry. In this study, we tested sighted and congenitally blind mice (Ns = 8–11) in various settings in which global shape parameters were manipulated. Results indicated that the navigational affordances of the context—the traversable space—promote sampling of boundaries, which determines the effective use of geometric strategies in both sighted and blind mice. However, blind animals can also effectively reorient themselves using 3D edges by extensively patrolling the borders, even when the traversable space is not limited by these boundaries. © The Author(s) 2022."
3,0.94235294117647,2025,"Child Language, Memory, and Early Cognitive Development","Perceiving Topological Relations","There are many ways to describe and represent the visuospatial world. A space can be described by its euclidean properties—the size of objects, the angles of boundaries, the distances between them. A space can also be described in nonspatial terms: One could explain the layout of a city by the order of its streets. Somewhere in between, topological representations—such as those commonly depicted in public-transit maps—capture coarse relational structure without precise euclidean detail, offering a relatively efficient, low-dimensional way of capturing spatial content. Here, we ask whether human adults quickly and automatically perceive such relations. In six experiments, we show that differences in simple topological features influence a range of visual tasks from object matching to number estimation to visual search. We discuss the possibility that topological relations are a kind of visual primitive that supports visuospatial representation. © The Author(s) 2025."
3,0.942016806722689,2016,"Child Language, Memory, and Early Cognitive Development","Repetition across successive sentences facilitates young children's word learning","Young children who hear more child-directed speech (CDS) tend to have larger vocabularies later in childhood, but the specific characteristics of CDS underlying this link are currently underspecified. The present study sought to elucidate how the structure of language input boosts learning by investigating whether repetition of object labels in successive sentences-a common feature of natural CDS-promotes young children's efficiency in learning new words. Using a looking-while-listening paradigm, 2-year-old children were taught the names of novel objects, with exposures either repeated across successive sentences or distributed throughout labeling episodes. Results showed successful learning only when label-object pairs had been repeated in blocks of successive sentences, suggesting that immediate opportunities to detect recurring structure facilitate young children's learning. These findings offer insight into how the information flow within CDS might influence vocabulary development, and we consider the findings alongside research showing the benefits of distributing information across time. © 2016 American Psychological Association."
3,0.941059602649007,2019,"Child Language, Memory, and Early Cognitive Development","Infants' selective use of reliable cues in multidimensional language input","Learning always happens from input that contains multiple structures and multiple sources of variability. Though infants possess learning mechanisms to locate structure in the world, lab-based experiments have rarely probed how infants contend with input that contains many different structures and cues. Two experiments explored infants' use of two naturally occurring sources of variability- different sounds and different people-to detect regularities in language. Monolingual infants (9-10 months) heard a male and female talker produce two different speech streams, one of which followed a deterministic pattern (e.g., AAB, le-le-di) and one of which did not. For half of the infants, each speaker produced only one of the streams; for the other half of the infants, each speaker produced 50% of each stream. In Experiment 1, each stream consisted of distinct sounds, and infants successfully demonstrated learning regardless of the correspondence between speaker and stream. In Experiment 2, each stream consisted of the same sounds, and infants failed to show learning, even when speakers provided a perfect cue for separating each stream. Thus, monolingual infants can learn in the presence of multiple speech streams, but these experiments suggest that infants may rely more on sound-based rather than speaker-based distinctions when breaking into the structure of incoming information. This selective use of some cues over others highlights infants' ability to adaptively focus on distinctions that are most likely to be useful as they sort through their inherently multidimensional surroundings. © 2018 American Psychological Association."
3,0.940963855421687,2017,"Child Language, Memory, and Early Cognitive Development","Face Detection and the Development of Own-Species Bias in Infant Macaques","In visually complex environments, numerous items compete for attention. Infants may exhibit attentional efficiency—privileged detection, attention capture, and holding—for face-like stimuli. However, it remains unknown when these biases develop and what role, if any, experience plays in this emerging skill. Here, nursery-reared infant macaques' (Macaca mulatta; n = 10) attention to faces in 10-item arrays of nonfaces was measured using eye tracking. With limited face experience, 3-week-old monkeys were more likely to detect faces and looked longer at faces compared to nonfaces, suggesting a robust face detection system. By 3 months, after peer exposure, infants looked faster to conspecific faces but not heterospecific faces, suggesting an own-species bias in face attention capture, consistent with perceptual attunement. © 2016 The Authors. Child Development © 2016 Society for Research in Child Development, Inc."
3,0.940666666666667,2022,"Child Language, Memory, and Early Cognitive Development","Caregiver Faces Capture 6 to 10-Year-Old Children’s Attention During an Online Visual Search Task","Developing attention skills allow children to parse their complex world by orienting to a subset of especially salient or meaningful inputs. Infants and children are biased to orient to faces and have difficulty ignoring faces when they appear as distractors. Although these past findings suggest that faces are more salient than nonsocial stimuli, it is unclear whether specific types of faces capture attention to a greater extent than others. Caregiver faces are one of the most prevalent and socially motivating stimuli in infants’ and children’s environments, suggesting that they may be biased to orient to caregiver faces to a greater extent than faces in general. Forty-six 6 to 10-year-old children across the United States and Canada completed an online attention capture task in which participants searched for a target within arrays containing multiple distractors. During some trials, either a stranger or the child’s caregiver’s face appeared as one of the distractors. Children showed consistently poorer performance (i.e., increased omission errors, poorer accuracy, and slower response times) when the caregiver face appeared as a distractor, especially during trials in which the target was present and within larger search arrays. These increased performance costs indicate an enhanced orienting bias to caregiver faces, which may reflect increased motivational salience of these faces. © 2022 American Psychological Association"
3,0.94051724137931,2018,"Child Language, Memory, and Early Cognitive Development","Some inferences still take time: Prosody, predictability, and the speed of scalar implicatures","Experimental pragmatics has gained many insights from understanding how people use weak scalar terms (like some) to infer that a stronger alternative (like all) is false. Early studies found that comprehenders initially interpret some without an upper bound, but later results suggest that this inference is sometimes immediate (e.g., Grodner, Klein, Carbary, & Tanenhaus, 2010). The present paper explores whether rapid inferencing depends on the prosody (i.e., summa rather than some of) or predictability of referring expressions (e.g., consistently using some to describe subsets). Eye-tracking experiments examined looks to subsets (2-of-4 socks) and total sets (3-of-3 soccer balls) following some and found early preferences for subsets in predictable contexts but not in less predictable contexts (Experiment 1 and 2). In contrast, there was no reliable prosody effect on inferencing. Changes in predictability did not affect judgments of the naturalness of some, when a discourse context was available (Experiment 3). However, predictable contexts reduced variability in speakers’ descriptions of subsets and total sets (Experiment 4). Together, these results demonstrate that scalar inferences are often delayed during comprehension, but reference restriction is rapid when set descriptions can be formulated beforehand. © 2018 Elsevier Inc."
3,0.939779005524862,2024,"Child Language, Memory, and Early Cognitive Development","No position-specific interference from prior lists in cued recognition: A challenge for position coding (and other) theories of serial memory","Position-specific intrusions of items from prior lists are rare but important phenomena that distinguish broad classes of theory in serial memory. They are uniquely predicted by position coding theories, which assume items on all lists are associated with the same set of codes representing their positions. Activating a position code activates items associated with it in current and prior lists in proportion to their distance from the activated position. Thus, prior list intrusions are most likely to come from the coded position. Alternative “item dependent” theories based on associations between items and contexts built from items have difficulty accounting for the position specificity of prior list intrusions. We tested the position coding account with a position-cued recognition task designed to produce prior list interference. Cuing a position should activate a position code, which should activate items in nearby positions in the current and prior lists. We presented lures from the prior list to test for position-specific activation in response time and error rate; lures from nearby positions should interfere more. We found no evidence for such interference in 10 experiments, falsifying the position coding prediction. We ran two serial recall experiments with the same materials and found position-specific prior list intrusions. These results challenge all theories of serial memory: Position coding theories can explain the prior list intrusions in serial recall and but not the absence of prior list interference in cued recognition. Item dependent theories can explain the absence of prior list interference in cued recognition but cannot explain the occurrence of prior list intrusions in serial recall. © 2024 The Author(s)"
3,0.933707865168539,2025,"Child Language, Memory, and Early Cognitive Development","Six-Year-Olds, but Not Younger Children, Consider the Probability of Being Right by Chance When Inferring Others' Knowledge","When determining what others know, we intuitively consider not only whether they succeed but also their probability of success in the absence of knowledge (e.g., random guessing). Across three experiments (n = 240 North American 4–6-year-olds, data collected between 2020–2023) we find that 4-year-olds understand that tasks with a lower probability of chance success are harder. However, it is not until age 6 that children use this understanding to gauge (Experiment 1) and infer (Experiments 2–3) what others know. These results suggest that, although basic probabilistic reasoning and representations of knowledge are well in place by age 4, children do not integrate the two to make mental-state inferences until much later, pointing to an area of important developmental change in Theory of Mind. © 2025 The Author(s). Child Development © 2025 Society for Research in Child Development."
3,0.933082706766917,2018,"Child Language, Memory, and Early Cognitive Development","Actions speak louder than gestures when you are 2 years old","Interpreting iconic gestures can be challenging for children. Here, we explore the features and functions of iconic gestures that make them more challenging for young children to interpret than instrumental actions. In Study 1, we show that 2.5-year-olds are able to glean size information from handshape in a simple gesture, although their performance is significantly worse than 4-year-olds'. Studies 2 to 4 explore the boundary conditions of 2.5-year-olds' gesture understanding. In Study 2, 2.5-year-old children have an easier time interpreting size information in hands that reach than in hands that gesture. In Study 3, we tease apart the perceptual features and functional objectives of reaches and gestures. We created a context in which an action has the perceptual features of a reach (extending the hand toward an object) but serves the function of a gesture (the object is behind a barrier and not obtainable; the hand thus functions to represent, rather than reach for, the object). In this context, children struggle to interpret size information in the hand, suggesting that gesture's representational function (rather than its perceptual features) is what makes it hard for young children to interpret. A distance control (Study 4) in which a person holds a box in gesture space (close to the body) demonstrates that children's difficulty interpreting static gesture cannot be attributed to the physical distance between a gesture and its referent. Together, these studies provide evidence that children's struggle to interpret iconic gesture may stem from its status as representational action. © 2018 American Psychological Association."
3,0.933009708737864,2020,"Child Language, Memory, and Early Cognitive Development","Spontaneous Distractor Reactivation With Age: Evidence for Bound Target-Distractor Representations in Memory","Reduced attentional control with age is associated with the processing and maintenance of task-irrelevant information in memory. Yet the nature of these memory representations remains unclear. We present evidence that, relative to younger adults (n = 48), older adults (n = 48) both (a) store simultaneously presented target and irrelevant information as rich, bound memory representations and (b) spontaneously reactivate irrelevant information when presented with previously associated targets. In a three-stage implicit reactivation paradigm, re-presenting a target picture that was previously paired with a distractor word spontaneously reactivated the previously associated word, making it become more accessible than an unreactivated distractor word in a subsequent implicit memory task. The accessibility of reactivated words, indexed by priming, was also greater than the degree of distractor priming shown by older adults in a control condition (n = 48). Thus, reduced attentional control influences the processing and representation of incoming information. © The Author(s) 2020."
4,0.99126213592233,2022,"Organizational Behavior and Work Performance","Organizational-Level Perceived Support Enhances Organizational Profitability","Although the importance of perceived organizational support on organizational outcomes has been highlighted in the literature, research is lacking concerning how organization-wide perceptions of support by employees (organizational-level perceived support [OPS]) may contribute to organizational performance. To address this critical deficiency in the literature, we extend organizational support theory to the organizational level and examine the influence of OPS on organizational profitability. We conducted two studies with samples of 224 and 96 organizations, respectively, in South Korea and found that workforce performance (Study 1) and workforce voluntary turnover rate (Studies 1 and 2) mediate the relationship between OPS and organizational profitability. Furthermore, we found that organizational financial slack resources moderate the effect of OPS on workforce performance. Specifically, the positive effect of OPS on workforce performance, and consequently on organizational profitability, was stronger when financial slack resources were lower. Financial slack resources, however, do not moderate the relationship between OPS and voluntary turnover rate. We discuss the theoretical and practical implications of these findings. © 2022 American Psychological Association"
4,0.98503937007874,2021,"Organizational Behavior and Work Performance","The PCMT Model of Organizational Support: An Integrative Review and Reconciliation of the Organizational Support Literature","We present an integrative conceptual review that reconciles the organizational support, social exchange, and social support literatures. In particular, we argue that the prevailing, singular conceptualization of organizational support is misaligned with contemporary perspectives on social exchange—which has served as the bedrock for organizational support theory since organizational support theory’s inception—and is inconsistentwith the social support literature—which has long recognized that support takes several forms. Thus, we draw on both the social exchange and social support literatures to develop four unique forms of organizational support: Teleological, Personalized, Collectivistic, and Monistic Organizational Support. With this enlarged framework for understanding organizational support in hand, we then detail the various research opportunities that the integration of these literatures affords. Specifically, we explain that this framework warrants future research related to the development of new measures, the differential prediction of outcomes, and the discovery of organizational support profiles. We also invoke the social support literature to highlight the potential opportunities in applying optimal matching theory to organizational support, examining relationships between received and perceived organizational support, and identifying the consequences of excessive organizational support. © 2021 American Psychological Association"
4,0.98125,2025,"Organizational Behavior and Work Performance","Network Science in Psychology","Social network analysis can answer research questions such as why or how individuals interact or form relationships and how those relationships impact other outcomes. Despite the breadth of methods available to address psychological research questions, social network analysis is not yet a standard practice. To promote the use of social network analysis in psychological research, we present an overview of network methods, situating each method within the context of research studies and questions in psychology. © 2025 American Psychological Association"
4,0.981,2023,"Organizational Behavior and Work Performance","Influencing educational change through policy-engaged research","In this essay we begin with a discussion of what we call the “great gap” between our research and its influence on society. We point out that although there is ample evidence speaking to these areas, a lack of societal change suggests that evidence has largely gone unnoticed, ignored, or not well promoted or disseminated. Throughout this section, we provide thoughts on why this research has failed to convince stakeholders and offer suggestions on what educational psychologists could (and should) do differently. Next, we talk about the utility of “policy-engaged” scholarship. A scholar adopting policy-engaged framework or research identity is one who aims to carry out the research enterprise with the goal of studying, describing, informing, or influencing the policies that drive the educational practices they seek to understand and improve. Throughout our discussion, we offer examples for how educational psychology science might be utilized, applied, and/or created to study questions of education policy. We end with recommendations for how the field might move forward to better inform educational policy and the educational practices the field aims to improve. © 2023 Division 15, American Psychological Association."
4,0.978409090909091,2021,"Organizational Behavior and Work Performance","Enhancing research excellence through diversity and transparency.","It is an honor, a privilege, and an enormous responsibility to serve as the editor of the Journal of Educational Psychology (JEP), the leading outlet for high-quality empirical research in the field of educational psychology. The journal's stellar reputation and standing in the field have continuously grown under the leadership of my predecessors (including those during the last 4 decades: Joanna Williams, Samuel Ball, Robert Calfee, Joel Levin, Michael Pressley, Karen Harris, Art Graesser, and Steve Graham). They have ensured that the work submitted and published in the journal represents the best empirical research in educational psychology and education more broadly. I recognize that the publication standards each editor sets in the journal not only have a direct impact on what gets published but also influence research practices and, consequently, the training of new scholars. My main priority is to be a good steward of this legacy and continue to enhance the journal's commitment to research excellence through greater emphasis on diversity and transparency. (PsycInfo Database Record (c) 2021 APA, all rights reserved) © 2021 American Psychological Association American Psychological Association"
4,0.971739130434783,2024,"Organizational Behavior and Work Performance","Shared Leadership and Team Creativity: Examining Effects of Shared Leadership Level and Concentration and the Countervailing Mechanisms","Integrating insights from team hierarchy literature and shared leadership research, we propose and test a model that illuminates the positive and negative team processes through which shared leadership relates to team creativity. We use a social network lens to examine both shared leadership level (indexed by team density of informal leadership ties) and shared leadership concentration (indexed by team centralization of such ties). With a sample of 136 work teams and three waves of surveys, we found that shared leadership concentration weakens the positive effect of shared leadership level on team creativity. We explicated the positive and negative mediating roles played by team information elaboration and team status conflict, respectively. Our findings show that shared leadership concentration serves as an enabler or inhibitor on which mediating mechanism is at play, such that when shared leadership concentration is higher, there is a negative indirect effect of shared leadership level on team creativity via team status conflict. By contrast, when shared leadership concentration is lower, shared leadership level has a positive indirect effect on team creativity via team information elaboration. Our work provides nuanced insights into how to maximize the potential benefits of shared leadership in enhancing team creativity. © 2024 American Psychological Association"
4,0.96953125,2021,"Organizational Behavior and Work Performance","Leadership Emergence: An Integrative Review","Despite significant scholarly attention and practical importance regarding who emerges as informal and formal leaders in organizations, an integrative framework of the leadership emergence literature remains elusive. The presence of such a framework proves integral for the advancement of work in this area due to the complexity of the field, coupled with its sprawling nature across multiple disciplines (e.g., management, communication, education, economics). Accordingly, in this review, we utilize a database of 270 primary studies to put forth a distal–proximal framework of leadership emergence. In particular, we systematically review past research to answer four questions: (1) what do we know about the phenomenon of leadership emergence itself, (2) what are the antecedents of leadership emergence, (3) what outcomes are associated with leader emergence, and (4) what are the boundary conditions of leadership emergence? By introducing a conceptual framework for informal and formal emergent leadership, we highlight areas of research maturity and nascency and offer several recommendations for future work in this domain. Altogether, we highlight broad theoretical implications for the leadership, teams, and individual differences literature—and elaborate upon several benefits that an integrated framework of emergent leadership provides for organizations. © 2021 American Psychological Association"
4,0.96953125,2016,"Organizational Behavior and Work Performance","Individual deals within teams: Investigating the role of relative i-deals for employee performance","The authors extend i-deals theory to an individual-within-a-team context. Drawing upon social comparison theory, they contend that individuals will react to their own i-deals within the context of group members' i-deals. Therefore, they examine the role of relative i-deals (an individual's i-deals relative to the team's average) in relation to employee performance. Furthermore, integrating social comparison theory with social identity theory the authors assert that the behavioral outcomes of relative i-deals are influenced by the team's social and structural attributes of team orientation and task interdependence. Finally, they contend that the perceptions of one's relative standing with the leader, or leader-member exchange social comparison (LMXSC), mediate the i-deals-outcome relationship in groups with low team orientation and task interdependence. Results of multilevel modeling using time-lagged data from 321 employees nested in 46 teams demonstrated that the positive relationship between relative i-deals and employee performance was stronger in groups with low team orientation and task interdependence, and the mediation effect of LMXSC was stronger in teams with low rather than high team orientation. © American Psychological Association."
4,0.968032786885246,2023,"Organizational Behavior and Work Performance","Managing Unit Human Capital Resources: Integrating Insights From Human Resource Management and Unit Leadership Literatures","Unit human capital resources (HCR) are vital to performance across organizational levels. Crucially, the benefits of unit HCR often hinge on resource access and effective resource management. Yet, how units manage HCR remains unclear. We first review findings from human resource management (HRM) and unit leadership literatures relating to unit HCR, which have evolved separately despite their shared goals. Using our review as a foundation, we offer an integrative model highlighting the ways unit leaders can leverage HRM practices and their leadership behaviors for the greatest impact on unit HCR. In so doing, we identify a potentially potent nexus for scholars of both disciplines to focus their integrative efforts on—unit leaders— given their responsibility for HRM practice delivery (e.g., implementing a job rotation program) and their own leadership behaviors (e.g., composing teams). We conclude by highlighting future research questions, opportunities for theoretical integration, and expanding empirical examination. © 2023 American Psychological Association"
4,0.965,2019,"Organizational Behavior and Work Performance","Employee Referral Hiring in Organizations: An Integrative Conceptual Review, Model, and Agenda for Future Research","Employee referral hiring, an organization’s use of current employees’ social networks (referrers) to fill job openings with new hires (referred workers), is a popular organization practice. This topic has been studied for decades by scholars, and research remains vibrant across several disciplines. While reviews of recruitment methods and their influence on job seekers and organizations exist, they give minimal attention to employee referrals. This gap is critical because an assessment of the employee referral literature exposes numerous theories, deviations in methodological approaches, and other important nuances. The research developed, and emerging across different disciplines, is also disconnected, often overlooking promising findings from each other. Furthermore, the impact of technology and the changing nature of work requires a renewed attention to the methodological and theoretical underpinnings of the referring phenomenon. Our review integrates the multidisciplinary literature to address important knowledge gaps and confront the underlying complexities of the referral hiring phenomenon. We review 101 relevant referral hiring studies from 86 published and unpublished articles across a variety of disciplines, and, in the process, we develop a model of employee referral hiring in organizations. This model portrays the pathways and contextual variables that describe the referring process (e.g., referrer motivations, the hiring process, and referrer and referred worker outcomes). Last, we advance an agenda for future research on this promising topic. © 2019 American Psychological Association"
4,0.96375,2017,"Organizational Behavior and Work Performance","A century of progress in industrial and organizational psychology: Discoveries and the next century","In a century of research published in the Journal of Applied Psychology, we have seen significant advances in our science. The results of this science have broad applications to the workplace and implications for improving organizational effectiveness through a variety of avenues. Research has focused on understanding constructs, relationships, and processes at multiple levels, including individual, team, and organizational. A plethora of research methods and questions have driven this work, resulting in a nuanced understanding of what matters in the workplace. In this paper, we synthesize the most salient discoveries, findings, and/or conclusions in 19 domains.We seek to summarize the progress that has been made and highlight the most salient directions for future work such that the next century of research in industrial and organizational psychological science can be as impactful as the first century has been. © 2016 American Psychological Association."
4,0.960416666666667,2023,"Organizational Behavior and Work Performance","Advancing the debate: The need for policy-oriented activism research in educational psychology","Educational psychology is embracing the call to engage in more policy-oriented research. This special issue focuses on some of the key scholars in the field that are taking up this charge. Building upon their work, I aim to push the field to go even further, providing suggestions for how to engage in policy-oriented activism research within educational psychology. I also provide recommendations when embarking upon policy-oriented activism research. © 2023 Division 15, American Psychological Association."
4,0.959649122807018,2017,"Organizational Behavior and Work Performance","Human resource management and unit performance in knowledge-intensive work","To clarify the potential value of a targeted system of human resource (HR) practices, we explore the unique effects of a relationship-oriented HR system and the more commonly studied high commitment HR system on unit performance in the context of knowledge-intensive work. We develop theoretical arguments suggesting that the high commitment HR system contributes to unit performance through its positive effects on employees' collective organizational commitment, general and firm-specific human capital, and access to knowledge. We argue that the relationship-oriented HR system contributes to unit performance through its positive effects on employees' collective access to knowledge by fostering a social context and interpersonal exchange conditions which support employees' ongoing access to knowledge flows within and outside their unit and broader organization. Based on unit-level data collected from a matched sample of employees and managers in 128 units in the science and engineering division of a large hydroelectric power organization, our results suggest that the targeted, relationshiporiented HR system is related to firm performance and may complement a broader, high commitment approach to managing knowledge workers. Specifically, the positive relationship between the high commitment HR system and unit performance is mediated by employees' collective organizational commitment, firm-specific human capital, and access to knowledge in other organizational units; whereas the positive relationship between the relationship-oriented HR system and unit performance is mediated by units' access to knowledge within the unit, in other units, and outside the organization. © 2017 American Psychological Association."
4,0.958741258741259,2018,"Organizational Behavior and Work Performance","Not all differentiation is the same: Examining the moderating effects of leader-member exchange (LMX) configurations","Leaders often influence whether an employee stays or quits and yet research in collective turnover, or turnover at the work-unit level, has neglected leadership as a key antecedent. In the current study we examine how the quality of leader-member relationships within a group (i.e., leader-member exchange, LMX) influences building a shared mindset of collective organizational commitment and ultimately influences collective turnover. We build on a key tenet of LMX theory that leaders form differentiated relationships with followers and propose that not all LMX differentiation is the same and therefore, researchers must take into account the configuration, or mix of high and low LMX relationships, within a group. We expect LMX configurations will moderate the influence of LMX differentiation on collective turnover through the mechanism of collective organizational commitment. We find 5 configurations of LMX relationships, including a bimodal, solo-status low LMX, solo-status high LMX, and 2 fragmented configurations. As hypothesized, LMX differentiation positively relates to collective organizational commitment and negatively relates to collective turnover in a solo-status low LMX configuration and a fragmented LMX configuration, and negatively relates to collective organizational commitment and positively relates to collective turnover in a bimodal configuration. Theoretical implications and future research directions are discussed. © 2018 American Psychological Association."
4,0.956934306569343,2022,"Organizational Behavior and Work Performance","Beyond Choosing to Leave: The Interactive Effects of On and Off-the-Job Embeddedness on Involuntary Turnover","Job embeddedness is the net of influences in both work (on-the-job) and nonwork (off-the-job) domains that discourage employees from leaving their jobs. In this article, we argue that the entrenchment and increased investment associated with job embeddedness run parallel to the concept of role involvement from the work–family conflict literature. Drawing on this similarity, we extend theory and research regarding work–family conflict to develop and test predictions about the moderating role of off-the-job embeddedness on the effects of on-the-job embeddedness on involuntary turnover. Specifically, we predicted that being highly embedded on-the-job can reduce the likelihood of being fired because it increases job performance, but that these benefits are only accrued when employees are not also highly embedded off-the-job. We tested our predictions using a sample of 908 government employees from whom we collected performance and turnover data over time. Consistent with our predictions, among employees who were highly embedded on-the-job, those who were less embedded off-the-job were less likely to be terminated than those who were more embedded off-the-job. However, job performance did not explain this effect. In addition to providing a rare examination of involuntary turnover, we contribute to the job embeddedness literature by demonstrating the importance of distinguishing between, and simultaneously examining, on and off-the-job embeddedness and their unique, multiplicative effects. We also demonstrate the utility of the WFC literature in advancing theory and research on job embeddedness. © 2021 American Psychological Association"
4,0.956050955414013,2020,"Organizational Behavior and Work Performance","An expanded conceptualization of line managers' involvement in human resource management","Recent research provides evidence that, contrary to implicit assumptions in much of the strategic human resource management (SHRM) literature, human resource (HR) systems and practices are in fact enacted with substantial variation across units even within organizations, with such variation largely a function of the line managers involved in implementing HR practices in the units under their supervision. While instrumental in demonstrating the critical role that line managers play in facilitating the causal chain linking organizations' HR practices with intended employee and organizational outcomes, we contend that the focus of this research on HR practice implementation as a singular and unidimensional characterization of line managers' involvement in human resource management (HRM) represents an oversimplification on several counts. Broadly, we propose that this focus fails to account for the varied nature of line managers' downward influences in the context of HRM. Thus, we integrate insights from research on HR practice implementation, workforce differentiation, and autonomous strategic behavior to develop a more complete understanding of line managers' downward involvement in HRM. Based on our synthesis of relevant insights from these literatures, we propose a research agenda focusing on questions spanning four broad areas with the aim of fostering and guiding future SHRM scholarship to further our understanding of the antecedents, processes, and consequences associated with line managers' influences on HR system content and process in organizations. © 2020 American Psychological Association."
4,0.955639097744361,2017,"Organizational Behavior and Work Performance","Solving the Supreme Problem: 100 Years of selection and recruitment at the Journal of Applied Psychology","This article reviews 100 years of research on recruitment and selection published in the Journal of Applied Psychology. Recruitment and selection research has been present in the Journal from the very first issue, where Hall (1917) suggested that the challenge of recruitment and selection was the Supreme Problem facing the field of applied psychology. As this article shows, the various topics related to recruitment and selection have ebbed and flowed over the years in response to business, legal, and societal changes, but this Supreme Problem has captivated the attention of scientist-practitioners for a century. Our review starts by identifying the practical challenges and macro forces that shaped the sciences of recruitment and selection and helped to define the research questions the field has addressed. We then describe the evolution of recruitment and selection research and the ways the resulting scientific advancements have contributed to staffing practices. We conclude with speculations on how recruitment and selection research may proceed in the future. Supplemental material posted online provides additional depth by including a summary of practice challenges and scientific advancements that affected the direction of selection and recruitment research and an outline of seminal articles published in the Journal and corresponding time line. The 100-year anniversary of the Journal of Applied Psychology is very much the celebration of recruitment and selection research, although predictions about the future suggest there is still much exciting work to be done. © 2017 American Psychological Association."
4,0.95530303030303,2020,"Organizational Behavior and Work Performance","Goal-setting in the career management process: An identity theory perspective","A common and important feature within models of career management is the career goal, yet relatively little is known about the factors influencing career goals and when and how career goal setting occurs. Drawing from Ashforth's (2001) model of role transitions we propose and test a model wherein mentoring experiences of early career professionals relate to short- and long-term career goals through professional identification. Using survey data collected at three points in time from 312 early career professionals, we find that psychosocial mentoring, but not career mentoring, positively relates to professional identification. For short-term goal outcomes, professional identification positively relates to extrinsic goals, intrinsic goals, and goals that are high quality (i.e., specific, difficult, to which one is committed). For long-term goal outcomes, professional identification positively relates to extrinsic and intrinsic goals, but not to goal quality. Instead, in the long-term goal model, psychosocial mentoring is directly related to goal quality. The theoretical and practical implications of this study for professional identification, career goals, and how mentors can facilitate career goals are discussed. © 2019 American Psychological Association."
4,0.951485148514851,2016,"Organizational Behavior and Work Performance","What it takes to get proactive: An integrative multilevel model of the antecedents of personal initiative","Building upon and extending Parker, Bindl, and Strauss's (2010) theory of proactive motivation, we develop an integrated, multilevel model to examine how contextual factors shape employees' proactive motivational states and, through these proactive motivational states, influence their personal initiative behavior. Using data from a sample of hotels collected from 3 sources and over 2 time periods, we show that establishment-level initiative-enhancing human resource management (HRM) systems were positively related to departmental initiative climate, which was positively related to employee personal initiative through employee role-breadth self-efficacy. Further, department-level empowering leadership was positively related to initiative climate only when initiative-enhancing HRM systems were low. These findings offer interesting implications for research on personal initiative and for the management of employee proactivity in organizations. © 2015 American Psychological Association."
4,0.948245614035088,2021,"Organizational Behavior and Work Performance","Awakening the entrepreneur within: Entrepreneurial identity aspiration and the role of displacing work events.","This study develops and tests a model of the transition from paid employment to entrepreneurship using a sample of 226 adults currently in paid employment. Building on a seminal but largely untested insight from Shapero (1975), we used theoretical logic from event system theory to propose that displacing work events moderate the effect of entrepreneurial identity aspirations, a possible-self role identity, on engagement in nascent entrepreneurial activities (discovery and exploitation behaviors). Results show that entrepreneurial identity aspirations were more strongly positively related to entrepreneurial discovery behaviors among employees who experienced a displacing work event in their current workplace; discovery behaviors in turn related to entrepreneurial exploitation behaviors. The moderation effect was significant for four of the six displacing events examined in this study. Our findings have implications for the literatures on entrepreneurial career transitions, entrepreneurial role identity, and event system theory and offer validity evidence for the nascent entrepreneurial behaviors scale. (PsycInfo Database Record (c) 2021 APA, all rights reserved) © 2020 American Psychological Association"
4,0.947682119205298,2019,"Organizational Behavior and Work Performance","On-the-job and off-the-job embeddedness differentially influence relationships between informal job search and turnover","Whereas informal job search (i.e., using personal contacts for job search) is positively associated with the receipt of job offers, research has yet to consider the extent to which informal job search translates into current employees' turnover decisions or to investigate factors that may restrain (or facilitate) the translation of informal job search into turnover decisions. In this study, we propose that on-the-job and off-the-job embeddedness play distinct roles in strengthening or weakening the positive relationship between informal job search and turnover intentions and behavior. We assert that on-the-job embeddedness reduces the likelihood that informal job search translates into turnover decisions, whereas off-the-job embeddedness strengthens the positive association between informal job search and turnover decisions. We tested these hypotheses across two samples of employed nurses. Although results were mixed, we found evidence that on-the-job embeddedness dampened the positive relationships of informal job search with turnover intentions and behaviors, whereas off-the-job embeddedness facilitated the positive relationships between informal job search and turnover decisions. Taken together, findings suggest that on-the-job and off-the-job embeddedness influence informal job search processes differently. We discuss the implications of these findings for how organizations manage employees' informal job search activities as well as how researchers approach the study of job embeddedness. © 2018 American Psychological Association."
4,0.939041095890411,2022,"Organizational Behavior and Work Performance","Sticking Out Versus Fitting in: A Social Context Perspective of Ingratiation and its Effect on Social Exchange Quality With Supervisors and Teammates","Research indicates that whereas ingratiation directed toward one’s supervisor enhances employee–supervisor social exchange quality, it diminishes social exchange quality with thosewho observe this behavior, such as team members. However, because researchers have largely overlooked the role of social context in shaping supervisors’ and teammates’ reactions to ingratiatory employees, current understanding of how ingratiation plays out in complex organizational settings may be incomplete, and perhaps misleading. In this study, we augment a social context perspective with social exchange theory to propose that comparative levels of ingratiation, determined by the focal employee’s ingratiation in the context of other team members’ ingratiation, shape social exchange quality with supervisors and teammates. The results from a multi-wave multi-source field study of 222 employees and their supervisors from 64 teams show that higher levels of ingratiation relative to other team members increases the employee’s social exchange quality with the supervisor, whereas congruence between the employee’s and other team members’ ingratiation enhances social exchange quality with team members. We also find that relative ingratiation and ingratiation congruence increase citizenship received from supervisors and team members, respectively, via social exchange quality with the corresponding actor(s). Overall, our research contributes to a more complete understanding of ingratiation, especially in regard to how reactions to this behavior are largely a function of the social context in which it occurs © 2021 American Psychological Association"
4,0.928915662650602,2017,"Organizational Behavior and Work Performance","100 years of applied psychology research on individual careers: From career management to retirement","This article surveys 100 years of research on career management and retirement, with a primary focus on work published in the Journal of Applied Psychology. Research on career management took off in the 1920s, with most attention devoted to the development and validation of career interest inventories. Over time, research expanded to attend to broader issues such as the predictors and outcomes of career interests and choice; the nature of career success and who achieves it; career transitions and adaptability to change; retirement decision making and adjustment; and bridge employment. In this article, we provide a timeline for the evolution of the career management and retirement literature, review major theoretical perspec- tives and findings on career management and retirement, and discuss important future research directions. © 2016 American Psychological Association."
4,0.927205882352941,2021,"Organizational Behavior and Work Performance","When Discretionary Boundary Spanning Relationships Cease Becoming Discretionary: The Impact of Closed Ties on Informal Leadership Perceptions","Organizations have recognized that effective informal leadership is a source of competitive advantage and invest heavily in leadership development efforts. Moreover, because of historical shifts in the nature of work, this informal leadership often takes the form of inter-unit boundary spanning. Because of these two developments, discretionary boundary spanning (DBS) between units has increasingly become a critical, dynamic, bottom-up activity where individuals lacking formal authority step up and take on informal leadership responsibilities. In this study, we draw upon Simmelian Tie Theory (STT) to examine the relationship between different types of DBS and formal leaders’ perceptions of a subordinate’s informal leadership and performance. We empirically document that a small number of closed task-oriented and closed friendship-oriented DBSs are instrumental in helping individuals demonstrate informal leadership. However, we also show that DBS places constraints on informal leadership when closed ties become too numerous. This results in an inverted-U relationship between the number of closed DBS ties and perceptions of leadership where the apex (i.e., point of overembeddedness) emerges at a smaller number for friendship-oriented DBS relative to the apex for taskoriented DBSs. We discuss the theoretical implications of these results, as well as the practical implications for managers of organizations. © 2021. American Psychological Association"
4,0.926666666666667,2016,"Organizational Behavior and Work Performance","Complementary or competing climates? Examining the interactive effect of service and ethical climates on company-level financial performance","By bending rules to please their customers, companies with high service climates may be less ethical but ultimately more profitable. In this article, we pose the question of whether being ethical comes at a cost to profits in customer-oriented firms. Despite the organizational reality that multiple climates coexist at a given time, research has largely ignored these types of questions, and the simultaneous analysis of multiple climate dimensions has received little empirical attention to date. Given their scientific and practical importance, this study tested complementary and conflicting perspectives regarding interactions between service (outcome-focused) and ethical (process-focused) climates on company-level financial performance. Drawing on a sample of 16,862 medical sales representatives spread across 77 subsidiary companies of a large multinational corporation in the health care product industry, we found support for a complementary view. More precisely, results revealed that profitability was enhanced, not diminished, in service-oriented firms that also stressed the importance of ethics. Results suggest studying the interactive effects of multiple climates is a more fruitful approach than examining main effects alone. © 2016 American Psychological Association."
4,0.923214285714286,2020,"Organizational Behavior and Work Performance","The neglected role of collective customer perceptions in shaping collective employee satisfaction, service climate, voluntary turnover, and involuntary turnover: A cautionary note.","Although the service-profit chain posits that employees and customers are interrelated at the unit level (Heskett, Sasser, & Schlesinger, 1997), most theory and practice give primary emphasis to the employee. In this study, we sought to draw attention to the relatively neglected influence that customers may collectively have on employees. Specifically, we examined how collective customer perceptions of service quality relate to collective employee job satisfaction, service climate, and collective turnover (voluntary and involuntary). Using a sample of 294 bank branches, 1,975 employees, and 52,920 customers, modeled at the branch level over 2 years, we found that collective customer perceptions of service quality produced a stronger effect on collective employee job satisfaction and service climate than vice versa. We also provided the first tests demonstrating that collective customer perceptions of service quality significantly and independently influence collective voluntary turnover, even while simultaneously modeling collective employee job satisfaction and service climate. Further, we showed that the effects of collective turnover (voluntary and involuntary) are primarily related to collective customer perceptions and service climate, but through different paths. Although the turnover base rates are modest, these empirical findings highlight the role that collective customer perceptions can have in shaping collective employee attitudes, climate, and turnover and, thus, should be considered and replicated in future theory and research. (PsycInfo Database Record (c) 2020 APA, all rights reserved) © 2020 American Psychological Association"
4,0.922695035460993,2019,"Organizational Behavior and Work Performance","Multiple team membership and empowerment spillover effects: Can empowerment processes cross team boundaries?","In today's organizations, employees are often assigned as members of multiple teams simultaneously (i.e., multiple team membership), and yet we know little about important leadership and employee phenomena in such settings. Using a scenario-based experiment and 2 field studies of leaders and their employees in the People's Republic of China and the United States, we examined how empowering leadership exhibited by 2 different team leaders toward a single employee working on 2 different teams can spillover to affect that employee's psychological empowerment and subsequent proactivity across teams. Consistent across all 3 studies, we found that each of the team leaders' empowering leadership uniquely and positively influenced an employee's psychological empowerment and subsequent proactive behaviors. In the field studies, we further found that empowering leadership exhibited by one team leader influenced the psychological empowerment and proactive behaviors of their team member not only in that leader's team but also in the other team outside of that leader's stewardship. Finally, across studies, we found that empowering leadership exhibited on one team can substitute for lower levels of empowering leadership experienced in a different team led by a distinct leader. We discuss our contributions to the motivation, teams, and leadership literatures and provide practical guidance for leaders charged with managing employees that have multiple team memberships. © 2018 American Psychological Association."
4,0.916153846153846,2017,"Organizational Behavior and Work Performance","Organizational climate and culture: Reflections on the history of the constructs in the journal of applied psychology","We review the literature on organizational climate and culture paying specific attention to articles published in the Journal of Applied Psychology (JAP) since its first volume in 1917. The article traces the history of the 2 constructs though JAP has been far more important for climate than culture research. We distinguish 4 main periods: the pre-1971 era, with pioneering work on exploring conceptualization and operationalizations of the climate construct; the 1971-1985 era, with foundational work on aggregation issues, outcome-focused climates (on safety and service) and early writings on culture; the 1986 -1999 era, characterized by solidification of a focused climate approach to understanding organizational processes (justice, discrimination) and outcomes (safety, service) and the beginnings of survey approaches to culture; and the 2000 -2014 era, characterized by multilevel work on climate, climate strength, demonstrated validity for a climate approach to outcomes and processes, and the relationship between leadership and climate and culture. We summarize and comment on the major theory and research achievements in each period, showing trends observed in the literature and how JAP has contributed greatly to moving research on these constructs, especially climate, forward. We also recommend directions for future research given the current state of knowledge. © 2017 American Psychological Association."
4,0.915686274509804,2019,"Organizational Behavior and Work Performance","Dynamic leadership emergence: Differential impact of members' and peers' contributions in the idea generation and idea enactment phases of innovation project teams","Integrating functional leadership theory with models of the team creativity and innovation, we present a dynamic model of leadership emergence where leadership emergence is shaped by (a) the type of contributions members express (constructive contributions proposing new ideas, or supportive contributions affirming ideas with merit), (b) when those contributions are expressed (i.e., in the idea generation or idea enactment phase), and (c) the extent fellow teammates themselves are contributing in constructive or supportive ways in those phases. We tested our theoretical model in two studies involving simulated teams engaged in an innovation design challenge. In both studies, we found that constructive contributions were more strongly related to leadership emergence in the idea generation phase than in the idea enactment phase. Moreover, the impact of constructive contributions on leadership emergence in the idea generation phase was stronger when there was a ""void""- that is, fellow teammates' constructive contributions were low. Surprisingly, in both studies, we found consistent evidence that supportive contributions also enhanced leadership emergence in the idea generation phase, whereas the findings on supportive contributions and leadership emergence in the idea enactment phase were mixed. Overall, our model highlights the importance of integrating dynamic and contextualized aspects of teams into theories of leadership emergence and also sheds new light on the processes underlying emergent forms of leadership in the early phases of the innovation cycle. © 2018 American Psychological Association."
4,0.915340909090909,2019,"Organizational Behavior and Work Performance","How do instrumental and expressive network positions relate to turnover? A meta-analytic investigation","Although social network methods have proven valuable for predicting employee turnover, an informed use of network methods for turnover management requires an integration and extension of extant networks-turnover research. To that end, this article addresses two relatively neglected issues in the networks-turnover literature: the lack of integration of turnover process models into networks-turnover research and the differential influence of ""network content"" (i.e., instrumental vs. expressive network resources) on turnover processes. To address these issues, we draw from social capital and turnover theories as a basis for investigating how turnover antecedents (i.e., work attitudes, job alternatives, and job performance) mediate the associations between instrumental and expressive degree centrality and turnover. We test a theoretical model using meta-analytic path analysis based on the results of randomeffects meta-analyses (64 independent samples of working adults) of instrumental and expressive degree centrality in relation to job satisfaction, organizational commitment, job alternatives, job performance, and employee turnover. We found that both instrumental and expressive degree centrality relate to employee turnover, but through different mediating processes; instrumental degree centrality decreased the likelihood of turnover via job performance and organizational commitment, whereas expressive degree centrality decreased the likelihood of turnover via job satisfaction and organizational commitment. Furthermore, expressive degree centrality (as compared to instrumental degree centrality) had a negative association with turnover after accounting for these prominent turnover antecedents. These findings illustrate the importance of distinguishing between instrumental and expressive network positions in the turnover process as well as the value of leveraging employee networks for employee retention. © 2019 American Psychological Association."
4,0.911,2017,"Organizational Behavior and Work Performance","Taking stock of two relational aspects of organizational life: Tracing the history and shaping the future of socialization and mentoring research","As part of the centennial celebration for the Journal of Applied Psychology, this article reviews the literature on organizational socialization and mentoring. Our review includes a comparison of organizational socialization and mentoring as processes for employee adjustment and development, the historical context that fueled the emergence of these two areas of study, and a chronological mapping of key foundations, trends, themes that emerged across time, and major milestones. Along the way, a special emphasis is placed on research published in the Journal of Applied Psychology and high impact work is highlighted. We conclude with a discussion of five areas for future research. Specifically, we outline ideas for bridging the socialization and mentoring literatures, better understanding and capturing dynamic processes across time, the development of multilevel theories and models, addressing causality, and considering the implications for organizational socialization and mentoring research based on how technology is changing the way we work. © 2017 American Psychological Association."
4,0.909160305343511,2023,"Organizational Behavior and Work Performance","Integrating Organizational Climate Theory: A Domain-Independent Explanation for Climate Formation and Function","Organizational climate is arguably the most studied representation of the social context of organizations, having been examined as an antecedent, outcome, or boundary condition in virtually every domain of inquiry in the organizational sciences. Yet there is no commonly recognized, domain-independent theory that is used to explain why and how climates both form and affect behavior. Rather, there is a set of climate theories (and literatures) housed across a variety of divergent content domains. As a result, researchers who study climate in one domain are often unaware of climate advancements made in another. This lack of a theoretical lingua franca for climate limits our ability to understand what is known about climate and how climate research—whether domain-specific or domain-independent—can progress in a more cogent fashion. To resolve these fractures and unify climate scholarship, this article integrates existing theoretical perspectives of climate into a singular climate theory that summarizes and articulates domain-independent answers to the questions of why and how climates form and influence behavior in organizations. Using the individual drive to reduce uncertainty in meaningful social settings as the motivational mortar for this theoretical integration, we offer a needed reorientation to the field and illuminate a path forward for both future domain-specific and domain-independent climate advancements. © 2023 American Psychological Association"
4,0.908403361344538,2017,"Organizational Behavior and Work Performance","The evolution and future of diversity at work","This article examines the evolution of diversity in the Journal of Applied Psychology. To begin, we explore foundations of the concept of diversity, including its appearance in both applied contexts and the scholarly literature. We then review the literature on diversity, including the development of its conceptualization and operationalizations over time, in the Journal and in the field of applied psychological science at large. We also examine the processes underlying the effects of diversity, and specific outcomes of diversity in organizations. To conclude, we offer a future research agenda that highlights diversity-related topics and issues important for advancing an understanding of diversity and moving the field forward, especially within the Journal. This work makes several contributions to research on diversity in organizations. First, we provide a lens for examining change in the study of diversity over time as well as a critical examination of the benefits and challenges associated with these changes. Second, we review the underlying mechanisms and key contextual influences on diversity effects in organizations. Third, our review examines the explanatory power of current diversity research and then uses this to develop a research agenda. By organizing the broad body of literature that exists on diversity, our article offers a sharp picture of what gaps in knowledge exist and where future research should focus. © 2017 American Psychological Association."
4,0.904807692307692,2023,"Organizational Behavior and Work Performance","Introduction to the special issue on policy-oriented research: Enhancing the relevancy of educational psychology to policy","In this introduction, we contextualize the contribution of this special issue by addressing several key questions that have repeatedly emerged over time. First, what is educational policy? Over time, many educational psychologists have asked us “what is education policy?” and “how can I think about it in my work?” Although this article cannot provide every possible incantation of what this looks like in one’s work, we provide some initial thoughts here that we hope will help readers get started. Following these initial thoughts, we consider the question of why educational policy has been largely absent from educational psychology scholarship. This is followed by a brief discussion on why we think the time is ripe for educational psychologists to consider education policy in their work. Next, we provide a few preliminary ideas for how educational psychologists may engage in more policy-oriented aims. And finally, we provide some thoughts on the relevance of educational psychology theories for understanding the role, influence, and effects of policies on educational practices. We end with an overview of the contributions to this special issue. © 2023 Division 15, American Psychological Association."
4,0.904794520547945,2017,"Organizational Behavior and Work Performance","The content of the message matters: The differential effects of promotive and prohibitive team voice on team productivity and safety performance gains","We propose that it is important to take the content of team voice into account when examining its impact on team processes and outcomes. Drawing on regulatory focus theory (Higgins, 1997), we argue that promotive team voice and prohibitive team voice help teams achieve distinct collective outcomes-that is, team productivity performance gains and team safety performance gains, respectively. Further, we identify mechanisms through which promotive and prohibitive team voices uniquely influence team outcomes as well as boundary conditions for such influences. In data collected from 88 production teams, we found that promotive team voice had a positive association with team productivity performance gains. By contrast, prohibitive team voice had a positive association with team safety performance gains. The relationship between promotive team voice and team productivity performance gains was mediated by team innovation, and the relationship between prohibitive team voice and team safety performance gains was mediated by team monitoring. In addition, the indirect effect of prohibitive team voice on team safety performance gains via team monitoring was stronger when prior team safety performance was lower. We discuss the theoretical and practical implications of these findings. © 2017 American Psychological Association."
4,0.903246753246753,2024,"Organizational Behavior and Work Performance","The Identity Conflict Process: Appraisal Theory as an Integrative Framework for Understanding Identity Conflict at Work","Identity conflict—the experience of perceiving incompatibilities between aspects of one’s identity content that call into question the individual’s ability to meet the identity standard of at least one of these identities—can significantly impact individuals’ work experiences. As individuals navigate experiences of identity conflict at work, managers and organizations also grapple with how to support employees’ multiple identities while mitigating the primarily negative outcomes of identity conflict. However, the scholarship on work-relevant identity conflict faces several challenges, including disciplinary fragmentation, conceptual imprecision, and diverse but deficient theoretical perspectives, which together have limited our ability to accumulate knowledge about this experience and to develop useful management tools. To overcome these, we conducted a thorough review of the cross-disciplinary literature, allowing us to offer a refined integrative definition of identity conflict and a reconceptualization of identity conflict as the result of an appraisal process. As we delineate what we know about the appraisal process of identity conflict, we provide a detailed theoretical explanation of its antecedents, outcomes, and responses and shed light on the mechanisms that drive the process. This approach not only enhances theoretical depth and guides new research directions but also equips managers to address and reduce identity conflict experienced by their employees. This research contributes to the literature by offering clarity and coherence to the identity conflict domain, providing theoretical and practical guidance, and outlining promising directions for future inquiry. © 2024 American Psychological Association"
4,0.9,2017,"Organizational Behavior and Work Performance","The making of psychological methods","Psychological Methods celebrated its 20-year anniversary recently, having published its first quarterly issue in March 1996. It seemed time to provide a brief overview of the history, the highlights over the years, and the current state of the journal, along with tips for submissions. The article is organized to discuss (a) the background and development of the journal; (b) the top articles, authors, and topics over the years; (c) an overview of the journal today; and (d) a summary of the features of successful articles that usually entail rigorous and novel methodology described in clear and understandable writing and that can be applied in meaningful and relevant areas of psychological research. © 2017 American Psychological Association."
4,0.898425196850394,2018,"Organizational Behavior and Work Performance","Too many sheep in the flock? Span of control attenuates the influence of ethical leadership","There has been growing interest in ethical leadership from both scholars and practitioners because of the positive effects that ethical leaders can have on their subordinates. These benefits come not only from ethical leaders acting as moral exemplars, but also from the tendency for ethical leaders to forge high-quality social exchange relationships with subordinates that help to establish expectations for appropriate conduct and ensure accountability through reciprocal obligation. However, the act of developing and maintaining strong social exchange relationships is resource intensive and requires considerable personal investment from ethical leaders. Extending current theory, we propose that wider spans of control attenuate the positive relationship between ethical leadership and leader-member exchange (LMX). Across two organizational samples, we developed and tested a moderated mediation model in which the effects of ethical leadership on performance, organizational citizenship behavior, and reduced production deviance via LMX were weakened by a widened span of control. Results in both studies supported the hypothesized model. Although it may be tempting to increase the number of subordinates assigned to ethical leaders in an effort to maximize their positive impact, the current findings suggest that the benefits of ethical leadership are diminished as span of control widens. © 2018 American Psychological Association."
4,0.896527777777778,2017,"Organizational Behavior and Work Performance","Quality charters or quality members? A control theory perspective on team charters and team performance","Though prevalent in practice, team charters have only recently received scholarly attention. However, most of this work has been relatively devoid of theory, and consequently, key questions about why and under what conditions team charter quality affects team performance remain unanswered. To address these gaps, we draw on macro organizational control theory to propose that team charter quality serves as a team-level ""behavior"" control mechanism that builds task cohesion through a structured exercise. We then juxtapose team charter quality with an ""input"" team control mechanism that influences the emergence of task cohesion more organically: team conscientiousness. Given their redundant effects on task cohesion, we propose that the effects of team charter quality and team conscientiousness on team performance (through task cohesion) are substitutive such that team charter quality primarily impacts team performance for teams that are low (vs. high) on conscientiousness. We test and find support for our hypotheses in a sample of 239 undergraduate self-managing project teams. Our study contributes to the groups and teams literature in the following ways: first, relative to previous studies, we take a more theory-driven approach toward understanding team charters, and in doing so, uncover when and why team charter quality impacts team performance; second, we integrate two normally disparate perspectives on team effectiveness (team development and team selection) to offer a broader perspective on how teams are ""built""; and third, we introduce team charter quality as a performance-enhancing mechanism for teams lower on conscientiousness. © 2017 American Psychological Association."
4,0.89578947368421,2017,"Organizational Behavior and Work Performance","Cross-cultural industrial organizational psychology and organizational behavior: A hundred-year journey","In celebration of the anniversary of the Journal of Applied Psychology (JAP), we take a hundred- year journey to examine how the science of cross-cultural industrial/organizational psychology and organizational behavior (CCIO/OB) has evolved, both in JAP and in the larger field. We review broad trends and provide illustrative examples in the theoretical, methodological, and analytic advances in CCIO/OB during 4 main periods: the early years (1917-1949), the middle 20th century (1950-1979), the later 20th century (1980-2000), and the 21st century (2000 to the present). Within each period, we discuss key historical and societal events that influenced the development of the science of CCIO/OB, major trends in research on CCIO/OB in the field in general and JAP in particular, and important milestones and breakthroughs achieved. We highlight pitfalls in research on CCIO/OB and opportunities for growth. We conclude with recommendations for the next 100 years of CC IO/OB research in JAP and beyond. © 2016 American Psychological Association."
4,0.8925,2016,"Organizational Behavior and Work Performance","The role of peer respect in linking abusive supervision to follower outcomes: Dual moderation of group potency","We develop a model in which abusive supervision undermines individuals' perceptions of the level of respect they are accorded by their group peers, which in turn reduces their performance and disconnects them psychologically from the organization. High group potency strengthens each of these connections. We studied the theorized relationships across 3 periods during a 10-week residential organizational entry program. Group potency, representing shared group perceptions, moderated relationships at the individual level. These included the negative relationship between abusive supervision (Time 1) and perceived peer respect (Time 2) and the relationship between perceived peer respect and organizational commitment, organizational identification, and turnover intention (Time 3). We found stronger relationships between abusive supervision and perceived peer respect-and between peer respect and the attitudinal outcomes and turnover intention-among groups with higher potency. Perceived peer respect was also positively related to followers' task performance. We discuss implications of the conceptual framework and findings for future research and theory development concerning how groups and individuals respond to abusive supervision and to treatment by their peers. © 2015 American Psychological Association."
4,0.887735849056604,2019,"Organizational Behavior and Work Performance","Breaking the cycle of abusive supervision: How disidentification and moral identity help the trickle-down change course","Studies show that abusive leader behaviors ""trickle down"" to lower organizational levels, but this research ignores that many abused supervisors do not perpetuate abuse by harming their own subordinates. Drawing on social-cognitive theory and related research, we suggest abused supervisors might defy rather than emulate their managers' abusive behavior. Specifically, we predicted that some abused supervisors-namely, those with strong moral identities-might in effect ""change course"" by engaging in less abuse or demonstrating ethical leadership with their subordinates to the extent they disidentify with their abusive managers. Across 2 experiments (n = 288 and 462 working adults, respectively) and a field study (n = 500 employees and their supervisors), we show that relations between manager abuse and supervisors' abusive and ethical behaviors were carried by supervisors' disidentification, and that the direct and indirect effects of manager abuse were stronger for supervisors with comparatively higher moral identity levels. We discuss our findings' implications and avenues for future research. © 2018 American Psychological Association."
4,0.8875,2019,"Organizational Behavior and Work Performance","Introduction to the Special Issue on Social and Emotional Learning","[No abstract available]"
4,0.887333333333333,2016,"Organizational Behavior and Work Performance","Off-duty deviance: Organizational policies and evidence for two prevention strategies","Anecdotal evidence suggests that organizations are increasingly concerned with employee off-duty deviance (ODD), yet management research has rarely investigated this type of deviant behavior. We define ODD as behaviors committed outside the workplace or when off-duty that are deviant by organizational and/or societal standards, jeopardize the employee's status within the organization, and threaten the interests and well-being of the organization and its stakeholders. Three studies are presented to better understand the relevance of ODD to modern organizations and then to understand potential approaches to reduce the incidence of ODD. The first study provides a qualitative review of publicly available ODD policies within the Fortune 500; the results showed that 13.4% of the Fortune 500 had a publicly available ODD policy, with the majority prohibiting criminal forms of ODD to protect the firm's reputation. The next 2 studies examine the efficacy of different approaches to reduce criminal ODD: Policy adoption and personnel selection. In the second study, a longitudinal, quasi-experimental design showed a significant-albeit modest-reduction in criminal ODD following the adoption of a conduct policy. In the third and final study, a criterion-related validity design supported the predictive validity of general mental ability and prior deviance in predicting criminal ODD. This compendium of studies provides an initial empirical investigation into ODD and offers implications relevant to the deviance literature, policy development, and personnel selection. © 2015 American Psychological Association."
4,0.886666666666667,2017,"Organizational Behavior and Work Performance","A century of work teams in the journal of applied psychology","Work groups are a vital link between individuals and organizations. Systematic psychological research on the nature and effects of work groups dates back at least to the Hawthorne studies of the 1920s and 1930s. Yet little to none of this work appeared in the Journal of Applied Psychology until the 1950s when groups were treated primarily as foils against which to compare the performance of individuals. From the 1990s to the present, the volume of research and the nature of topics addressing work group/teams expanded significantly. The authors review the evolution of team research over the past century with a particular focus on that which has appeared in this journal. They chronicle the shift from a focus on individuals within teams, or on individual versus team comparisons, to a focus on the team itself and larger systems of teams. They describe the major outcomes studied within this literature, and how they relate to the nature of team tasks and structures. Further, the authors consider the roles of team members' characteristics and composition, and team dynamics in terms of processes and emergent states. They close with a call for future research that models dynamic team relationships in context and as they operate in complex systems. © 2017 American Psychological Association."
4,0.884466019417476,2017,"Organizational Behavior and Work Performance","Performance appraisal and performance management: 100 years of progress?","We review 100 years of research on performance appraisal and performance management, highlighting the articles published in JAP, but including significant work from other journals as well. We discuss trends in eight substantive areas: (1) scale formats, (2) criteria for evaluating ratings, (3) training, (4) reactions to appraisal, (5) purpose of rating, (6) rating sources, (7) demographic differences in ratings, and (8) cognitive processes, and discuss what we have learned from research in each area. We also focus on trends during the heyday of performance appraisal research in JAP (1970-2000), noting which were more productive and which potentially hampered progress. Our overall conclusion is that JAP's role in this literature has not been to propose models and new ideas, but has been primarily to test ideas and models proposed elsewhere. Nonetheless, we conclude that the papers published in JAP made important contribution to the filed by addressing many of the critical questions raised by others. We also suggest several areas for future research, especially research focusing on performance management. © 2017 American Psychological Association."
4,0.875694444444444,2023,"Organizational Behavior and Work Performance","The Forgotten Side of Empowering Others: How Lower Social Structural Empowerment Attenuates the Effects of Empowering Leadership on Employee Psychological Empowerment and Performance","Theory and research have widely argued for and documented positive impacts of empowering leadership on employee psychological empowerment, putting empowering leadership on a pedestal depicting it as a panacea for increasing psychological empowerment. However, we argue that this could be due to not considering social structural empowerment (i.e., a construct manifested in employees’ beliefs about their access to resources, access to information, and sociopolitical support) as a so far “forgotten side” of empowerment. Using empowerment theory, we depart from this consensus to focus on the moderating role that social structural empowerment can have on the empowering leadership–psychological empowerment relationship. We propose that empowering leadership and social structural empowerment interact to affect employee psychological empowerment, such that lower (vs. higher) social structural empowerment can unintentionally attenuate the positive effects of empowering leadership on psychological empowerment and, ultimately, job performance. Across four studies using unique methods, findings supported our predictions that lower (vs. higher) social structural empowerment can stifle positive effects of empowering leadership on employee psychological empowerment and performance. We highlight the impact that social structural empowerment can have on the empowering leadership–psychological empowerment relationship, providing answers as to why this forgotten side of empowerment should matter to scholars and practitioners. © 2023 American Psychological Association"
4,0.873529411764706,2021,"Organizational Behavior and Work Performance","Work–Leisure Blending: An Integrative Conceptual Review and Framework to Guide Future Research","Since the industrial revolution, work and leisure have largely been considered opposing domains. A growing number of organizations, however, enable and/or promote blending leisure activities into the workplace. Similarly, several conceptualizations across different disciplines examine how work and leisure can coexist. These different conceptualizations have yielded a rich but fragmented theoretical account of work–leisure blending. To address this problem, we provide a comprehensive theoretical integration of multiple literature streams where research has explored work–leisure blending. Further, we develop a tripartite dimensional framework designed to elucidate the central dimensions of work–leisure blending (i.e., segmentation– integration, unstructured–structured, and independent–interactive) undergirding this phenomenon. Using this framework as a theoretical foundation, we then discuss important contextual considerations and future research directions related to work–leisure blending. © 2021 American Psychological Association"
4,0.872477064220183,2017,"Organizational Behavior and Work Performance","100 years of occupational safety research: From basic protections and work analysis to a multilevel view of workplace safety and risk","Starting with initiatives dating back to the mid-1800s, we provide a high-level review of the key trends and developments in the application of applied psychology to the field of occupational safety. Factory laws, basic worker compensation, and research on accident proneness comprised much of the early work. Thus, early research and practice very much focused on the individual worker, the design of their work, and their basic protection. Gradually and over time, the focus began to navigate further into the organizational context. One of the early efforts to broaden beyond the individual worker was a significant focus on safety-related training during the middle of the 20th century. Toward the latter years of the 20th century and continuing the move from the individual worker to the broader organizational context, there was a significant increase in leadership and organizational climate (safety climate) research. Ultimately, this resulted in the development of a multilevel model of safety culture/climate. After discussing these trends, we identify key conclusions and opportunities for future research. © 2017 American Psychological Association."
4,0.8648,2024,"Organizational Behavior and Work Performance","Subordinate-to-Supervisor Relational Identification: A Meta-Analytic Review","Although subordinate-to-supervisor relational identification (RI) has gained significant scholarly attention in organizational research, an understanding of its nomological network is incomplete. There have also been recurring discussions about its distinctions with another more extensively researched relational construct— leader–member exchange (LMX). In this meta-analysis, we expand Sluss and Ashforth’s (2007) typology, going beyond the influence of the supervisor, to systematically study the antecedents and consequences of RI and its comparison with LMX. Meta-analytic results based on 157 independent samples demonstrate that positive leader behaviors that span role-based and person-based identities (e.g., transformational leadership, supervisor humility) are important antecedents of subordinate-to-supervisor RI, with effects contingent on subordinates’ national culture (i.e., collectivism and power distance). Although less hypothesized, relational and organizational contexts as well as subordinate characteristics are also important antecedents of subordinate-to-supervisor RI. The results further show that RI relates to important subordinate behaviors and attitudes. Finally, we test how RI and LMX have differing effects across these important subordinate attitudes and behaviors. We conclude with suggestions to enhance our understanding of RI. © 2024 American Psychological Association"
5,0.97563025210084,2024,"Gender, Race, and Social Identity","White by Another Name? Can Anti-Christian Bias Claims Serve as a Racial Dog Whistle?","Four preregistered experiments (N = 4,307) explored whether anti-Christian bias claims can discreetly signal White allyship among Christian American adults. In Experiments 1 and 2, reading about anti-Christian bias led White, but not Black, Christians to perceive more anti-White bias. Experiments 3 and 4 demonstrate the connection between Christian and White can be leveraged by politicians in the form of a racial dog whistle. In Experiment 3, White Christians perceived a politician concerned about anti-Christian bias as caring more about anti-White bias and more willing to fight for White people (relative to a control). This politician was also perceived as less offensive than a politician concerned about anti-White bias. In Experiment 4, Black Christians perceived a politician concerned about anti-Christian bias as less offensive than one concerned about anti-White bias yet still unlikely to fight for Black people. Results suggest “anti-Christian bias” can provide a relatively palatable way to signal allegiance to White people. © The Author(s) 2024."
5,0.96578947368421,2021,"Gender, Race, and Social Identity","Making Diversity Work for Everybody? The Double-Edged Sword of All-Inclusive Diversity","Three experiments investigated how framing diversity as all-inclusive affects recognition of racial injustice. Among Whites, viewing a company mission statement that specifically included Whites/European Americans when defining diversity or made no mention of diversity led to increased recognition of unfair treatment of racial minorities relative to viewing a standard multicultural diversity statement (Experiment 1). Decreased concern about losing out on resources to racial minorities mediated these effects. Among racial minorities, viewing a company statement that included Whites/European Americans or made no mention of diversity similarly increased recognition of unfair treatment of racial minorities, an effect mediated by minorities’ reduced feelings of inclusion (Experiment 2). Experiment 3 replicated these effects using a more subtle manipulation of the all-inclusive diversity statement. These studies suggest defining diversity as inclusive of Whites/European Americans increases Whites’ sensitivity to racial injustice against minorities but simultaneously increases racial minority Americans’ concerns about exclusion and unfair treatment. © 2021 by the Society for Personality and Social Psychology, Inc."
5,0.956666666666667,2025,"Gender, Race, and Social Identity","Seeing Beyond Whose Prejudice? Effects of Perpetrator Race on People of Color’s Willingness to Engage in Solidarity Efforts With Perpetrators of Racism","Applying the stigma-based solidarity framework in an interpersonal context, the current research examined the role of perpetrator race/ethnicity in people of color’s willingness to engage with outgroup perpetrators of racism in anti-racism solidarity. Five experiments (N = 1,957) demonstrated that Asian, Latinx, and Black U.S. participants were more willing to discuss race, educate about ingroup-relevant racism, and work together to combat ingroup-relevant racism with perpetrators of color than with White perpetrators. This intraminority solidarity was explained by perceived greater shared discrimination experiences and anticipated greater comfort discussing discrimination with perpetrators of color. Current findings advance a nuanced understanding of intraminority relations. © 2025 by the Society for Personality and Social Psychology, Inc"
5,0.948701298701299,2021,"Gender, Race, and Social Identity","Understanding Whites’ Perceptions of Multicultural Policies: A (Non)Zero-Sum Framework?","Non-Hispanic Whites can perceive multicultural diversity policies as excluding their group and threatening their identity. However, increasing demographic diversity and the proliferation of organizational diversity efforts may have led Whites to view multicultural policies in more nonzero-sum ways. Reanalyzing nationally representative data, Study 1 showed that over the past 10 years, White Americans have become more supportive of diversity policies that explicitly recognize group memberships and have become less likely to view these policies as harmful to their group. Five experiments further showed that a multicultural (vs. colorblind) policy did not increase Whites’ experiences of social identity threat (Studies 2–6) or their perceived exclusion from a company’s diversity efforts (Studies 4–6). While a multicultural policy increased how much Whites believed an organization generally valued diversity and specifically valued the group differences of racial minorities, it did not decrease how much Whites believed their own group differences were valued (Studies 4–5). A multicultural policy only threatened Whites when group differences were narrowly defined to exclude their group (Study 6). An internal meta-analysis (N = 1,998) supported these conclusions and found they did not depend on need to belong, ethnic identification, political ideology, or the imagined presence of an outgroup coworker. These findings indicate that non-Hispanic White Americans generally conceptualize multicultural policies in nonzero-sum terms and suggest that (non)zero-sum beliefs may be key to understanding when diversity efforts are likely to elicit backlash from majority group members. © 2020 American Psychological Association"
5,0.946363636363636,2025,"Gender, Race, and Social Identity","Perceived Zero-Sum Competition Between Asian Americans and Black Americans","The 2023 Supreme Court decisions on affirmative action revealed the frayed relations between Asian and Black Americans. The gains that Black Americans have made were seen as coming at the expense of Asian Americans, suggesting a potential zero-sum perception. Three studies (N = 1,475 CloudResearch online participants) examined the extent to which Asian, Black, and White Americans perceived a zero-sum competition between Asian and Black people. Studies 1 and 2 showed that Asian and White participants were more likely than Black participants to endorse the zero-sum belief that Asian Americans are losing to Black Americans. Studies 2 and 3 showed that participants perceived Asian Americans as losing more to White than Black people. Study 3 found that when Asian Americans perceived the Asian-Black relations in zero-sum terms, they were less supportive of Black people and perceived less support from Black people, but belief in Asian-White competition predicted stronger pro-Black sentiments. © 2025 by the Society for Personality and Social Psychology, Inc"
5,0.919090909090909,2023,"Gender, Race, and Social Identity","The Maintenance of the U.S. Racial Hierarchy Through Judgments of Multiracial People Based on Proximity to Whiteness","Previous research has argued that a growing multiracial population will blur boundaries between racial groups, reducing racism and improving interracial relations. However, this is unlikely to happen if multiracial groups are judged according to their proximity to Whiteness. We examined how having White ancestry shapes status perceptions of multiracial groups. Studies 1 and 2 showed that multiracial groups with White ancestry (e.g., Black/White) are considered higher status than dual minority multiracial (e.g., Black/Latinx) and monoracial minority (e.g., Black) groups. Study 3 revealed that multiracial groups with White ancestry are perceived as more competent and warmer than monoracial minority and dual minority multiracial groups, leading to higher status perceptions for multiracial groups with White ancestry. Thus, multiracial people, like other racial minorities, may be judged according to White, Eurocentric standards. The results imply that, without anti-racist intervention, the treatment of multiracial people will reinforce, rather than challenge, the existing racial hierarchy. © 2022 by the Society for Personality and Social Psychology, Inc."
5,0.900833333333333,2025,"Gender, Race, and Social Identity","Historical Relevance and Modern Perceptions: Mixed-Black and Mixed-Native Racial Categorization and Resource Deservingness","Growing multiracial populations in the United States underscore the evolving complexity of racial identity, particularly in how racial perceptions shape perceived deservingness to resources. This research examines how individuals with Black/White and Native American/White ancestries are categorized and the influence of categorization on perceived deservingness of group-specific resources. It explores the persistence of hypodescent (assigning by non-dominant identity) and hyperdescent (assigning by dominant identity) relating to historical and policy contexts. Across two studies, participants categorized mixed-race targets and evaluated their deservingness for minority-specific resources (i.e., scholarship). Black/White targets were categorized as more Black, consistent with hypodescent bias, while Native/White targets were often categorized as more White, consistent with hyperdescent. Comparatively, these categorizations shaped perceptions of resource deservingness, especially for Black/White targets. This underscores the complexities of perceived multiracial group categorization and may suggest the need for nuanced understanding of racial identity in an increasingly diverse society. © 2025 by the Society for Personality and Social Psychology, Inc"
5,0.891666666666667,2021,"Gender, Race, and Social Identity","The Souls of Black Folk (and the Weight of Black Ancestry) in U.S. Black Americans’ Racial Categorization","We theorized that from the perspective of U.S. Black Americans, a connection to Black ancestry—and the historical hardship associated with that ancestry—plays an important role in racial categorization. We found support for this across six studies. In Studies 1–3, participants categorized targets with Black ancestry and White experiences or targets with White ancestry and Black experiences. U.S. Black Americans’ (more than non-Black Americans’) racial categorizations were influenced by Black ancestry (more than by White ancestry). In Study 4, we replicated this effect under extreme conditions (e.g., even when targets had Black ancestry and were phenotypically, socially, culturally, self-identified, and advantaged as White for eighty years, U.S. Black Americans categorized them as Black). In Study 5, U.S. Black Americans were more likely than U.S. White Americans to associate their racial ancestry with hardship, and individual differences in those associations predicted the extent to which U.S. Black Americans categorized the target with Black ancestry and White experiences as Black. In Study 6, participants categorized a target with Black ancestry and ancestral hardship (i.e., their ancestors were kidnapped from Africa and experienced slavery) or a target with Black ancestry and ancestral success (i.e., their ancestors immigrated from Africa and experienced upward mobility). U.S. Black Americans (unlike U.S. White Americans) were more identified with the target with ancestral hardship. Collectively, our research suggests that from the perspective of U.S. Black Americans, the collective Black experiences of the past continue to shape the Black collective of the present. © 2021 American Psychological Association"
5,0.888805970149254,2017,"Gender, Race, and Social Identity","""You're one of us"": Black americans' use of hypodescent and its association with egalitarianism","Research on multiracial categorization has focused on majority group social perceivers (i.e., White Americans), demonstrating that they (a) typically categorize Black-White multiracials according to a rule of hypodescent, associating them more with their lower status parent group than their higher status parent group, and (b) do so at least in part to preserve the hierarchical status quo. The current work examines whether members of an ethnic minority group, Black Americans, also associate Black-White multiracials more with their minority versus majority parent group and if so, why. The first 2 studies (1A and 1B) directly compared Black and White Americans, and found that although both Blacks and Whites categorized Black-White multiracials as more Black than White, Whites' use of hypodescent was associated with intergroup antiegalitarianism, whereas Blacks' use of hypodescent was associated with intergroup egalitarianism. Studies 2-3 reveal that egalitarian Blacks use hypodescent in part because they perceive that Black-White biracials face discrimination and consequently feel a sense of linked fate with them. This research establishes that the use of hypodescent extends to minority as well as majority perceivers but also shows that the beliefs associated with the use of hypodescent differ as a function of perceiver social status. In doing so, we broaden the social scientific understanding of hypodescent, showing how it can be an inclusionary rather than exclusionary phenomenon. © 2017 American Psychological Association."
5,0.885840707964602,2017,"Gender, Race, and Social Identity","Stigma by Prejudice Transfer: Racism Threatens White Women and Sexism Threatens Men of Color","In the current research, we posited the stigma-by-prejudice-transfer effect, which proposes that stigmatized group members (e.g., White women) are threatened by prejudice that is directed at other stigmatized group members (e.g., African Americans) because they believe that prejudice has monolithic qualities. While most stigma researchers assume that there is a direct correspondence between the attitude of prejudiced individuals and the targets (i.e., sexism affects women, racism affects racial minorities), the five studies reported here demonstrate that White women can be threatened by racism (Study 1, 3, 4, and 5) and men of color by sexism (Study 2). Robust to perceptions of liking and the order in which measures were administered, results showed that prejudice transfers between racism and sexism were driven by the presumed social dominance orientation of the prejudiced individual. In addition, important downstream consequences, such as the increased likelihood of anticipated stigma, expectations of unfair treatment, and the attribution of negative feedback to sexism, appeared for stigmatized individuals. © 2017, © The Author(s) 2017."
5,0.88021978021978,2023,"Gender, Race, and Social Identity","My Fight or Yours: Stereotypes of Activists From Advantaged and Disadvantaged Groups","In social movements, activists may belong to either the disadvantaged or the advantaged group (e.g., Black racial justice activists or White racial justice activists). Across three experimental survey studies, we examined the content of these stereotypes by asking participants to freely generate a list of characteristics to describe each target group—a classic paradigm in stereotype research. Specifically, we examined the stereotypes applied to Black and White activists within racial justice movements (Study 1, n = 154), female and male activists within feminist movements (Study 2, n =134), and LBGT and straight activists within Lesbian, Gay, Bisexual, and Transgender movements (Study 3, n =156). We found that the “activist” category was consistently differentiated into subcategories based on group status: Disadvantaged group activists were stereotyped as strong and aggressive, whereas advantaged group activists were stereotyped as altruistic and superficial. These findings underscore the importance of considering status differences to understand the social perception of activists. © 2021 by the Society for Personality and Social Psychology, Inc."
5,0.87,2021,"Gender, Race, and Social Identity","Inconceivable Middle-Class Black Space: The Architecture and Consequences of Space-Focused Stereotype Content at the Race–Class Nexus","White Americans tend to stereotype a Black neighborhood as lower class and less desirable than a similar White neighborhood. A strong mental image of Black areas, in general, as lower class and undesirable contributes to this perceptual race-gap. The present studies show that a weak mental image of middle-class Black space as middle class and desirable may also contribute. First, stereotype content analyses reveal how Whites’ diffuse mental image of middle-class Black space—rundown, suburban, clean, crime-ridden—overlaps with both Black and middle-class space stereotypes. Second, the more difficulty Whites experience imagining middle-class Black space as invariably middle class and desirable, the more likely they are to stereotype a Black (vs. White) neighborhood as low quality, feel less connected to it, and devalue a house there. Whites’ diffuse mental image of middle-class Black space may thus contribute to ongoing racial injustices (e.g., wealth disparities, residential segregation). © 2020 by the Society for Personality and Social Psychology, Inc."
5,0.868867924528302,2025,"Gender, Race, and Social Identity","The Underestimation of Transgender Women’s Vulnerability to Workplace Sexual Harassment","Despite experiencing sexual harassment more frequently and more severely than cisgender women, transgender women survivors’/victims’ experiences of workplace sexual harassment are often omitted or ignored. Drawing from theorizing on victim prototypes and perceptions of sexual harassment, we show across six studies (total N = 2,022) that people incorrectly believe that transgender women are less likely to experience workplace sexual harassment compared to cisgender women. This effect is stronger among individuals who deny that transgender women are, in fact, women. We also show that people perceive harassment claims from transgender women who experience unwanted advances to be less credible than identical claims from cisgender women. Perceptions that transgender women are unlikely and non-credible victims of sexual harassment have important implications for understanding the erasure and neglect of transgender women survivors and the obstruction of transgender women’s civil rights. © 2025 by the Society for Personality and Social Psychology, Inc"
5,0.864102564102564,2018,"Gender, Race, and Social Identity","Theory of Prejudice and American Identity Threat Transfer for Latino and Asian Americans","Latinos and Asian Americans confront similar stereotypes as they are often presumed to be foreigners and subjected to American identity denial. Across six studies (total N = 992), we demonstrate that Latinos and Asians anticipate ingroup prejudice and specific types of subordination (e.g., American identity threat) in the face of outgroup threats that target one another (i.e., stigma transfer). The studies explore whether stigma transfer occurred primarily when shared Latino and Asian stereotype content was a salient component of the prejudice remark (e.g., foreigner stereotypes; Study 3), or when outgroup prejudice targeted a social group with shared stereotype content (Study 4), though neither appeared to substantively moderate stigma transfer. Minority group members who conceptualize prejudiced people as holding multiple biases (i.e., a monolithic prejudice theory) were more susceptible to stigma transfer suggesting that stereotype content is not necessary for stigma transfer because people assume that prejudice is not singular. © 2018, 2018 by the Society for Personality and Social Psychology, Inc."
5,0.861290322580645,2019,"Gender, Race, and Social Identity","Whose Side Are You On? Asian Americans’ Mistrust of Asian–White Biracials Predicts More Exclusion From the Ingroup","We investigated Asian Americans’ perceptions of Asian–White biracials. Because the Asian/White boundary may be more permeable than other minority/White boundaries, we reasoned that Asian Americans are more likely than Black Americans to be skeptical of biracials, perceiving that biracials would prefer to identify as White and would be disloyal to Asians, consequently categorizing them as more outgroup. We further reasoned that Asian Americans’ concerns about and exclusion of biracials would be predicted by greater perceived discrimination against Asian Americans, which increases the incentive for biracials to pass into the higher status racial group. Studies 1 and 2 provided correlational support for these theorized relationships among Asian Americans. Study 2 showed that perceived discrimination did not increase Black Americans’ concerns about biracials’ identity preferences and loyalty. Studies 3 and 4 provided causal evidence for the roles of perceived discrimination and biracial identity preferences, respectively, in Asian Americans’ exclusion of biracials. © 2018 by the Society for Personality and Social Psychology, Inc."
5,0.86015625,2025,"Gender, Race, and Social Identity","Racialized Sexism: Nonverbal Displays of Power in Workplace Settings are Evaluated as More Masculine When Displayed by White (vs. Black) Women With Implications for the Expression of Ambivalent Sexism","We hypothesized that White (vs. Black) women in high- (vs. low-) power poses would be evaluated as particularly masculine and unfeminine due to greater perceived violations of gendered racial stereotypes. As predicted, White (vs. Black) women in high- (but not low-) power poses were evaluated as more masculine and less feminine (Studies 1-3). Moreover, greater perceived masculinity of White (vs. Black) women in high-power poses predicted more hostile sexism; and, lesser perceived femininity of White (vs. Black) women predicted less benevolent sexism. Finally, these associations between masculinity/hostile sexism and femininity/benevolent sexism serially mediated reduced hiring desirability of White (vs. Black) women (Study 2). Study 3 replicated these serial indirect effects and found that these effects emerged regardless of job status and even when controlling for socially desirable responding. We conclude that gendered racism leads sexism to be expressed toward White and Black women embodying power in distinct ways. © 2023 by the Society for Personality and Social Psychology, Inc"
5,0.858035714285714,2022,"Gender, Race, and Social Identity","My Kind of Guy: Social Dominance Orientation, Hierarchy-Relevance, and Tolerance of Racist Job Candidates","Social psychology suggests that racism, as captured by explicit prejudice and racial discrimination, is perceived negatively in the United States. However, considering the hierarchy-enhancing nature of racism, it may be that negative perceptions of racism are attenuated among perceivers high in anti-egalitarian sentiment. The reported studies support this, suggesting that racist candidates were tolerated more and had relatively greater hireability ratings as a function of perceivers’ social dominance orientation (SDO; Studies 1–4). Candidate race did not impact these evaluations—only the hierarchy relevance of their actions did (i.e., whether the candidate’s behavior was hierarchy enhancing or had no clear implication for the hierarchy; Study 2). Furthermore, anti-racist candidates (e.g., those displaying hierarchy-attenuating behavior) were tolerated less and had lower hireability ratings as a function of perceivers’ SDO (Study 3). Finally, the perceived intentionality of the candidate’s actions affected tolerance toward them as a function of SDO. This suggests hierarchy relevance impacts evaluative outcomes. © 2021 by the Society for Personality and Social Psychology, Inc."
5,0.850833333333333,2021,"Gender, Race, and Social Identity","#NotAllWhites: Liberal-Leaning White Americans Racially Disidentify and Increase Support for Racial Equity","Donald Trump won the 2016 presidential election largely due to support from White Americans. This win created a new sociopolitical reality in which White Americans as a group became associated with Trump and his anti-egalitarianism. Four studies (N = 3,245) explored how liberal-leaning White Americans negotiate their racial identity to contend with group-image threat arising from the association between their racial ingroup and Trump. Trump-related group-image threat (i.e., White Americans’ support for Trump’s anti-egalitarianism or his continuation in office) led liberal-leaning White Americans to disidentify from their racial ingroup. In turn, racial disidentification predicted greater signaling of egalitarian beliefs (i.e., expressing intentions to advocate for racial equity and supporting policies designed to benefit racially minoritized groups) and behaviors (i.e., donating money to racial equity-focused organizations). These results suggest that the process of negotiating Trump-related group-image threat has implications for both White Americans’ racial identities and ongoing efforts to achieve racial equity. © 2021 by the Society for Personality and Social Psychology, Inc."
5,0.850442477876106,2024,"Gender, Race, and Social Identity","When and Why Antiegalitarianism Affects Resistance to Supporting Black-Owned Businesses","Understanding how initiatives to support Black-owned businesses are received, and why, has important social and economic implications. To address this, we designed three experiments to investigate the role of antiegalitarian versus egalitarian ideologies among White American adults. In Study 1 (N = 199), antiegalitarianism (vs. egalitarianism) predicted viewing initiatives supporting a Black-owned business as less fair, but only when the business was competing with other (presumably White-owned) businesses. In Study 2 (N = 801), antiegalitarianism predicted applying survival-of-the-fittest market beliefs, particularly to Black-owned businesses. Antiegalitarianism also predicted viewing initiatives supporting Black-owned businesses as less fair than initiatives that targeted other (presumably White-owned) businesses, especially for tangible (vs. symbolic) support that directly impacts the success of a business. In Study 3 (N = 590), antiegalitarianism predicted rejecting a program investing in Black-owned businesses. These insights demonstrate how antiegalitarian ideology can have the effect of maintaining race-based inequality, hindering programs designed to reduce that inequality. © The Author(s) 2024."
5,0.849579831932773,2019,"Gender, Race, and Social Identity","Implicit Evaluative Biases Toward Targets Varying in Race and Socioeconomic Status","Generally, White (vs. Black) and high-status (vs. low-status) individuals are rated positively. However, implicit evaluations of simultaneously perceived race and socioeconomic status (SES) remain to be considered. Across four experiments, participants completed an evaluative priming task with face primes orthogonally varying in race (Black vs. White) and SES (low vs. high). Following initial evidence of a positive implicit bias for high-SES (vs. low-SES) primes, subsequent experiments revealed that this bias is sensitive to target race, particularly when race and SES antecedents are presented in an integrated fashion. Specifically, high-SES positive bias was more reliable for White than for Black targets. Additional analyses examining how implicit biases may be sensitive to perceiver characteristics such as race, SES, and beliefs about socioeconomic mobility are also discussed. Taken together, these findings highlight the importance of examining evaluations based on race and SES when antecedents of both categories are simultaneously available. © 2019 by the Society for Personality and Social Psychology, Inc."
5,0.849494949494949,2022,"Gender, Race, and Social Identity","Americans Misperceive Racial Disparities in Economic Mobility","What do people know about racial disparities in “The American Dream”? Across six studies (N = 1,761), we find that American participants consistently underestimate the Black–White disparity in economic mobility, believing that poor Black Americans are significantly more likely to move up the economic ladder than they actually are. We find that misperceptions about economic mobility are common among both White and Black respondents, and that this undue optimism about the prospect of mobility for Black Americans results from a narrow focus on the progress toward equality that has already been made. Consequently, making economic racial disparities salient, or merely reflecting on the unique hardships that Black Americans face in the United States, calibrates beliefs about economic mobility. We discuss the importance of these findings for understanding lay beliefs about the socioeconomic system, the denial of systemic racism in society, and support for policies aimed at reducing racial economic disparities. © 2021 by the Society for Personality and Social Psychology, Inc."
5,0.847747747747748,2021,"Gender, Race, and Social Identity","Does Shared Gender Group Membership Mitigate the Effect of Implicit Bias Attributions on Accountability for Gender-Based Discrimination?","Attributing gender discrimination to implicit bias has become increasingly common. However, research suggests that when discrimination is attributed to implicit rather than explicit bias, the perpetrators are held less accountable and deemed less worthy of punishment. The present work examines (a) whether this effect replicates in the domain of gender discrimination, and (b) whether sharing a group membership with the victim moderates the effect. Four studies revealed that both men and women hold perpetrators of gender discrimination less accountable if their behavior is attributed to implicit rather than explicit bias. Moreover, women held male (Studies 1–3), but not female (Study 4), perpetrators of gender discrimination more accountable than did men. Together, these findings suggest that while shared gender group membership may inform judgments of accountability for gender discrimination, it does not weaken the tendency to hold perpetrators less accountable for discrimination attributed to implicit, compared with explicit, bias. © 2020 by the Society for Personality and Social Psychology, Inc."
5,0.8375,2022,"Gender, Race, and Social Identity","Diversity Initiatives and White Americans’ Perceptions of Racial Victimhood","Seven experiments explore whether organizational diversity initiatives heighten White Americans’ concerns about the respect and value afforded toward their racial group and increase their perceptions of anti-White bias. The presence (vs. absence) of organizational diversity initiatives (i.e., diversity awards, diversity training, diversity mission statements) caused White Americans to perceive Whites as less respected and valued than Blacks and to blame a White man’s rejection for a promotion on anti-White bias. Several moderators were tested, including evidence that Whites were clearly advantaged within the organization, that the rejected White candidate was less meritorious than the Black candidate, that promotion opportunities were abundant (vs. scarce), and individual differences related to support for the status hierarchy and identification with Whites. There was little evidence that these moderators reduced Whites’ perceptions of diversity initiatives as harmful to their racial group. © 2021 by the Society for Personality and Social Psychology, Inc."
5,0.830487804878049,2024,"Gender, Race, and Social Identity","Is Men’s Heterosexuality Perceived as More Precarious Than Women’s? An Intersectional, Race-by-Gender Analysis","People perceive men’s masculinity to be more precarious, or easier to lose, than women’s femininity. In the present article, we investigated (a) whether men’s heterosexuality is likewise perceived to be more precarious than women’s, and if so, (b) whether this effect is exaggerated when the targets in question are Black rather than White. To investigate these questions, we conducted three experiments (one of which was conducted on a probability-based sample of U.S. adults; total N = 3,811) in which participants read about a target person who either did or did not engage in a single same-sex sexual behavior. Results revealed that participants questioned the heterosexuality of men more than the heterosexuality of women when they engaged (vs. did not engage) in same-sex sexual behavior. Surprisingly, these effects were not moderated by whether targets were Black versus White. Results are interpreted in light of recent models of intersectional stereotyping. © 2023 by the Society for Personality and Social Psychology, Inc."
5,0.82755905511811,2016,"Gender, Race, and Social Identity","White ≠ Poor: Whites Distance, Derogate, and Deny Low-Status Ingroup Members","Throughout society, White people of low socioeconomic status (SES) face prejudice, often from racial ingroup members. The present research tested the ingroup distancing effect, which predicts that Whites’ negative reactions to low-SES ingroup members are motivated responses to perceived threats to their personal and group-level status. To cope with perceived status threats, White people psychologically and physically distance themselves from low-SES Whites. Four studies provide converging support for this theorizing. Among White participants, low-SES Whites elicited derogation, impaired racial categorization and memory, and inflated perceived personal status. White participants explicitly perceived low-SES Whites as greater status threats than low-SES Blacks, and these perceptions of threat predicted increased discomfort in anticipated social situations with low-SES White targets. Moreover, threatened status led Whites who strongly identified with their racial ingroup to physically distance themselves from a low-SES White partner. This research demonstrates that concerns with status motivate prejudice against ingroup members. © 2015, by the Society for Personality and Social Psychology, Inc."
5,0.82755905511811,2025,"Gender, Race, and Social Identity","Enumeration or Exclusion? Demographic Forms and Latine Identity Threat","Four studies examine whether demographic forms elicit social identity threat and institutional exclusion for Latine Americans before and after the 2020 Presidential election and leading up to the 2024 election. Using a mock-Census form and widely used ethnicity/racial designations, we manipulated the framing of Latine identity through a two-item (category listed separately) versus a single-item (combined) format, and also varied the inclusion of a citizenship question. Overall, Latine Americans who completed a two-item versus a single-item mock-Census form experienced greater social identity threat, institutional exclusion (e.g., threatened belonging), more negative external perceptions of Latine Americans, and lower Latine and American identification. Reactions to the citizenship question were particularly attenuated by study timepoint and sociopolitical context but also revealed a concern over confirming negative stereotypes about Latine Americans related to immigration and citizenship status. Results suggest Latine Americans face identity threat through demographic forms, and this may affect their sense of belonging within the United States. © 2025 by the Society for Personality and Social Psychology, Inc"
5,0.827551020408163,2020,"Gender, Race, and Social Identity","Intergroup Inequality Heightens Reports of Discrimination Along Alternative Identity Dimensions","How do members of societally valued (dominant) groups respond when considering inequality? Prior research suggests that salient inequality may be viewed as a threat to dominant-group members’ self and collective moral character. However, people possess multiple social identities and may be advantaged in one domain (e.g., White) while concurrently disadvantaged in another domain (e.g., sexual minority). The present research tests whether individuals may reduce the moral-image threat of being societally advantaged in one domain by highlighting discrimination they face in other domains. Four experiments with individuals advantaged along different dimensions of inequality (race, social class, sexuality) reveal that making such inequality salient evokes greater perceived discrimination faced by oneself and one’s ingroups along other identity dimensions. © 2019 by the Society for Personality and Social Psychology, Inc."
5,0.821367521367521,2019,"Gender, Race, and Social Identity","Are Black Women and Girls Associated With Danger? Implicit Racial Bias at the Intersection of Target Age and Gender","We investigated whether stereotypes linking Black men and Black boys with violence and criminality generalize to Black women and Black girls. In Experiments 1 and 2, non-Black participants completed sequential-priming tasks wherein they saw faces varying in race, age, and gender before categorizing danger-related objects or words. Experiment 3 compared task performance across non-Black and Black participants. Results revealed that (a) implicit stereotyping of Blacks as more dangerous than Whites emerged across target age, target gender, and perceiver race, with (b) a similar magnitude of racial bias across adult and child targets and (c) a smaller magnitude for female than male targets. Evidence for age bias and gender bias also emerged whereby (d) across race, adult targets were more strongly associated with danger than were child targets, and (e) within Black (but not White) targets, male targets were more strongly associated with danger than were female targets. © 2019 by the Society for Personality and Social Psychology, Inc."
5,0.819090909090909,2017,"Gender, Race, and Social Identity","Backlash: The Politics and Real-World Consequences of Minority Group Dehumanization","Research suggests that members of advantaged groups who feel dehumanized by other groups respond aggressively. But little is known about how meta-dehumanization affects disadvantaged minority group members, historically the primary targets of dehumanization. We examine this important question in the context of the 2016 U.S. Republican Primaries, which have witnessed the widespread derogation and dehumanization of Mexican immigrants and Muslims. Two initial studies document that Americans blatantly dehumanize Mexican immigrants and Muslims; this dehumanization uniquely predicts support for aggressive policies proposed by Republican nominees, and dehumanization is highly associated with supporting Republican candidates (especially Donald Trump). Two further studies show that, in this climate, Latinos and Muslims in the United States feel heavily dehumanized, which predicts hostile responses including support for violent versus non-violent collective action and unwillingness to assist counterterrorism efforts. Our results extend theorizing on dehumanization, and suggest that it may have cyclical and self-fulfilling consequences. © 2016, © 2016 by the Society for Personality and Social Psychology, Inc."
5,0.813392857142857,2022,"Gender, Race, and Social Identity","Majority Members Misperceive Even “Win-Win” Diversity Policies as Unbeneficial to Them","Six studies show that majority members misperceive diversity policies as unbeneficial to their ingroup, even when policies benefit them. Majority members perceived nonzero-sum university admission policies—policies that increase acceptance of both URM (i.e., underrepresented minority) and non-URM applicants—as harmful to their ingroup when merely framed as “diversity” policies. Even for policies lacking a diversity framing (i.e., “leadership” policies), majority members misperceived that their ingroup would not benefit when policies provided relatively greater benefit to URMs, but not when they provided relatively greater benefit to non-URMs. No consistent evidence emerged that these effects were driven by ideological factors: Majority members’ misperceptions occurred even when accounting for self-reported beliefs around diversity, hierarchy, race, and politics. Instead, we find that majority group membership itself predicts misperceptions, such that both Black and White participants accurately perceive nonzero-sum diversity policies as also benefiting the majority when participants are represented as members of the minority group. © 2021. American Psychological Association"
5,0.810743801652893,2025,"Gender, Race, and Social Identity","Investigating How High Perceived Economic Inequality Exacerbates Intergroup Competition, Zero-Sum Beliefs, and Perceived Intergroup Prejudice","Rising economic inequality is associated with more prejudice. Little empirical data, however, investigate how inequality affects individuals’ psychological processing and, in turn, exacerbates perceptions of prejudice in people’s geographic area. We hypothesized that higher perceived economic inequality triggers beliefs that unequal economies are zero-sum and leads to beliefs that people are in competition for limited resources, which may ultimately exacerbate perceived prejudice. Through nine experiments (Studies 1-5 in the manuscript and three additional studies in the Supplement), we provide evidence that higher perceived inequality increases perceived prejudice against a wide range of outgroups. Furthermore, zero-sum beliefs and perceived competition serially mediate this relationship (Studies 2 and 3). In Study 4, we investigate nuance in this hypothesized model by testing whether higher perceived economic inequality exacerbates perceived racial/ethnic prejudice among a large, diverse sample and find a similar pattern of results. Finally (Study 5), we demonstrate that assuaging competition beliefs mitigates perceived prejudice. © 2024 by the Society for Personality and Social Psychology, Inc"
5,0.810112359550562,2023,"Gender, Race, and Social Identity","Gender Backlash and the Moderating Role of Shared Racial Group Membership","Research suggests that White women often experience more gender backlash than women of color in response to expressions of agency. We consider whether this differential in backlash is driven by the match or mismatch of the race of both perceivers and targets. Much of the existing work in this space examines the perspective of White perceivers, which might underestimate racial minority women’s susceptibility to backlash if backlash occurs primarily in same-race interactions. We examine how the racial group memberships of targets and perceivers jointly affect backlash against gender-norm violating women. In analyses of Dr. Christine Blasey-Ford’s accusations of sexual assault against Brett Kavanaugh and Anita Hill’s accusations against Clarence Thomas during their respective U.S. Supreme Court confirmation hearings, an archival analysis of the 2016 U.S. presidential election, and two experiments, we find that perceivers of different races tend to express more backlash toward racial in-group than out-group women. © 2022 by the Society for Personality and Social Psychology, Inc."
5,0.799082568807339,2021,"Gender, Race, and Social Identity","Social Class Competence Stereotypes Are Amplified by Socially Signaled Economic Inequality","A number of psychological theories suggest that increased economic inequality may lead to greater social class stereotyping. However, all existing evidence for this claim is correlational. Across three experiments (one exploratory and two confirmatory, N = 2,286), we observed that exposure to socially signaled inequality—operationalized in terms of variation in perceived incomes among groups of target individuals—amplified the endorsement of one key social class stereotype: the perception that higher income individuals are more competent. When judged amid greater inequality, the same high-income targets were perceived as more competent and the same low-income targets were perceived as less competent, compared with when judged amid greater equality. By contrast, we found no consistent effect of exposure to inequality on stereotypes regarding warmth and relatively weak class-based stereotyping on the warmth dimension in general. We discuss implications of these findings for theories regarding the effects of economic inequality. © 2020 by the Society for Personality and Social Psychology, Inc."
5,0.797826086956522,2017,"Gender, Race, and Social Identity","Solidarity through shared disadvantage: Highlighting shared experiences of discrimination improves relations between stigmatized groups","Intergroup relations research has largely focused on relations between members of dominant groups and members of disadvantaged groups. The small body of work examining intraminority intergroup relations, or relations between members of different disadvantaged groups, reveals that salient experiences of ingroup discrimination promote positive relations between groups that share a dimension of identity (e.g., 2 different racial minority groups) and negative relations between groups that do not share a dimension of identity (e.g., a racial minority group and a sexual minority group). In the present work, we propose that shared experiences of discrimination between groups that do not share an identity dimension can be used as a lever to facilitate positive intraminority intergroup relations. Five experiments examining relations among 4 different disadvantaged groups supported this hypothesis. Both blatant (Experiments 1 and 3) and subtle (Experiments 2, 3, and 4) connections to shared experiences of discrimination, or inducing a similarity-seeking mindset in the context of discrimination faced by one's ingroup (Experiment 5), increased support for policies benefiting the outgroup (Experiments 1, 2, and 4) and reduced intergroup bias (Experiments 3, 4, and 5). Taken together, these experiments provide converging evidence that highlighting shared experiences of discrimination can improve intergroup outcomes between stigmatized groups across dimensions of social identity. Implications of these findings for intraminority intergroup relations are discussed. © 2017 American Psychological Association."
5,0.797222222222222,2025,"Gender, Race, and Social Identity","On the Role of Police Shootings, Recognition of Systemic Racism, and Empathy on White Americans’ Support for Police Reform","The police kill Black Americans at disproportionate rates. Despite this, White Americans remain mixed on support for policing-related policy reform. We examined whether bearing witness to police violence leads to support for policy reforms. Across three studies (N = 943), White participants either viewed a news video about an unarmed Black man killed at the hands of police or in a car accident due to a collision with another driver. Participants lower but not higher in symbolic racism reported more empathy after viewing a police shooting (vs. car accident) news video (Studies 1–3). Empathy predicted policing-related policy reform support (Studies 1–3) and mediated the relationship between condition and policy reform support (Studies 1 and 3), among those lower in symbolic racism (Studies 1–2). Results suggest that empathy for Black victims of police violence predicts policy support but only among those who recognize that such violence is systemic in nature. © 2024 by the Society for Personality and Social Psychology, Inc"
5,0.789175257731959,2024,"Gender, Race, and Social Identity","Signaling Safety and Fostering Fairness: Exploring the Psychological Processes Underlying (In)Congruent Cues Among Black Women","Exposure to an organizational diversity cue may help attract Black women to professional spaces. The cue transfer framework contends that because intergroup attitudes co-occur, both cues congruent or incongruent with one’s minoritized identity signal an environment that welcomes all minoritized persons. Critically, the utility of such cues had yet to be explored among Black women. Integrating cue transfer with social identity complexity theory, across six studies (N = 2,167), we tested the novel prediction that Black women utilize a racial dominance identity structure and investigated the benefits of organizational diversity cues congruent and incongruent with Black women’s identities. We also drew from stigma solidarity and examined whether perceiving an outgroup associated with an incongruent cue as experiencing similar bias (i.e., shared discrimination) facilitated cue efficacy. Ultimately, only racially congruent cues encouraged organizational safety (Studies 1, 2, and 6) and procedural fairness (Studies 2, 4, and 6), while cues aimed at lesbian, gay, bisexual, transgender, or Latino individuals (Studies 1–4) were ineffective. Moreover, despite reporting greater shared discrimination with Latino than lesbian, gay, bisexual & transgender persons (Study 4), shared discrimination was inconsequential for cue efficacy (Study 3). Black women’s lay theories revealed that although they perceived negative intergroup attitudes as co-occurring, positive attitudes toward other minoritized groups were seen as unrelated to attitudes toward Black individuals (Studies 5a/5b). Finally, racially (but not gender) congruent cues mitigated organizational invisibility (Study 6). Collectively, the present investigation supports our assertion that Black women adopt a racial dominance lens and, more broadly, underscores the necessity of an intersectional framework when examining cue efficacy. © 2024 American Psychological Association. All Rights Reserved."
5,0.788495575221239,2020,"Gender, Race, and Social Identity","Good Cop, Bad Cop: Race-Based Differences in Mental Representations of Police","The current work investigates race-based biases in conceptualization of the facial appearance of police. We employ a reverse correlation procedure to demonstrate that Black Americans, relative to White Americans, conceptualize police officers’ faces as more negative, less positive, and more dominant. We further find that these differential representations have implications for interactions with police. When naïve participants (of various races) viewed images of police officers generated by Black Americans (relative to those generated by White Americans), they responded with greater anticipated anxiety and reported more fight-or-flight behavioral intentions. Across four studies, findings suggest Black and White Americans conceptualize police and police–citizen interactions fundamentally differently. These findings have important theoretical (e.g., using reverse correlation to document the mental representations held by minority group members) and practical implications (e.g., identifying race-based differences in representations of police that may affect community–police relations). © 2020 by the Society for Personality and Social Psychology, Inc."
5,0.788495575221239,2025,"Gender, Race, and Social Identity","Gender Prototypes Hinder Bystander Intervention in Women’s Sexual Harassment","Bystander intervention is a powerful response to sexual harassment that reduces victims’ burden to respond. However, gender prototypes depicting sexual harassment victims as prototypical women (i.e., stereotypically feminine) may hinder intervention when harassment targets women who deviate from this prototype. Across four preregistered experiments (N = 1,270 Americans), we test whether bystanders intervene less readily in nonprototypical (vs. prototypical) women’s sexual harassment. Participants observed a man manager ask a series of increasingly sexually harassing job interview questions toward either a gender prototypical or nonprototypical woman by traits (Studies 1–3) or gender identity (Study 4). Participants were instructed to intervene to stop the interview if/when they judged the questions as inappropriate. A meta-analysis revealed participants had a greater threshold for intervention when harassment targeted a nonprototypical (vs. prototypical) woman—a small but meaningful effect. Efforts to foster bystander intervention in sexual harassment would benefit by recognizing this neglect of nonprototypical women. © 2023 by the Society for Personality and Social Psychology, Inc."
5,0.7848,2020,"Gender, Race, and Social Identity","The Development of Intersectional Social Prototypes","Race and gender information overlap to shape adults’ representations of social categories. This overlap may contribute to the psychological “invisibility” of people whose race and gender identities are perceived to have conflicting stereotypes. The present research (N = 249) examined when race begins to bias representations of gender across development. Children and adults engaged in a speeded task in which they categorized photographs of faces of women and men from three racial categories: Asian, Black, and White (four photographs per gender and racial group). In Study 1, participants were slower to categorize photographs of Black women as women than photographs of White and Asian women as women and Black men as men. They also were more likely to miscategorize photographs of Black women as men and less likely to stereotype Black women as feminine. Study 2 replicated these findings and provided evidence of a developmental shift in categorization speed. An omnibus analysis provided a high-powered test of this developmental hypothesis, revealing that target race begins biasing children’s gender categorization around age 5. Implications for the development of social-category representation are discussed. © The Author(s) 2020."
5,0.782758620689655,2025,"Gender, Race, and Social Identity","Do Demographic Increases in LGBT and Nonreligious Americans Increase Threat?","Building on previous research demonstrating that demographic growth of racial minorities increases realistic threat and prejudice among majority group members, we examined whether demographic increases of groups associated with symbolic threat (lesbian, gay, bisexual, and transgender [LGBT] and nonreligious groups) increased realistic threat, symbolic threat, and/or prejudice. In a single-paper meta-analysis across four studies, participants who read that LGBT groups were becoming more prevalent in the United States exhibited heightened perceptions of realistic threat and (especially) symbolic threat from these groups, which in turn predicted anti-LGBT prejudice. Two similar studies examining the growth of nonreligious groups demonstrated weaker effects. Implications for America’s growing diversity and future directions for studying these effects are discussed. © 2023 by the Society for Personality and Social Psychology, Inc."
5,0.782352941176471,2021,"Gender, Race, and Social Identity","A Meta-Analytic Review of Hypodescent Patterns in Categorizing Multiracial and Racially Ambiguous Targets","Research addressing the increasing multiracial population (i.e., identifying with two or more races) is rapidly expanding. This meta-analysis (k = 55) examines categorization patterns consistent with hypodescent, or the tendency to categorize multiracial targets as their lower status racial group. Subgroup analyses suggest that operationalization of multiracial (e.g., presenting photos of racially ambiguous faces, or ancestry information sans picture), target gender, and categorization measurement (e.g., selecting from binary choices: Black or White; or multiple categorization options: Black, White, or multiracial) moderated categorization patterns. Operationalizing multiracial as ancestry, male targets, and measuring categorization with binary or multiple Likert-type scale outcomes supported hypodescent. However, categorizing multiracial targets as not their lower status racial group occurred for female targets or multiple categorization options. Evidence was mixed on whether perceiver and target race were related to categorization patterns. These results point to future directions for understanding categorization processes and multiracial perception. © 2020 by the Society for Personality and Social Psychology, Inc."
5,0.781060606060606,2018,"Gender, Race, and Social Identity","Implicit and Explicit Racial Attitudes Changed During Black Lives Matter","Lab-based interventions have been ineffective in changing individuals’ implicit racial attitudes for more than brief durations, and exposure to high-status Black exemplars like Obama has proven ineffective in shifting societal-level racial attitudes. Antiracist social movements, however, offer a potential societal-level alternative for reducing racial bias. Racial attitudes were examined before and during Black Lives Matter (BLM) and its high points of struggle with 1,369,204 participants from 2009 to 2016. After controlling for changes in participant demographics, overall implicit attitudes were less pro-White during BLM than pre-BLM, became increasingly less pro-White across BLM, and were less pro-White during most periods of high BLM struggle. Considering changes in implicit attitudes by participant race, Whites became less implicitly pro-White during BLM, whereas Blacks showed little change. Regarding explicit attitudes, Whites became less pro-White and Blacks became less pro-Black during BLM, each moving toward an egalitarian “no preference” position. © 2018, 2018 by the Society for Personality and Social Psychology, Inc."
5,0.780232558139535,2020,"Gender, Race, and Social Identity","Drawing the Diversity Line: Numerical Thresholds of Diversity Vary by Group Status","This research estimates the points of relative group representation at which members of dominant and nondominant groups declare an organization to be diverse. Across 7 studies, members of dominant groups, relative to members of nondominant groups, reported that diversity was achieved at lower representations of the nondominant group within an organization. This was explained by the dominant group members’ relative opposition to using the equal representation of groups as a standard against which to judge diversity. This mediation was also replicated with the antiegalitarian dimension of social dominance orientation, suggesting that the setting of diversity thresholds serves a hierarchy relevant function. Group differences in thresholds of diversity were strongest when people were evaluating whether an organization was sufficiently (vs. descriptively) diverse, when group status was perceived to be threatened, and when the nondominant group was also a numerical minority in the relevant context. © 2019 American Psychological Association"
5,0.778888888888889,2018,"Gender, Race, and Social Identity","Reexamining the Link Between Economic Downturns and Racial Antipathy: Evidence That Prejudice Against Blacks Rises During Recessions","Scholars have long argued that economic downturns intensify racial discord. However, empirical support for this relationship has been mixed, with most recent studies finding no evidence that downturns provoke greater racial animosity. Yet most past research has focused on hate crimes, a particularly violent and relatively infrequent manifestation of racial antipathy. In this article, we reexamine the relationship between economic downturns and racial acrimony using more subtle indicators of racial animosity. We found that during economic downturns, Whites felt less warmly about Blacks (Studies 1 and 2), held more negative explicit and implicit attitudes about Blacks, were more likely to condone the use of stereotypes, and were more willing to regard inequality between groups as natural and acceptable (Study 2). Moreover, during downturns, Black musicians (Study 3) and Black politicians (Study 4) were less likely to secure a musical hit or win a congressional election. © The Author(s) 2018."
5,0.765168539325843,2019,"Gender, Race, and Social Identity","The Intersection of Race and Gender Among Black American Adolescents","This study employed an exploratory sequential mixed-methods design to examine the intersection of race and gender among Black American adolescents, aged 11–19. The quantitative component (n = 344) used survey data to examine gender differences in peer-perpetrated and adult-perpetrated racial discrimination experiences, and no gender differences were evident. Qualitative data (n = 42) probed how males and females interpret discrimination experiences given the intersection of race and gender. Although the majority of participants believed that Black males and females have similar experiences, some believed that Black males face more racial discrimination. However, analyses revealed social disadvantages for Black females given that they report inappropriate comments and unwelcome hair touching and limited opportunities for interracial dating compared with Black males. © 2018 Society for Research in Child Development"
5,0.764285714285714,2025,"Gender, Race, and Social Identity","Native Now, Equity Now: Implicit Associations Between Native Peoples and the Past Predict Reduced Support for Racial Equity","Although over 8 million Native peoples live in the United States, American culture is infused with representations depicting them as people of the past (i.e., the Native-past stereotype). Four studies (total N = 38,009 non–Native American adults who voluntarily visited the Project Implicit website) examined the prevalence of the implicit Native-past stereotype among non–Native individuals and whether this stereotype predicted lower support for Native equity. We developed a Native-past Implicit Association Test to index the implicit Native-past stereotype and document the extent to which people associate Native peoples (vs. White Americans) with the past (vs. the present). Results showed that over two-thirds of non-Native participants demonstrated at least slight implicit Native-past associations (Cohen’s ds > 0.41). Moreover, stronger Native-past associations predicted greater minimization of contemporary Native racism and, subsequently, lower support for policies designed to advance Native equity. This work suggests that the prevalent Native-past stereotype may harm many aspects of contemporary Native peoples’ lived experiences. © The Author(s) 2025. This article is distributed under the terms of the Creative Commons Attribution-NonCommercial 4.0 License (https://creativecommons.org/licenses/by-nc/4.0/) which permits non-commercial use, reproduction and distribution of the work without further permission provided the original work is attributed as specified on the SAGE and Open Access pages (https://us.sagepub.com/en-us/nam/open-access-at-sage)."
5,0.763917525773196,2025,"Gender, Race, and Social Identity","Intergroup Context Moderates the Impact of White Americans’ Identification on Racial Categorization of Ambiguous Faces","We examined how the number of groups in a categorization task influences how White Americans categorize ambiguous faces. We investigated the strength of identity-driven ingroup overexclusion–wherein highly identified perceivers overexclude ambiguous members from the ingroup–proposing that, compared with dichotomous tasks (with only the ingroup and one outgroup), tasks with more outgroups attenuate identity-driven ingroup overexclusion (a dilution effect). Fourteen studies (n = 4,001) measured White Americans’ racial identification and their categorizations of ambiguous faces and manipulated the categorization task to have two groups, three groups, or an unspecified number of groups (open-ended). In all three conditions, participants overexcluded faces from the White category on average. There was limited support for the dilution effect: identity-driven ingroup overexclusion was absent in the three-group task and only weakly supported in the open-ended task. The presence of multiple outgroups may dampen the impact of racial identity on race perceptions among White Americans. © 2023 by the Society for Personality and Social Psychology, Inc."
5,0.760185185185185,2016,"Gender, Race, and Social Identity","Organizational Identity Safety Cue Transfers","Traditionally, researchers have focused on identity-congruent safety cues such as the effect of gender diversity awards on women’s sense of inclusion in organizations. The present studies investigate, for the first time, whether identity safety cues (e.g., organizational diversity structures) aimed at one stigmatized group transfer via perceptions of the organization’s ideology (social dominance orientation), resulting in identity safety for individuals with stigmatized identities incongruent with the cue. Across four studies, we demonstrate that White women experience identity safety from organizational diversity structures aimed at racial minorities (Studies 1 and 2), and men of color experience identity safety from organizational diversity structures aimed at women (Study 3). Furthermore, while White men similarly perceive the organization’s ideology, this does not promote identity safety (Study 4). Thus, we argue that individuals view organizations commended for diversity as promoting more egalitarian attitudes broadly, resulting in the transference of identity safety cues for stigmatized individuals. © 2016, © 2016 by the Society for Personality and Social Psychology, Inc."
5,0.758823529411765,2021,"Gender, Race, and Social Identity","Gendered Racial Boundary Maintenance: Social Penalties for White Women in Interracial Relationships","Throughout American history, formal laws and social norms have discouraged interracial romantic relationships. Interracial relationships blur the boundaries between racial groups, challenging the essentialized racial categories that define Whiteness as an exclusive, high status identity. Whites, who are the most resistant to interracial marriage of any racial group, have used their dominant position in American society to enforce norms against interracial relationships. Despite the importance of racial homogamy to White identity and status, we argue that gender roles make violating norms against intimate intergroup contact more costly for women than men, leading to Whites’ greater resistance to interracial relationships involving White women. In a representative American sample using a natural quasi-experiment, as well as 3 follow-up lab experiments, we find that White women face differential social penalties for intimateintergroup contact—being perceived as gender deviant and low status within the group. By contrast, having a racial out-group partner did not influence status perceptions of men or Black women. Status perceptions of both individuals in the couple predicted attitudes toward the couple as a unit, leading to greater prejudice toward interracial relationships involving White women than White men. This research demonstrates the existence of a gendered double standard for intimate intergroup contact among Whites, revealing that gender norms play a critical role in the maintenance of American racial boundaries. © 2020 American Psychological Association"
5,0.755483870967742,2025,"Gender, Race, and Social Identity","Examining the Context and Content of Organizational Solidarity Statements on Black Americans’ Expectations of Identity Safety","Despite the increasing use of organizational solidarity statements following instances of social injustice, little-to-no research has examined whether these statements signal inclusion for minoritized groups. The present work investigates how different types of solidarity statements affect Black Americans’ sense of identity safety and assesses mechanisms underlying their responses. Across three online experiments, Black Americans recruited from Prolific Academic (N = 1,668) saw solidarity statements from a fictional organization that were either written in response to a race-related event at the societal level (e.g., George Floyd’s murder; Studies 1–2) or an instance of racism occurring at the organizational level (Study 3). The statements were manipulated on three dimensions: acknowledgment of systemic racism, acknowledgment of organizational racism, and inclusion of concrete actions to address racism (Study 2). Findings showed that statements which acknowledged systemic racism or included actions to address racism were more likely to increase identity safety, whereas statements acknowledging racist organizational practices were relatively less effective at promoting identity safety. Feelings of identity safety emerged via decreased perceptions that the organization was engaging in performative allyship and/or increased perceptions of procedural fairness. Collectively, findings elucidate features of organizational solidarity statements that are more (versus less) effective for promoting identity safety among Black Americans. © 2023 by the Society for Personality and Social Psychology, Inc."
6,0.994193548387097,2018,"Child and Adolescent Development and Family Relationships","Trajectories of depressive symptoms from adolescence to emerging adulthood: The influence of parents, peers, and siblings","The primary purpose of this study was to examine whether social relationship factors are associated with trajectories of depressive symptoms from adolescence into emerging adulthood. Specifically, adolescent- parent communication with mothers and fathers, peer support, and sibling warmth and hostility were examined in relation to depressive symptoms for girls and boys. Adolescents (N = 372; M<inf>age</inf> = 16.09; SD = .69; 55% female) from the Mid-Atlantic United States completed surveys in the spring of 2007, 2008, and 2009 and again in the fall of 2014 when they were emerging adults. Growth curve modeling results suggested that communication with mothers and fathers and peer support predicted lower levels of depressive symptoms in adolescence for girls. For boys, peer support predicted lower whereas sibling hostility predicted higher levels of depressive symptoms in adolescence. Further, adolescent-mother communication for girls and adolescent-father communication for boys predicted the decline in depressive symptoms into emerging adulthood. Both sibling warmth and hostility for girls, whereas only sibling hostility for boys, predicted less steep declines in depressive symptoms over time. Findings draw attention to differences in experiences with depressive symptoms by sex and the importance of social relationship factors in the lives of adolescents and emerging adults. Implications for intervention and prevention are discussed. © 2018 American Psychological Association."
6,0.992307692307692,2024,"Child and Adolescent Development and Family Relationships","The effects of illicit drug use during pregnancy and parental hostility on problem behaviors in school-aged children over and above genetic influences.","Previous work has examined the impact of prenatal illicit drug use (PDU) on children’s problem behaviors. However, many PDU-related risk factors, including genetic and rearing environmental risks, can also influence offspring’s problem behaviors, thus confounding PDU, genetic, and rearing environmental influences. This study aimed to (a) identify effects of PDU on school-aged children’s problem behaviors, including both externalizing and internalizing behaviors at Age 7, after controlling genetic and specific rearing environmental (e.g., maternal and paternal hostility at Ages 4.5 and 6) influences and (b) examine interaction effects between PDU and maternal and paternal hostility in predicting children’s problem behaviors at Age 7. We used a parent–offspring adoption design to partition genetic and prenatal effects from postnatal rearing environmental influences. Participants were 561 children adopted at birth (42% female; 56% White, 19% multiracial, 13% Black/African American, 11% Latine, and 1% other), their adoptive parents, and their birth parents. Results indicate that PDU did not show a direct impact on Age 7 problem behaviors before or after controlling genetic risks and adoptive mother’s and father’s hostility. However, we found significant interactions between adoptive father’s hostility and PDU when predicting children’s problem behaviors, such that higher paternal hostility was associated with higher externalizing and internalizing behaviors for children whose birth mothers were non-use or rare use of illicit drugs during pregnancy. The results suggest that different from non- or rare drug-exposed children, higher levels of PDU may override the effects of paternal hostility, but not maternal hostility, on problem behaviors at Age 7. The results suggest that school-aged children with prenatal drug exposure raised in genetically unrelated adoptive families may not be different from unexposed children with respect to problem behaviors at Age 7. However, children with non- or rare-drug exposure were more sensitive to the effect of paternal hostility on problem behaviors at Age 7, compared to children who had higher levels of prenatal drug exposure. Moreover, the findings indicate that maternal hostility may have pervasive impacts on children’s problem behaviors, regardless of children’s predisposition (e.g., exposure to prenatal illicit drugs). (PsycInfo Database Record (c) 2024 APA, all rights reserved) © 2024 American Psychological Association"
6,0.990217391304348,2019,"Child and Adolescent Development and Family Relationships","Mexican-Origin Youth's Cultural Orientations and Values: Do Older Sisters and Brothers Matter?","Family is an important context for cultural development, but little is known about the contributions of siblings. This study investigated whether older siblings’ cultural orientations and familism values predicted changes in younger siblings’ cultural orientations and familism values across 2 years and tested sibling characteristics and younger siblings’ modeling as moderators. Participants were 246 Mexican-origin younger (M<inf>age</inf> = 17.72; SD = 0.57) and older siblings (M<inf>age</inf> = 20.65; SD = 1.57) and their parents. Findings revealed that older siblings’ Anglo orientations and familism values interacted with younger siblings’ modeling: When younger siblings reported high modeling, older siblings’ Anglo orientations and values predicted increases in younger siblings’ Anglo orientations and values. Discussion highlights the importance of siblings in cultural socialization. © 2018 Society for Research in Child Development"
6,0.99010989010989,2020,"Child and Adolescent Development and Family Relationships","Cumulative and Differential Effects of Early Child Care and Middle Childhood Out-of-School Time on Adolescent Functioning","Effects associated with early child care and out-of-school time (OST) during middle childhood were examined in a large sample of U.S. adolescents (N = 958). Both higher quality early child care AND more epochs of organized activities (afterschool programs and extracurricular activities) during middle childhood were linked to higher academic achievement at age 15. Differential associations were found in the behavioral domain. Higher quality early child care was associated with fewer externalizing problems, whereas more hours of early child care was linked to greater impulsivity. More epochs of organized activities was associated with greater social confidence. Relations between early child care and adolescent outcomes were not mediated or moderated by OST arrangements in middle childhood, consistent with independent, additive relations of these nonfamilial settings. © 2018 Society for Research in Child Development"
6,0.99010989010989,2019,"Child and Adolescent Development and Family Relationships","Risk and Adversity, Parenting Quality, and Children's Social-Emotional Adjustment in Families Experiencing Homelessness","A multimethod, multi-informant design was used to examine links among sociodemographic risk, family adversity, parenting quality, and child adjustment in families experiencing homelessness. Participants were 245 homeless parents (M<inf>age</inf> = 31.0, 63.6% African American) and their 4- to 6-year-old children (48.6% male). Path analyses revealed unique associations by risk domain: Higher sociodemographic risk predicted more externalizing behavior and poorer teacher–child relationships, whereas higher family adversity predicted more internalizing behavior. Parenting quality was positively associated with peer acceptance and buffered effects of family adversity on internalizing symptoms, consistent with a protective effect. Parenting quality was associated with lower externalizing behavior only when sociodemographic risk was below the sample mean. Implications for research and practice are discussed. © 2017 The Authors. Child Development © 2017 Society for Research in Child Development, Inc."
6,0.99,2022,"Child and Adolescent Development and Family Relationships","Reciprocal links between marijuana use and school adjustment in Black and White rural adolescents","Although research has established that school adjustment is associated with marijuana use (MU) in adolescence, few studies have tested these associations bidirectionally. Using random intercepts cross-lagged panel modeling, this study examined reciprocal associations between MU and school adjustment across 8th to 10th grade, including the transition to high school. Participants included 5470 rural adolescents (59% White, 41% Black) aged 12–17 years in 2002–2005. School adjustment factors predicted subsequent MU (i.e., higher self-reported grades were protective for Black and White youth; valuing education was protective for Black youth; school behavior problems predicted increased MU across the transition to high school for White youth). MU had several adverse effects on school adjustment, particularly during the transition to high school. © 2022 The Authors. Child Development © 2022 Society for Research in Child Development."
6,0.989772727272727,2018,"Child and Adolescent Development and Family Relationships","Family Context Moderates the Association of Maternal Postpartum Depression and Stability of Infant Temperament","Maternal postpartum depression, maternal sensitivity, and family functioning were examined as predictors of the stability of observed infant temperament over the first 30 months of life (N = 147 families). Eight observations at 8, 15, and 30 months postpartum were used to assess infant temperament. Structured clinical interviews were used to assess maternal depression, and observational assessments were used to assess family functioning and maternal sensitivity. Family context moderated the effect of maternal depression on change in infant temperament. Maternal depression was associated with change in infant temperament when maternal sensitivity was low but not when maternal sensitivity was high. Family functioning similarly moderated these links. Results underscore the centrality of the family context in shaping child behavior over time. © 2017 The Authors. Child Development © 2017 Society for Research in Child Development, Inc."
6,0.989080459770115,2016,"Child and Adolescent Development and Family Relationships","Developmental cascade model for adolescent substance use from infancy to late adolescence","A developmental cascade model for adolescent substance use beginning in infancy was examined in a sample of children with alcoholic and nonalcoholic parents. The model examined the role of parents' alcohol diagnoses, depression and antisocial behavior in a cascading process of risk via 3 major hypothesized pathways: first, via parental warmth/sensitivity from toddler to kindergarten age predicting higher parental monitoring in middle childhood through early adolescence, serving as a protective pathway for adolescent substance use; second, via child low self-regulation in the preschool years to a continuing externalizing behavior problem pathway leading to underage drinking and higher engagement with substance using peers; and third, via higher social competence from kindergarten age through middle childhood being protective against engagement with delinquent and substance using peers, and leading to lower adolescent substance use. The sample consisted of 227 intact families recruited from the community at 12 months of child age. Results were supportive for the first 2 pathways to substance use in late adolescence. Among proximal, early adolescent risks, engagement with delinquent peers and parent's acceptance of underage drinking were significant predictors of late adolescent alcohol and marijuana use. The results highlight the important protective roles of maternal warmth/sensitivity in early childhood to kindergarten age, parental monitoring in middle childhood, and of child self-regulation in the preschool period as reducing risk for externalizing behavior problems, underage drinking, and engagement with delinquent peers in early adolescence. Specific implications for the creation of developmentally fine-tuned preventive intervention are discussed. © 2016 American Psychological Association."
6,0.985820895522388,2016,"Child and Adolescent Development and Family Relationships","Maternal sensitivity and effortful control in early childhood as predictors of adolescents' adjustment: The mediating roles of peer group affiliation and social behaviors","Longitudinal links between early childhood temperament, maternal sensitivity, and adolescents' adjustment have been proposed and found in several longitudinal studies, but the mechanisms of influence have not been explored. The authors examined the paths from maternal sensitivity and temperament in early childhood to adolescents' prosocial, aggressive, and delinquent behaviors via childhood social behaviors and peer group affiliation. Data at 54 months, Grade 3 (M age = 9.03, SD = .31), Grade 6 (M age = 11.95, SD = .34), and Grade 9 (M age = 15.57, SD = .78) from the NICHD SECCYD longitudinal investigation of 1,364 participants (52% boys) was analyzed. Overall, results yielded evidence that maternal sensitivity and child temperament at 54 months of age predicted prosocial, aggressive, and delinquent outcomes at age 15. Affiliation with peer groups (especially with prosocial peers) and social behaviors in childhood mediated the aforementioned paths for effortful control, but not for maternal sensitivity. Discussion focuses on the implications for understanding the long-term effects of early childhood predictors on behavioral outcomes in adolescence. © 2016 American Psychological Association."
6,0.983236994219653,2018,"Child and Adolescent Development and Family Relationships","Lability in the parent's hostility and warmth toward their adolescent: Linkages to youth delinquency and substance use","According to family systems and life course theories, periods of intense change, such as early adolescence, can disrupt stable family systems, leading to changes in family relationships. In this longitudinal study, we investigate 2 types of change in parental hostility and warmth toward their children during early adolescence (Grades 6 to 8)-developmental trends (linear declines) and lability (within-person fluctuations around developmental trends)-and their linkages to youth substance use and delinquency in Grade 9 (N = 618). We also test if the linkages between lability and youth risky behavior are moderated by youth gender. After controlling for between-person differences in level and developmental trends, we find greater lability (more fluctuations) in youth-reported parents' warmth and hostility are associated with greater youth delinquency, tobacco use, and polysubstance use initiation. The associations between youth-reported lability in mother and father hostility and polysubstance use demonstrated an inverted U shape pattern: Moderate levels of lability were associated with higher substance use but very low and high lability was associated with relatively lower rates of substance use. Many of the linkages between lability and youth delinquency were significant for girls but not boys. Fewer effects of lability on youth outcomes were found using parent reports. Developmental trends in parents' warmth and hostility were also associated with youth delinquency. Lability has unique implications for youth adjustment, yet appears to differ by youth outcome, gender, and reporter. The discussion focuses on mechanisms that might link changes in parent-youth warmth and hostility to youth risky behavior. © 2017 American Psychological Association."
6,0.981188118811881,2024,"Child and Adolescent Development and Family Relationships","An exploration of the domain specificity of maternal sensitivity among a diverse sample in the infancy period: Unique paths to child outcomes","Maternal sensitivity during an observed mother–child clean-up task at 18 months and maternal sensitivity during an observed mother–child free-play task at 18 months were tested as independent predictors of child internalizing symptoms, externalizing symptoms, social competence, and language development at 24 months. Participants (n = 292 mothers) were recruited between 2015 and 2017, and were low-income (mean annual income = $19,136) and racially and ethnically diverse (43.8% Black; 44.2% Latinx). Maternal sensitivity during clean-up was a significant predictor of all social-emotional outcomes, and a unique predictor of child internalizing symptoms. Maternal sensitivity during free-play was a unique predictor of child language. Results suggest that context-specific subtypes of maternal sensitivity may differentially relate to early child outcomes. © 2023 The Authors. Child Development © 2023 Society for Research in Child Development."
6,0.979581151832461,2024,"Child and Adolescent Development and Family Relationships","Examining Timing Effects in the Intergenerational Transmission of Anxiety and Depressive Symptoms: A Genetically Informed Study","The present study examined genetic, prenatal, and postnatal environmental pathways in the intergenerational transmission of anxiety and depressive symptoms from parents to early adolescents (when these symptoms start to increase), while considering timing effects of exposure to parent anxiety and depressive symptoms postnatally. The sample was from the Early Growth and Development Study, including 561 adopted children (57% male, 55% White, 13% Black/African American, 11% Hispanic/Latine, 20% multiracial, 1% other; 407 provided data in early adolescence) and their birth (BP) and adoptive parents (AP). Using a trait–state–occasion model with eight assessments from child ages 9 months to 11 years, we partitioned trait-like AP anxiety and depressive symptoms from time-specific fluctuations of AP anxiety and depressive symptoms. Offspring anxiety and depressive symptoms were assessed at 11 years (while controlling for similar symptoms at 4.5 years). Results suggested that time-specific fluctuations of AP1 (mostly mothers) anxiety/depressive symptoms in infancy (9 months) were indirectly associated with offspring anxiety/depressive symptoms at 11 years via offspring anxiety/depressive symptoms at 4.5 years; time-specific fluctuations of AP1 anxiety/depressive symptoms at child age 11 years were concurrently associated with offspring anxiety/depressive symptoms at 11 years. AP2 (mostly fathers) anxiety/depressive symptoms were not associated with offspring symptoms. Genetic and prenatal influences measured by BP internalizing problems were not associated with offspring symptoms. Results suggested infancy and early adolescence as developmental periods when children are susceptible to influences of parent anxiety and depressive symptoms. Preventive interventions should consider time-specific fluctuations in parent anxiety and depressive symptoms during these developmental periods. © 2024 American Psychological Association"
6,0.979347826086956,2021,"Child and Adolescent Development and Family Relationships","Family Risk and Externalizing Problems in Chilean Children: Mediation by Harsh Parenting and Emotional Support","Latent class analysis and multigroup mediation were used with 8,860 families in Chile to identify risk groups varying in socioeconomic status, family structure, and maternal depression, to determine whether profiles differed in children’s development of externalizing problems (EP) from 35 to 61 months, and maternal parenting that predicted EP. Four groups were identified: one no-risk profile and three risk profiles, impoverished and undereducated, depressed and impoverished, and father-absent and impoverished. All classes differed in EP. Maternal emotional support and harsh parenting were differentially associated with the development of EP across the three risk groups, relative to the low-risk group. Thus, specific constellations of adversities differentially predicted children’s EP and socialization processes mediating links between risk and EP. Implications are discussed. © 2020 Society for Research in Child Development"
6,0.978651685393258,2020,"Child and Adolescent Development and Family Relationships","Adolescent Internalizing, Externalizing, and Social Problems Following Iron Deficiency at 12–18 Months: The Role of Maternal Responsiveness","This study tested whether maternal responsiveness moderated or mediated pathways from iron deficiency (ID) at 12–18 months to adolescent behavior problems. Participants were part of a large Chilean cohort (N = 933). Iron status was assessed at 12 and 18 months. Maternal responsiveness was assessed at 9 months and 5 years. Parents reported their child’s symptomology at 5 years, 10 years, and adolescence (11–17 years; M = 14.4). Structural equation modeling identified a previously unrecognized pathway by which child externalizing problems and negative maternal responsiveness at 5 years mediated associations between ID at 12–18 months and adolescent internalizing, externalizing, and social problems. Positive maternal responsiveness in infancy did not buffer those with ID anemia from developing 5-year internalizing problems. © 2019 Society for Research in Child Development"
6,0.974107142857143,2024,"Child and Adolescent Development and Family Relationships","Relations between self-regulation and behavioral adjustment in Chinese American immigrant children during early elementary school years","The present study examined associations between sociocultural factors and self-regulation (parent-report, teacher-report, laboratory tasks), and prospective relations between self-regulation and behavioral adjustment (parent-, teacher-, child-report) in a socioeconomically diverse sample of Chinese American children in immigrant families (N = 258, Wave 1 age = 6–9 years, Wave 2 age = 9–11 years, 52% boys, 57% low-income) in a longitudinal study (2007–2011) during early elementary school years. Family income uniquely related to a self-regulation latent factor ((Formula presented.) =.22), and parent–child Chinese orientation gaps were associated with parent-reported effortful control ((Formula presented.) =.40). Self-regulation at W1 negatively predicted parent- and teacher-reported behavioral maladjustment ((Formula presented.) = −.22 and −.48) at W2, controlling for cross-time stability of both constructs and covariates (child sex, parental education). © 2023 The Authors. Child Development published by Wiley Periodicals LLC on behalf of Society for Research in Child Development."
6,0.971844660194175,2022,"Child and Adolescent Development and Family Relationships","Trajectories of early childhood family instability and the development of externalizing behaviors from middle childhood to adolescence: A prospective study of at-risk families","This study examined associations between trajectories of family instability across early childhood and trajectories of externalizing behaviors from middle childhood to adolescence. Growth mixture models were fit to annual caregiver reports of instability from child ages 2–5 (N = 731; 49% girls, 50% White). A curve of factors model was fit to externalizing behaviors from child ages 7.5–14. Chronic, elevated instability across early childhood predicted elevated externalizing behaviors from middle childhood to adolescence. Data collection spanned from 2002 to 2017. Increasing or declining levels of instability predicted elevated externalizing behaviors in middle to late childhood, but not in adolescence. Caregiver depressive symptoms mediated the association between instability and the externalizing behavior intercept. Intervening on chronic instability may reduce child externalizing problems. © 2022 The Authors. Child Development © 2022 Society for Research in Child Development."
6,0.966666666666667,2017,"Child and Adolescent Development and Family Relationships","Birth and adoptive parent antisocial behavior and parenting: A study of evocative gene-environment correlation","Negative parenting is shaped by the genetically influenced characteristics of children (via evocative rGE) and by parental antisocial behavior; however, it is unclear how these factors jointly impact parenting. This study examined the effects of birth parent and adoptive parent antisocial behavior on negative parenting. Participants included 546 families within a prospective adoption study. Adoptive parent antisocial behavior emerged as a small but significant predictor of negative parenting at 18 months and of change in parenting from 18 to 27 months. Birth parent antisocial behavior predicted change in adoptive father’s (but not mother’s) parenting over time. These findings highlight the role of parent characteristics and suggest that evocative rGE effects on parenting may be small in magnitude in early childhood. © 2016 The Authors Child Development. and 2016 Society for Research in Child Development, Inc."
6,0.965972222222222,2018,"Child and Adolescent Development and Family Relationships","Child and contextual effects in the emergence of differential maternal sensitivity across siblings","The present study examined the effects of socioeconomic status (SES) and sibling differences in birth weight on sibling differences in the receipt of maternal sensitivity (i.e., differential parenting). It was hypothesized that sibling differences in birth weight would predict absolute differential parenting across the sibship (i.e., the more different siblings' birth weight, the more different the level of sensitivity in the family, overall) and child-specific differential parenting (i.e., relatively heavier siblings receiving more sensitivity, compared to his or her counterpart within the family). It was also hypothesized that there would be greater sibling differences in birth weight in lower SES settings. Multiparous mothers were recruited within two weeks of childbirth and filmed interacting with each of their children when younger siblings were 1.60 years (SD = .16, N = 396 younger siblings) and next-older siblings were 4.05 (SD = .75; N = 396 older siblings). Videotapes were coded for maternal sensitivity. Multilevel path-analysis revealed that lower-SES families exhibited greater sibling differences in birth weight, which corresponded to greater absolute differential parenting. Also, heavier siblings received relatively higher levels of sensitivity within the family. This study demonstrates that child and contextual factors operate together in predicting differential parenting. © 2018 American Psychological Association."
6,0.96508875739645,2024,"Child and Adolescent Development and Family Relationships","The Legacy of Harsh Parenting: Enduring and Sleeper Effects on Trajectories of Externalizing and Internalizing Symptoms","Guided by developmental models examining the legacy of childhood caregiving environments, we examined the longitudinal pattern of associations between harsh parenting and children’s internalizing and externalizing symptoms across late childhood to late adolescence. Participants included 199 youth (48.7% female, 65.3% White, 32.2% Black, 2.5% biracial) and their mothers and fathers from a diverse range of socioeconomic backgrounds. The study utilized a multi-informant, longitudinal design including five waves of data (youths’ mean ages were 9, 10, 11, 17, and 18 across waves). Harsh parenting at Age 9 predicted higher levels of (a) externalizing symptoms at Ages 11, 17, and 18 and (b) internalizing symptoms at Ages 17 and 18. Developmental sensitivity analyses revealed that the magnitude of the more distal association between early harsh parenting and later internalizing and externalizing symptoms was statistically stronger as compared to more proximal associations. Bidirectional analyses revealed that externalizing symptoms at Age 9 predicted harsh parenting at Ages 9, 10, 11, 17, and 18. Whereas links between harsh parenting and internalizing symptoms were consistent with a sleeper effects model, links between harsh parenting and externalizing symptoms provided some support for both enduring and sleeper effects models. Findings inform an understanding of youth developmental sensitivity to harsh parenting and the downstream consequences of harsh parenting. Results have important translational implications, including testing the long-term efficacy of therapeutic programs. © (2024), (American Psychological Association). All rights reserved."
6,0.964545454545454,2017,"Child and Adolescent Development and Family Relationships","Negative emotionality and discipline as long-term predictors of behavioral outcomes in African American and European American children","The present study examined the early parenting and temperament determinants of children's antisocial and positive behaviors in a low-income, diverse ethno-racial sample. Participants were from the Early Head Start Research and Evaluation Project, which included 960 European American (initial M age = 15.00 months; 51.2% female) and 880 African American mothers and their children (initial M age = 15.10 months; 49.2% female) followed from 15 months of age to 5th grade. For European American children, findings showed direct and indirect effects (via self-regulation) of early negative emotionality on later behaviors. For African American children, discipline practices in infancy had direct long-term implications for behaviors in 5th grade. Discussion highlights the interplay of parenting, temperament, and culture from infancy to late childhood. © 2017 American Psychological Association."
6,0.963354037267081,2017,"Child and Adolescent Development and Family Relationships","Mexican-origin youth's risk behavior from adolescence to young adulthood: The role of familism values","Engagement in risk behavior has implications for individuals' academic achievement, health, and well-being, yet there is a paucity of developmental research on the role of culturally relevant strengths in individual and family differences in risk behavior involvement among ethnic minority youth. In this study, we used a longitudinal cohort-sequential design to chart intraindividual trajectories of risk behavior and test variation by gender and familism values in 492 youth from 12 to 22 years of age. Participants were older and younger siblings from 246 Mexican-origin families who reported on their risk behaviors in interviews spaced over 8 years. Multilevel cohort-sequential growth models revealed that youth reported an increase in risk behavior from 12 to 18 years of age, and then a decline to age 22. Male youth reported greater overall levels and a steeper increase in risk behavior from ages 12 to 18, compared to female youth. For familism values, on occasions when youth reported higher levels, they also reported lower levels of risk behavior (i.e., withinperson effect). For sibling dyads characterized by higher average levels of familism values, youth reported lower average levels of risk behavior (i.e., between-family effect). Findings provide unique insights into risk behavior from adolescence to young adulthood among Mexican-origin youth. © 2017 American Psychological Association."
6,0.961437908496732,2024,"Child and Adolescent Development and Family Relationships","Obstetrical and Neonatal Complications, Prematurity, and Childhood Effortful Control Development: A Longitudinal Twin Study","Premature infants may be at risk for lower effortful control, and subsequent lower academic achievement, peer competence, and emotional and physical wellness throughout the lifespan. However, because prematurity is related to obstetrical and neonatal complications, it is unclear what may drive the effect. Effortful control also has a strong heritable component; therefore, environmental factors during pregnancy and the neonatal period may interact with genetic factors to predict effortful control development. In this study, we aimed to dissect the influences of genetics, prematurity, and neonatal and obstetrical complications on the development of effortful control from 12 months to 10 years using a twin cohort. This study used data fromthe Arizona Twin Project, an ongoing longitudinal study of approximately 350 pairs of twins. Twins were primarily Hispanic/Latinx (23.8%–27.1%) and non-Hispanic/Latinx White (53.2%–57.8%), and families ranged in socioeconomic status with around one third falling below or near the poverty line. Of the twins, 62.6% were born prematurely. Effortful control was assessed via parent report at six waves. There was not a significant relationship between gestational age and effortful control regardless of whether obstetrical and neonatal complications were controlled for. Biometric twin modeling revealed that the attentional focusing subdomain of effortful control was highly heritable. Gestational age did not moderate genetic and environmental estimates. Our findings help inform the risk assessment of prematurity and provide evidence for the differing etiology of each subdomain of effortful control and the strong role of genetics in effortful control development. © 2024 American Psychological Association"
6,0.956329113924051,2021,"Child and Adolescent Development and Family Relationships","Childhood abuse and neglect and self-reported symptoms of psychopathology through midlife.","Although abuse and neglect in the early years of life have been reliably linked to poor mental health outcomes in childhood, only a few studies have examined whether the predictive significance of childhood abuse and neglect endures for symptoms of psychopathology into adulthood. Here we examined to what extent prospectively assessed child abuse and neglect is associated with self-reported symptoms of psychopathology measured from ages 23 through 39 years, controlling for early demographic covariates and self-reported symptoms of psychopathology measured at age 16 years. The sample included 140 participants from the Minnesota Longitudinal Study of Risk and Adaptation. Participants were 49% female and 69% White/non-Hispanic. At the time of their child’s birth, 48% of the mothers were teenagers (M = 20.5 years, SD = 3.74), 65% were single, and 42% had completed less than a high school education. Results indicated that childhood abuse and neglect was robustly associated with symptoms of psychopathology in adulthood. Exploratory analyses focusing on specific parametrizations of abuse/neglect suggested that abuse perpetrated by maternal figures (rather than paternal or nonparental figures) was uniquely associated with high levels of self-reported symptoms of psychopathology in adulthood. We found no evidence that any subtype of abuse and/or neglect or abuse/neglect during any particular phase of development uniquely predicted symptoms of psychopathology after controlling for relevant covariates. These results highlight the long-lasting significance of childhood abuse and neglect for reports of mental health in adulthood. (PsycInfo Database Record (c) 2021 APA, all rights reserved) © 2021 American Psychological Association"
6,0.95625,2025,"Child and Adolescent Development and Family Relationships","Childhood Environmental Unpredictability and Adolescent Mental Health and Behavioral Problems","Childhood adversity takes a toll on lifelong health. However, investigations of unpredictability as a form of adversity are lacking. Environmental unpredictability across multiple developmental periods and ecological levels was examined using a multiethnic, longitudinal birth cohort (1998–2000) oversampled for unmarried parents. Data were from the Future of Families and Child Wellbeing Study (N = 4898 youth at birth; 52% male; 48% Black, 27% Hispanic, 21% White) to examine unpredictability at ages 1, 3, 5, and 9 with later adolescent outcomes. An unpredictability index was associated with age 15 outcomes (N = 3595) including depressive symptoms (β = 0.11), anxiety symptoms (β = 0.08), delinquency (β = 0.13), impulsivity (β = 0.09), heavier weight categories (β = 0.09), and internalizing (β = 0.14), externalizing (β = 0.23), and attention problems (β = 0.16). Findings support unpredictability as a unique form of adversity. © 2025 The Author(s). Child Development published by Wiley Periodicals LLC on behalf of Society for Research in Child Development."
6,0.954,2019,"Child and Adolescent Development and Family Relationships","Teen mothers' educational attainment and their children's risk for teenage childbearing","The children of teen mothers are at elevated risk for becoming teen parents themselves. The current study aimed to identify how levels of mothers' education were associated with risk of teenage childbearing for children of teen versus nonteen mothers. Through structural equation modeling, we tested whether children's environmental and personal characteristics in adolescence and subsequent sexual risk behaviors mediated the relationship between their mothers' educational attainment and their risk for teenage childbearing. With multiple-group models, we assessed whether the associations of maternal educational attainment with children's outcomes were similar for the children of teen and nonteen mothers. The sample (N = 1,817) contained linked data from female National Longitudinal Survey of Youth, 1979 (NLSY79) participants and their first-born child (son or daughter) from the NLSY79 Children and Young Adults. The mediating pathways linking higher levels of maternal education to lower risk for teenage childbearing, and magnitudes of the associations, were mostly similar for children of teen and nonteen mothers. However, nonteen mothers experienced greater associations of their high school diploma attainment (vs. no degree) with some of their children's outcomes. Also, the association of earning a high school diploma (vs. a GED) with household incomes was greater for nonteen mothers; there was no significant difference between degree types for teen mothers. Findings provide support for teen mother secondary school support programming, but point to a need for further research regarding the long-term behavioral and social outcomes associated with the high school equivalency certificate for teen mothers and their children. © 2019 American Psychological Association."
6,0.952401746724891,2025,"Child and Adolescent Development and Family Relationships","The influence of family instability on Mexican-origin adolescent delinquency through parental monitoring: Moderating roles of adolescent family obligation values and affiliation with deviant peers.","Unaddressed adolescent delinquency may contribute to negative adult outcomes, such as poor mental and physical health (Harris-McKoy & Cui, 2013; J. Kim et al., 2020). Although family instability has been identified as a risk factor for adolescent delinquency (Vargas et al., 2013), the hypothesized underlying mechanism of parental monitoring remains relatively underexplored. This is especially the case for Mexican-origin families where parental monitoring is embedded within the cultural values of the family (e.g., family obligation values) and with the larger social context of youth (e.g., affiliation with deviant peers). The intersection of family, social, and cultural factors likely predicts variability in whether Mexican-origin youth engage in delinquent behaviors. Using longitudinal data (2013–2020) from 483 Mexican-origin families (Mwave1 age = 12.36, SDwave1 age = 0.92, 54% females) from low-income families (MWave 1 family income = $20,001–$30,000), the study found that parental-reported family instability was associated with lower adolescent-reported maternal monitoring, subsequently leading to higher adolescent-reported delinquency. Moreover, the promotive effect of parental monitoring in reducing delinquent behaviors was stronger among adolescents with higher levels of family obligation values or those who had more contact with deviant peers. These findings underscore the need for culturally sensitive interventions that strengthen parental monitoring to mitigate youth delinquent behaviors. (PsycInfo Database Record (c) 2025 APA, all rights reserved) This study shows that family instability contributes to adolescent delinquency among Mexican-origin youth through reduced parental monitoring. Parental monitoring was especially protective for adolescents with strong family obligation values or greater exposure to deviant peers. These findings highlight the importance of culturally informed, family-based interventions that strengthen parental supervision to reduce delinquent behaviors in at-risk youth. (PsycInfo Database Record (c) 2025 APA, all rights reserved) © 2025 American Psychological Association"
6,0.948809523809524,2025,"Child and Adolescent Development and Family Relationships","Lability in parent–child warmth and hostility and adolescent externalizing behaviors.","The present study used a longitudinal adopted-at-birth design to understand how longer term developmental changes and year-to-year fluctuations in parent–child warmth and hostility are related to adolescent externalizing behaviors. Our findings corroborate the idea that supporting families, and especially fathers, to maintain warmth and decrease expressions of hostility across childhood, especially with their children who have externalizing behaviors, would help reduce adolescent externalizing behaviors. (PsycInfo Database Record (c) 2025 APA, all rights reserved) © 2024 American Psychological Association All rights, including for text and data mining, AI training, and similar technologies, are reserved.; Both longer term developmental changes (increases in hostility, decreases in warmth) and lability (year-to-year fluctuations) in parent–child relationship quality across childhood and adolescence have been linked to adolescent externalizing behaviors. Using a prospective longitudinal study of 561 children who were adopted into nonrelative families at birth (57% male, 56% White, 19% multiracial, 13% Black, 11% Hispanic) where parental warmth and hostility reflect environmental influences or child-evoked reactions, we examined associations between parent–child relationship measures and externalizing behaviors at age 11 and across adolescence (i.e., from age 11 to 13–15 years). Because studies considering gene–environment interplay especially in associations between lability and child externalizing behaviors are sparse and parent–child relationship measures support the intergenerational transmission of psychopathology, we also tested whether parent psychopathology of both adoptive parent (AP; environmental intergenerational transmission) and birth parents (genetic intergenerational transmission) moderated these associations in multivariate regression models. Findings generally supported more effects of fathers’ than mothers’ warmth and hostility. Although there were some linear associations of increased lability with externalizing behaviors, these did not persist in the context of a multivariate model. Associations between both parents’ increasing hostility across childhood on age 11 externalizing behaviors and for fathers increasing hostility and decreasing warmth on increases in externalizing behaviors across adolescence more likely reflect a combination of bidirectional evocative and parenting environmental associations than purely parenting environmental transmission. Moderation by parent psychopathology was sparse, and sensitivity tests revealed no differences by child sex. (PsycInfo Database Record (c) 2025 APA, all rights reserved) © 2024 American Psychological Association All rights, including for text and data mining, AI training, and similar technologies, are reserved."
6,0.947058823529412,2023,"Child and Adolescent Development and Family Relationships","Compensatory Effects of Maternal and Paternal Supportive Parenting in Early Childhood on Children’s School-Age Adjustment","Both maternal and paternal supportive parenting (i.e., sensitivity, warmth, stimulation, and engagement) across early childhood have been found to be associated with multiple domains of children’s positive socioemotional functioning. However, few studies have considered how maternal and paternal supportive parenting may interact to impact child development. Thus, the present study assessed direct and moderated longitudinal relations between maternal and paternal supportive parenting in toddlerhood (24 and 36 months, respectively) and fathers’ and teachers’ reports of children’s socioemotional and behavioral adjustment in first grade. Data were drawn from a large, sample of Norwegian parents and children (N =455, 51% female, 49% male, 10% endorsed financial strain, 75% of fathers and 86% of mothers born in Norway). After controlling for child temperamental activity level and soothability in infancy, path analysis revealed that higher paternal supportive parenting was associated with fewer symptoms of father-reported child hyperactivity/impulsivity in first grade. In addition, a significant interaction between maternal and paternal supportive parenting was evident for three out of the four assessed outcomes (per both father and teacherreports): externalizing problems, hyperactivity/impulsivity symptoms, and social skills. Simple slope analyses revealed a negative relation between parental supportive parenting and children’s externalizing (fatherreported) and hyperactivity/impulsivity problems (father and teacher-reported) when the child’s other parent engaged in low levels of supportive parenting. Similarly, paternal supportive parenting was positively associated with children’s social skills (father-report) when mothers engaged in low levels of supportive parenting. Results are discussed with implications for including both mothers and fathers in early childhood research, intervention, and social policy. © 2023 American Psychological Association"
6,0.94367816091954,2017,"Child and Adolescent Development and Family Relationships","The interplay of maternal sensitivity and toddler engagement of mother in predicting self-Regulation","Using data from the Early Head Start Research and Evaluation Project, a cross-lag mediation model was tested to examine longitudinal relations among low-income mothers' sensitivity; toddlers' engagement of their mothers; and toddler's self-regulation at ages 1, 2, and 3 years (N=2,958). Age 1 maternal sensitivity predicted self-regulation at ages 2 and 3 years, and age 2 engagement of mother mediated the relation between age 1 maternal sensitivity and age 3 self-regulation. Lagged relations from toddler self-regulation at ages 1 and 2 years to later maternal sensitivity were not significant, suggesting stronger influence from mother to toddler than vice versa. Model fit was similar regardless of child gender and depth of family poverty. © 2017 American Psychological Association."
6,0.939263803680982,2018,"Child and Adolescent Development and Family Relationships","Parental acceptance-rejection and child prosocial behavior: Developmental transactions across the transition to adolescence in nine countries, mothers and fathers, and girls and boys","Promoting children's prosocial behavior is a goal for parents, healthcare professionals, and nations. Does positive parenting promote later child prosocial behavior, or do children who are more prosocial elicit more positive parenting later, or both? Relations between parenting and prosocial behavior have to date been studied only in a narrow band of countries, mostly with mothers and not fathers, and child gender has infrequently been explored as a moderator of parenting-prosocial relations. This cross-national study uses 1,178 families (mothers, fathers, and children) from 9 countries to explore developmental transactions between parental acceptance-rejection and girls' and boys' prosocial behavior across 3 waves (child ages 9 to 12). Controlling for stability across waves, within-wave relations, and parental age and education, higher parental acceptance predicted increased child prosocial behavior from age 9 to 10 and from age 10 to 12. Higher age 9 child prosocial behavior also predicted increased parental acceptance from age 9 to 10. These transactional paths were invariant across 9 countries, mothers and fathers, and girls and boys. Parental acceptance increases child prosocial behaviors later, but child prosocial behaviors are not effective at increasing parental acceptance in the transition to adolescence. This study identifies widely applicable socialization processes across countries, mothers and fathers, and girls and boys. © 2018 American Psychological Association."
6,0.938938053097345,2023,"Child and Adolescent Development and Family Relationships","Developmental trajectories of behavioral inhibition from infancy to age seven: The role of genetic and environmental risk for psychopathology","The present study leveraged data from a longitudinal adoption study of 361 families recruited between 2003 and 2010 in the United States. We investigated how psychopathology symptoms in birth parents (BP; M<inf>age</inf> = 24.1 years; 50.5–62.9% completed high school) and adoptive parents (AP; M<inf>age</inf> = 37.8 years; 80.9% completed college; 94% mother–father couples) influenced children's behavioral inhibition (BI) trajectories. We used latent growth models of observed BI at 18 and 27 months, and 4.5 and 7 years in a sample of adopted children (Female = 42%, White = 57%, Black = 11%, Multi-racial = 21%, Latinx = 9%). BI generally decreased over time, yet there was substantial variability in these trajectories. Neither BP nor AP psychopathology symptoms independently predicted systematic differences in BI trajectories. Instead, we found that AP internalizing symptoms moderated the effects of BP psychopathology on trajectories of BI, indicating a gene by environment interaction. © 2023 The Authors. Child Development published by Wiley Periodicals LLC on behalf of Society for Research in Child Development."
6,0.93828125,2021,"Child and Adolescent Development and Family Relationships","Chinese Mothers’ Parental Burnout and Adolescents’ Internalizing and Externalizing Problems: The Mediating Role of Maternal Hostility","Parental burnout is a state that parents feel exhausted in their parental role. Although past research has examined concurrent correlates of parental burnout, the impacts of parental burnout on adolescent development over time remain largely unknown. The current study explored the indirect mechanisms linking mothers’ parental burnout to adolescents’ later internalizing and externalizing problems through maternal hostility among Chinese families. Using a sample of 606 adolescents (51.5% boys; Mage = 12.89 years old) and their mothers (Mage = 38.50 years old), this three-wave longitudinal study showed that mothers’ parental burnout was predictive of adolescents’ perceptions of their mothers’ parental hostility over time, which were in turn related to adolescents’ later internalizing and externalizing problems. Moreover, mothers’ parental burnout was directly related to adolescents’ later externalizing problems. Taken together, parental burnout played a role in adolescents’ internalizing and externalizing problems over time through increased parental hostility. These findings underscore the importance of parental burnout on parenting behavior and adolescent adjustment © 2021. American Psychological Association"
6,0.937795275590551,2016,"Child and Adolescent Development and Family Relationships","Ecodevelopmental trajectories of family functioning: Links with HIV/STI risk behaviors and STI among black adolescents","We examined the effects of family functioning trajectories on sexual risk behaviors and STI in adolescents. A sample of 850 predominantly (80%) Black adolescents from Michigan, United States, was assessed at baseline, 12, 24, and 36 months postbaseline. Adolescents were from working-class families with a mean age of 14.9 years (SD = .64, Range = 13.9 to 16.9) at baseline. Participants completed measures of family functioning at each time point. At 36 months postbaseline, levels of sexual risk behaviors, including sex initiation, unprotected sex, and alcohol or drug use before last sexual intercourse, and STIs were assessed. Latent class growth analysis (LCGA) yielded 4-class solutions for family conflict and parent support. Adolescents with high or increasing family conflict trajectories, and low or decreasing family support trajectories, were at relatively greater risk of sexual risk behaviors and STIs. Yet, the additional trajectories differ across outcomes highlighting the complexities of the role of family functioning on sexual risk behaviors and STIs over time. Multiple Group LCGA indicate some findings vary as a function of gender. © 2016 American Psychological Association."
6,0.937179487179487,2017,"Child and Adolescent Development and Family Relationships","Trajectories of Violent Behavior Among Females and Males","Both the psychological and criminological fields have long hypothesized the mechanisms that influence desistance from violent offending, but few studies have focused on violent females. This study identifies patterns of violent behavior across 7 years among 172 females and 172 matched males ages 15–24, testing if heterogeneity in violent offending is linked to (a) developmental change in impulse control and (b) attainment of adult milestones. Fewer females persist in violence (25%) than males (46%); 19% of males increase in violent behavior. Females who develop impulse control and are employed are more likely to desist from violence. Violent offending is unrelated to other adult milestones. Developmental increases in impulse control may trigger desistance, while employment may maintain desistance from violence. © 2017 The Authors. Child Development © 2017 Society for Research in Child Development, Inc."
6,0.936363636363636,2018,"Child and Adolescent Development and Family Relationships","A Six-Year Longitudinal Study of Texting Trajectories During Adolescence","This study examined growth trajectories of texting (and other media) over a 6-year time period. Participants were 425 adolescents from Washington, USA (age 13 at Time 1, age 18 at Time 6; 48% male, 68% European American). Analyses suggested a curvilinear pattern for texting and social media use, with rates peaking during midadolescence. There was also considerable heterogeneity in trajectories of texting. A growth mixture model revealed four distinct classes of individuals: perpetuals (14%), decreasers (7%), moderates (68%), and increasers (11%). Higher levels of depression, being a male, and coming from a single-parent family predicted being a “perpetual” texter. Perpetuals had the most problematic outcomes compared to other classes, including higher depression, anxiety, aggression, and poor relationships with fathers. © 2017 The Authors. Child Development © 2017 Society for Research in Child Development, Inc."
6,0.931395348837209,2021,"Child and Adolescent Development and Family Relationships","Longitudinal Trajectories of Four Domains of Parenting in Relation to Adolescent Age and Puberty in Nine Countries","Children, mothers, and fathers in 12 ethnic and regional groups in nine countries (N = 1,338 families) were interviewed annually for 8 years (M<inf>age</inf> child = 8–16 years) to model four domains of parenting as a function of child age, puberty, or both. Latent growth curve models revealed that for boys and girls, parents decrease their warmth, behavioral control, rules/limit-setting, and knowledge solicitation in conjunction with children’s age and pubertal status as children develop from ages 8 to 16 across a range of diverse contexts, with steeper declines after age 11 or 12 in three of the four parenting domains. National, ethnic, and regional differences and similarities in the trajectories as a function of age and puberty are discussed. © 2021 Society for Research in Child Development"
6,0.930701754385965,2019,"Child and Adolescent Development and Family Relationships","Longitudinal Trajectories of Family Functioning Among Recent Immigrant Adolescents and Parents: Links With Adolescent and Parent Cultural Stress, Emotional Well-Being, and Behavioral Health","This study examined longitudinal effects of adolescent and parent cultural stress on adolescent and parent emotional well-being and health behaviors via trajectories of adolescent and parent family functioning. Recent immigrant Latino adolescents (M <inf>age</inf>  = 14.51) and parents (M <inf>age</inf>  = 41.09; N = 302) completed measures of these constructs. Latent growth modeling indicated that adolescent and parent family functioning remained stable over time. Early levels of family functioning predicted adolescent and parent outcomes. Baseline adolescent cultural stress predicted lower positive adolescent and parent family functioning. Latent class growth analyses produced a two-class solution for family functioning. Adolescents and parents in the low family functioning class reported low family functioning over time. Adolescents and parents in the high family functioning class experienced increases in family functioning. © 2017 The Authors. Child Development © 2017 Society for Research in Child Development, Inc."
6,0.929166666666667,2022,"Child and Adolescent Development and Family Relationships","Profiles of Family-Based Social Experiences in the First 3 Years Predict Early Cognitive, Behavioral, and Socioemotional Competencies","This study utilized latent profile analyses to identify unique configurations of children’s family-based social experiences during the first 3 years of life and examine differences across profiles with respect to developmental outcomes at 36 and 48 months of age. Seven family process variables were used: maternal emotional functioning, maternal sensitivity, negative controlling parenting, cognitive stimulation, corporal punishment, adult-adult aggression, and household disorganization. Data were collected by the Family Life Project (N = 1,087), a longitudinal study of families living in low-wealth, nonurban areas, for whom the biological mother was the child’s primary caregiver from 6 to 36 months of age. On average, mothers were 26 years of age at 2 months of child age. Approximately 36% of the families lived below the federal poverty limit, and 41% identified as Black; 49% of children were female. Latent profile analyses identified four groups: (a) positive exposure (b) average exposure, (c) problematic adult functioning, and (d) problematic parenting. Comparisons indicate that children in the positive exposure profile had the highest levels of socioemotional and cognitive outcomes compared to overall profiles. Children in the problematic adult functioning and problematic parenting profiles had the most problematic child outcomes, with children in the problematic parenting profile scoring lowest overall. Results indicate that there is configural heterogeneity in family-based social experiences at the highest levels of risk and that exposures to problematic parenting may be more consequential for later child outcomes than exposures to problematic adult functioning in the absence of compromised caregiving © 2021 American Psychological Association"
6,0.928828828828829,2021,"Child and Adolescent Development and Family Relationships","Prenatal Neighborhood Ethnocultural Context and the Mental Health of Mothers and Children in Low-Income Mexican American Families","Socioeconomically disadvantaged neighborhoods increase the risk for poor mental health among residents, yet protective factors may operate alongside risk. This study evaluated the influence of the prenatal neighborhood ethnocultural context on child behavior problems and maternal depressive symptoms. Prenatal maternal role expectations, prenatal culture-specific stress, and postpartum depression (PPD) symptoms were evaluated as mediators. Participants included 322 low-income, Mexican American mother-child dyads. Women (M<inf>age</inf> = 27.8) reported on proposed mediators, maternal depressive symptoms, and child behavior problems at 4.5 years. Neighborhood Latinx concentration was obtained from census data. Higher Latinx concentration predicted fewer maternal depressive symptoms and child behavior problems, mediated through role expectations and PPD symptoms. Results suggest prenatal neighborhood context to impact later maternal and child mental health. © 2021 The Authors. Child Development © 2021 Society for Research in Child Development."
6,0.928181818181818,2020,"Child and Adolescent Development and Family Relationships","Intergenerational transmission of cultural socialization and effects on young children's developmental competencies among Mexican-origin families","The current 3-generation (N = 204 families), 3-year longitudinal study examined the intergenerational transmission of cultural socialization among Mexican-origin young mothers and their own mothers (i.e., children's grandmothers) and, in turn, whether young mothers' cultural socialization informed their children's developmental competencies (i.e., interactive play with peers, receptive language, and internalizing and externalizing problem behavior) one year later. Results indicated that mediation was significant, such that grandmother-mother cultural socialization, when children were 3 years old, informed greater mother-child cultural socialization when children were 4 years old, which, in turn, informed children's greater receptive language and interactive play with peers when children were 5 years old. Findings highlight the importance of intergenerational cultural socialization on young children's developmental competencies. © 2019 American Psychological Association."
6,0.927225130890052,2018,"Child and Adolescent Development and Family Relationships","Mexican-origin youth substance use trajectories: Associations with cultural and family factors","The current study identified alcohol and cannabis use trajectories among a sample of Mexican-origin youth and examined cultural and familial correlates from childhood to adolescence. Mexican-origin youth (N = 674) from Northern California were assessed annually from ages 10 to 17 (8 waves). Latent class growth modeling examined variability in developmental trajectories for last 3-month alcohol and cannabis use frequency. Analyses also examined between-trajectory differences in youth's cultural practices and values, family cultural conflict, general parent-child conflict, and parental monitoring at 4 time points from ages 10 to 16. Analyses resulted in a 4-class model for alcohol use, comprising nonusers (62%), early-increasing (10%), adolescent-limited (11%), and late-onset (17%) subgroups, and a 4-class model for cannabis use, including nonusers (74%), early-increasing (8%), occasional use (16%), and high-declining (2%) subgroups. Findings suggested that early language use (higher English at age 10 and lower Spanish at age 12) was a temporally distal marker for several alcohol and cannabis use trajectories, whereas lower traditional family values at ages 14 and 16 were associated with several classes characterized by early substance use. Elevations in familial (parent-child conflict, parental monitoring) risk factors co-occurred in time and generally suggested temporally proximal connections with substance use behavior. Further, there was evidence that a less prominent decline in certain protective factors (e.g., father monitoring) was associated with reductions in substance use. These findings inform the literature by describing youth subgroups with variable risk for substance use development, and suggest modifiable risk factors associated with more frequent substance use trajectories. © 2017 American Psychological Association."
6,0.926704545454545,2021,"Child and Adolescent Development and Family Relationships","Children’s Dove Temperament as a Differential Susceptibility Factor in Child Rearing Contexts","This multistudy article examines whether children’s susceptibility to their socialization experiences varies as a function of their dove temperament dispositions, an evolutionarily informed pattern of traits marked by a low threshold of environmental stimulation and greater behavioral flexibility across environmental contexts. Participants in Study 1 consisted of 70 mothers and their 4-to 6-year-old children: M age = 4.79 years; 57% girls; 33% Black or multiracial; 14% Latinx; median annual income range = $55,000 – $74,999. For Study 2, participants were 243 families, including mothers, fathers, and preschool children: M age = 4.60 years; 56% girls; 54% Black or multiracial, 16% Latinx; median annual income = $36,000). The studies used multimethod, multiinformant measurement batteries within a cross-sectional design (i.e., Study 1) or longitudinal design with three annual measurement occasions (i.e., Study 2). Study 1 findings indicated that associations among maternal parenting quality and psychological problems were only significant for children who were high in dove temperament. Consistent with these findings, Study 2 latent growth curve analyses showed that children experiencing high family adversity (i.e., maternal and paternal parenting difficulties, interparental conflict) were more susceptible to subsequent internalizing and social problems only when they were high in dove temperament. Supporting its role as a susceptibility factor, findings revealed that children with dove temperaments evidenced lower levels of psychological problems under supportive family conditions and higher psychological difficulties in adverse family contexts. Analyses further showed that the composition and moderating effects of dove temperament were distinct from other temperamental susceptibility candidates. © 2021 American Psychological Association"
6,0.92442748091603,2016,"Child and Adolescent Development and Family Relationships","Adolescents' changing future expectations predict the timing of adult role transitions","Individual differences in the transition to adulthood are well established. This study examines the extent to which heterogeneity in pathways to adulthood that have been observed in the broader U.S. population are mirrored in adolescents' expectations regarding when they will experience key adult role transitions (e.g., marriage). Patterns of change in adolescents' expectations and the relations between their expectations and subsequent role transitions are also explored. Data from 626 youth in Grade 11 (M<inf>age</inf> = 16), Grade 12, and early adulthood (M<inf>age</inf> = 23) are analyzed using mover-stayer latent transition analysis. Results indicate 3 profiles of expected timing, corresponding to youth who anticipate early role entry (i.e., early starters), youth who anticipate earlier entry into employment but no other roles (i.e., employment-focused), and youth who anticipate delays in role transitions favoring increased education (i.e., education-focused). Two thirds of youths changed their expectations from Grade 11 to 12. Grade 11 and 12 profile membership predicted role transitions in early adulthood. These findings highlight the importance of adolescents' expectations and changes in expectations across time in shaping entry into adulthood. © 2016 American Psychological Association."
6,0.921238938053097,2022,"Child and Adolescent Development and Family Relationships","Mothering Versus Fathering? Positive Parenting Versus Negative Parenting? Their Relative Importance in Predicting Adolescent Aggressive Behavior: A Longitudinal Comparison","To understand whose parenting (mothers vs. fathers) and which type of parenting (warmth vs. hostility) is more important in predicting adolescent aggression, this study applied dominance analysis to evaluate the relative importance of four different parenting dimensions (maternal hostility, paternal hostility, maternal warmth, and paternal warmth). Four waves of adolescent-reported longitudinal data from the PROSPER project (N = 626, 52% adolescent girls, 89% White rural, age 12 to 15) were used to investigate longitudinal change in the relative importance of these dimensions over time. Findings reveal that at most ages, maternal hostility was relatively more important than both paternal hostility and maternal warmth in predicting adolescent aggression among adolescent girls and boys. However, paternal parenting was more important for boys at specific ages. Findings are discussed in terms of implications for interventions and further research on parenting. © 2022 American Psychological Association"
6,0.921,2017,"Child and Adolescent Development and Family Relationships","Exuberant and inhibited children: Person-centered profiles and links to social adjustment","The current study aimed to substantiate and extend our understanding regarding the existence and developmental pathways of 3 distinct temperament profiles-exuberant, inhibited, and average approach-in a sample of 3.5-year-old children (n = 121). The interactions between temperamental styles and specific types of effortful control, inhibitory control and attentional control, were also examined in predicting kindergarten peer acceptance. Latent profile analysis identified 3 temperamental styles: exuberant, inhibited, and average approach. Support was found for the adaptive role of inhibitory control for exuberant children and attentional control for inhibited children in promoting peer acceptance in kindergarten. These findings add to our current understanding of temperamental profiles by using sophisticated methodology in a slightly older, community sample, as well as the importance of examining specific types of self-regulation to identify which skills lower risk for children of different temperamental styles. © 2017 American Psychological Association."
6,0.916783216783217,2022,"Child and Adolescent Development and Family Relationships","The Role of Household Chaos on Levels and Trajectories of Socioemotional Behavior in the Second Year","The second year of life is a time of formative developmental change as basic behavioral systems undergo rapid integration and expansion. This study examined the developmental trajectories of socialemotional (SoE) outcomes and the effects of infant sex and household chaos (HC) on the development of SoE outcomes across the second year of life. The participating families (N = 143) were ethnically homogenous (88% Caucasian) but economically diverse (31% low-to-very-low income). Mothers reported on their children’s SoE outcomes including externalizing, internalizing, dysregulating problem behaviors as well as SoE competence when infants (54% girls) were 12, 18, and 24 months old. At each age point, HC was assessed through observations during home visits and compliance to the study protocols. Multilevel modeling revealed increasing developmental trajectories in all of the domains of SoE outcomes across the second year of life, reflecting the premise that these behavioral systems continue to form and become increasingly part of the infant’s behavioral repertoire as development unfolds. However, compared to infants in less chaotic homes, infants in more chaotic households experienced steeper increases in both externalizing and internalizing problem behaviors across the second year, and girls showed higher levels of internalizing problem behaviors compared to boys. Results emphasize the increasing trajectories of problem behaviors in relation to ongoing chaotic caregiving environment among infants as young as 2 years of age © 2021 American Psychological Association"
6,0.913913043478261,2023,"Child and Adolescent Development and Family Relationships","Patterns of coparenting and young children's social–emotional adjustment in low-income families","This study identified coparenting patterns using data collected across 2007–2010 from low-income couples (N = 2915; 26.90% non-Hispanic White; 9.41% non-Hispanic Black; 34.24% Hispanic, 29.27% other or mixed race) with young children (M = 3.65 years; SD = 1.31 years; 48% girls) and examined relations with children's social–emotional adjustment. Latent profile analysis revealed four coparenting patterns: mutual high-quality (43.4%), moderate-quality, mothers less positive (31.8%), moderate-quality, fathers less positive (15.9%), and low-quality, mothers less positive (8.9%). When parents' perspectives on coparenting were positive and congruent, children fared best. Children also fared well when coparenting quality was moderate, and mothers were less positive than fathers. When coparenting quality was moderate and fathers were less positive than mothers, children showed the poorest adjustment. © 2023 The Authors. Child Development published by Wiley Periodicals LLC on behalf of Society for Research in Child Development."
6,0.911538461538462,2019,"Child and Adolescent Development and Family Relationships","The Legacy of Early Abuse and Neglect for Social and Academic Competence From Childhood to Adulthood","This study used data from the Minnesota Longitudinal Study of Risk and Adaptation (N = 267) to investigate whether abuse and neglect experiences during the first 5 years of life have fading or enduring consequences for social and academic competence over the next 3 decades of life. Experiencing early abuse and neglect was consistently associated with more interpersonal problems and lower academic achievement from childhood through adulthood (32–34 years). The predictive significance of early abuse and neglect was not attributable to the stability of developmental competence over time, nor to abuse and neglect occurring later in childhood. Early abuse and neglect had enduring associations with social (but not academic) competence after controlling for potential demographic confounds and early sensitive caregiving. © 2018 The Authors. Child Development © 2018 Society for Research in Child Development, Inc."
6,0.910227272727273,2018,"Child and Adolescent Development and Family Relationships","Social sensitivity and social, school, and psychological adjustment among children across contexts","This study examined relations of social sensitivity to social, school, and psychological adjustment in rural Chinese, urban Chinese, and Canadian children. Participants were 4th to 6th grade students (M<inf>age</inf> = 11 years) in China (n = 593 and 443 for the rural and urban samples) and Canada (n = 325). A self-report measure of social sensitivity was developed for the study. In addition to data on social sensitivity, information on adjustment was obtained from multiple sources. The analyses revealed that social sensitivity was associated with positive adjustment in rural Chinese children but with adjustment problems in Canadian children. The relations were largely mixed and nonsignificant in urban Chinese children. These results indicate the role of context in defining the functional meaning of children's social sensitivity. © 2018 American Psychological Association."
6,0.91010101010101,2018,"Child and Adolescent Development and Family Relationships","Gender Differences in the Developmental Cascade From Harsh Parenting to Educational Attainment: An Evolutionary Perspective","This study utilized life history theory to test a developmental cascade model linking harsh parenting to low educational attainment. Multigroup models were examined to test for potential gender differences. The sample consisted of 1,482 adolescents followed up for 9 years starting in seventh grade (M<inf>age</inf> = 12.74). Results supported indirect links between harsh parenting and low educational attainment through the development of extreme peer orientations, early sexual behavior, and delinquency. Among male adolescents, harsh parenting was related to the development of an extreme peer orientation, which further led to increased delinquency, and subsequently lower educational attainment. Among female adolescents, harsh parenting predicted extreme peer orientations, which increased both delinquency and early sexual behavior. Early sexual behavior further predicted lower educational attainment in female adolescents. © 2017 The Authors. Child Development © 2017 Society for Research in Child Development, Inc."
7,0.991,2022,"Emotion, Stress, and Social Support","The Influence of Daily Events on Emotion Regulation and Well-Being in Daily Life","We examined within-person relationships among daily events, emotion regulation strategies, and well-being in daily life. Each day for 2 to 3 weeks, participants in two studies (total N = 445) reported the extent to which they reappraised and suppressed their positive and negative emotions, the types of events they experienced, and their well-being. Using multilevel modeling, we found that the extent to which people reappraised positive and negative emotions and suppressed negative emotions was positively related to the number/importance of daily positive events, whereas the suppression of positive emotions was negatively related. Furthermore, the positive relationships between well-being and reappraisal of positive and negative emotions and the suppression of negative emotions were stronger as the number of negative events increased. These results demonstrate that most emotion regulation strategies are employed when the day is going well but are most beneficial for people’s well-being when the day is not going well. © 2021 by the Society for Personality and Social Psychology, Inc."
7,0.967549668874172,2016,"Emotion, Stress, and Social Support","Heart Rate Variability Moderates the Association Between Separation-Related Psychological Distress and Blood Pressure Reactivity Over Time","Divorce is a stressor associated with long-term health risk, though the mechanisms of this effect are poorly understood. Cardiovascular reactivity is one biological pathway implicated as a predictor of poor long-term health after divorce. A sample of recently separated and divorced adults (N = 138) was assessed over an average of 7.5 months to explore whether individual differences in heart rate variability—assessed by respiratory sinus arrhythmia—operate in combination with subjective reports of separation-related distress to predict prospective changes in cardiovascular reactivity, as indexed by blood pressure reactivity. Participants with low resting respiratory sinus arrhythmia at baseline showed no association between divorce-related distress and later blood pressure reactivity, whereas participants with high respiratory sinus arrhythmia showed a positive association. In addition, within-person variation in respiratory sinus arrhythmia and between-persons variation in separation-related distress interacted to predict blood pressure reactivity at each laboratory visit. Individual differences in heart rate variability and subjective distress operate together to predict cardiovascular reactivity and may explain some of the long-term health risk associated with divorce. © 2016, © The Author(s) 2016."
7,0.937837837837838,2021,"Emotion, Stress, and Social Support","Emotional Empathy in the Social Regulation of Distress: A Dyadic Approach","Although research suggests distressed individuals benefit from others’ empathy, it is unclear how an individual’s level of empathy influences dyadic responses during emotional situations. In the current study, female participants (N = 140; 70 dyads) were paired with a stranger. One member of each dyad (the experiencer) was randomly assigned to undergo a stressful task and disclose negative personal experiences to their partner (the listener). Experiencers paired with listeners higher in dispositional emotional empathy had less negative affect during emotional disclosure and lower sympathetic nervous system reactivity during the stressful task and disclosure. Listeners higher in emotional empathy reported more negative affect in response to their partner’s distress. Furthermore, for listeners higher in emotional empathy, those who more accurately rated their partner’s emotions were more physiologically influenced by their partners. Findings shed light on interpersonal functions of empathy and suggest a stranger’s level of emotional empathy regulates distressed partner’s emotions and physiology. © 2020 by the Society for Personality and Social Psychology, Inc."
7,0.934710743801653,2019,"Emotion, Stress, and Social Support","Low Self-Esteem Predicts Indirect Support Seeking and Its Relationship Consequences in Intimate Relationships","Indirect support seeking involves sulking, whining, and/or displaying sadness to elicit social support. Ironically, this strategy tends to backfire by prompting rejection from close others. The current research examines how low self-esteem contributes to the use and relational consequences of indirect support seeking during couples’ interactions. Results across two dyadic, observational studies (Study 1 = 76 couples, Study 2 = 100 couples) demonstrated that support seekers with lower self-esteem engaged in greater indirect support seeking, and seekers’ greater indirect support seeking was associated with greater negative support from partners. Furthermore, partners’ negative support was associated with lower seeker perceptions of partner responsiveness, but only when support seekers were low in self-esteem. These results demonstrate how low self-esteem individuals’ attempts to protect themselves from social rejection by utilizing indirect support seeking may ironically elicit negative partner support, and undermine the feelings of acceptance that low self-esteem individuals crave. © 2018 by the Society for Personality and Social Psychology, Inc."
7,0.912389380530973,2021,"Emotion, Stress, and Social Support","Facing the Facets: No Association Between Dispositional Mindfulness Facets and Positive Momentary Stress Responses During Active Stressors","Mindfulness has been associated with enhanced coping with stress. However, it remains unclear how dispositional mindfulness impacts the nature and valence of experiences during active stressors. Across 1,001 total participants, we used cardiovascular responses from the biopsychosocial model of challenge/threat to assess the degree to which individuals cared about a stressor in the moment and had a positive versus negative psychological experience. Although we found a small association between mindfulness—particularly the acting with awareness facet—and responses consistent with caring more about the stressor (i.e., greater task engagement), we found no evidence that mindfulness was associated with exhibiting a more positive psychological response (i.e., greater challenge) during the stressor. Despite no differences in the valence of momentary experiences as a function of mindfulness, individuals higher in mindfulness self-reported more positive experiences afterward. These findings suggest that dispositional mindfulness may benefit responses to active stressors only after they have passed. © 2020 by the Society for Personality and Social Psychology, Inc."
7,0.893388429752066,2018,"Emotion, Stress, and Social Support","Let It Go: Lingering Negative Affect in Response to Daily Stressors Is Associated With Physical Health Years Later","The way we respond to life’s daily stressors has strong implications for our physical health. Researchers have documented the detrimental effects of initial emotional reactivity to daily stressors on future physical health outcomes but have yet to examine the effects of emotions that linger after a stressor occurs. The current study investigated how negative affect that lingers the day after a minor stressor occurs is associated with health-related outcomes. Participants (N = 1,155) in a community-based, nationwide study answered questions about daily stressors and affect across 8 consecutive days and about their physical health almost 10 years later. Multilevel models indicated that people experience heightened levels of negative affect the day after a stressor occurs. Furthermore, higher levels of lingering negative affect are associated with greater numbers of chronic conditions and worse functional limitations 10 years later. Findings suggest that affective recovery from daily stressors has unique importance for long-term physical health. © The Author(s) 2018."
7,0.886991869918699,2020,"Emotion, Stress, and Social Support","The Highs and Lows of Love: Romantic Relationship Quality Moderates Whether Spending Time With One’s Partner Predicts Gains or Losses in Well-Being","Previous research suggests both relationship status and relationship quality correlate with well-being. The present study extended these findings in three ways. First, we benchmarked individuals with various-quality relationships against uncoupled people to determine whether even low-quality relationships are associated with greater well-being than being unpartnered. Second, research suggests global well-being (e.g., life satisfaction) and experiential well-being (e.g., momentary affect) oftentimes have different predictors. Thus, we tested whether individuals report greater experiential well-being while with their partners. Finally, we examined whether daily time invested into one’s relationship predicted well-being. Results indicated that being in a romantic relationship, interacting with one’s partner, and investing greater time into the relationship all predicted greater well-being. However, these effects were moderated by relationship quality, such that being in even relatively neutral relationships and interacting therein were associated with lower well-being than being unpartnered. © 2019 by the Society for Personality and Social Psychology, Inc."
7,0.882203389830508,2019,"Emotion, Stress, and Social Support","Transient Loneliness and the Perceived Provision and Receipt of Capitalization Support Within Event-Disclosure Interactions","Research affirms that loneliness is a distressing experience with social-perceptual and behavioral consequences. Yet, little is known about consequences of transient loneliness, particularly within social interactions. The current study builds on reaffiliation motive and evolutionary models of state loneliness to investigate the effects of experimentally manipulated loneliness on individual and interaction partner perceptions during an event-sharing interaction, within 97 female dyads. Actor–partner interdependence mediation analyses revealed indirect effects for induction group (high vs. low loneliness) on positive affect, enjoyment, responsiveness, and partner positive affect, via induced state loneliness. Furthermore, state loneliness influenced actor and partner provision of responsiveness, via perceived responsiveness. Results reveal interpersonal consequences of transient loneliness, offering preliminary insight into conditions through which state perceptions of isolation may interfere with engagement in positive social interactions. Furthermore, implications for previously theorized evolutionary models of state loneliness and the reaffiliation motive are discussed. © 2018 by the Society for Personality and Social Psychology, Inc."
7,0.878888888888889,2022,"Emotion, Stress, and Social Support","Perceived Partner Responsiveness Forecasts Behavioral Intimacy as Measured by Affectionate Touch","Affectionate touch is an important behavior in close relationships throughout the lifespan. Research has investigated the relational and individual psychological and physical benefits of affectionate touch, but the situational factors that give rise to it have been overlooked. Theorizing from the interpersonal process model of intimacy, the current studies tested whether perceived partner responsiveness forecasts affectionate touch in romantic couples. Following a preliminary integrative data analysis (N = 842), three prospective studies use ecologically valid behavioral (Studies 1 and 2) and daily (Studies 2 and 3) data, showing a positive association between perceived partner responsiveness and affectionate touch. Furthermore, in Study 3, we tested a theoretical extension of the interpersonal process of intimacy, finding that affectionate touch forecasts the partner’s perception of the touch-giver’s responsiveness the next day. Findings suggest affectionate touch may be an untested mechanism at the heart of the interpersonal process of intimacy. © 2021 by the Society for Personality and Social Psychology, Inc."
7,0.878571428571429,2022,"Emotion, Stress, and Social Support","Frequent Interpersonal Stress and Inflammatory Reactivity Predict Depressive-Symptom Increases: Two Tests of the Social-Signal-Transduction Theory of Depression","The social-signal-transduction theory of depression asserts that people who experience ongoing interpersonal stressors and mount a greater inflammatory response to social stress are at higher risk for depression. The current study tested this theory in two adult samples. In Study 1, physically healthy adults (N = 76) who reported more frequent interpersonal tension had heightened depressive symptoms at Visit 2, but only if they had greater inflammatory reactivity to a marital conflict at Visit 1. Similarly, in Study 2, depressive symptoms increased among lonelier and less socially supported breast-cancer survivors (N = 79). This effect was most pronounced among participants with higher inflammatory reactivity to a social-evaluative stressor at Visit 1. In both studies, noninterpersonal stress did not interact with inflammatory reactivity to predict later depressive symptoms. © The Author(s) 2021."
7,0.878231292517007,2022,"Emotion, Stress, and Social Support","Here One Time, Gone the Next: Fluctuations in Support Received and Provided Predict Changes in Relationship Satisfaction Across the Transition to Parenthood","Extant research has demonstrated that higher mean (average) levels of social support often produce robust relational benefits. However, partners may not maintain the same level of support across time, resulting in potential fluctuations (i.e., within-person variations across time) in support. Despite the theorizing and initial research on fluctuations in relationship-relevant thoughts, feelings, and behaviors, little is known about (a) who is most likely to fluctuate in support and (b) the degree to which fluctuations, in combination with and beyond mean levels, impact relationships across time. The current preregistered research examined two dyadic longitudinal samples of first-time parents undergoing the transition to parenthood, a chronically stressful time that often entails the provision and receipt of support involving one’s partner. Across both studies, we found that individuals who reported greater mental health problems, more situational stress, and more destructive dispositional attributes tended to report lower mean levels and higher fluctuations in provided and received support at subsequent assessments. Moreover, we found that greater fluctuations in perceptions and observations of support predicted decreases in relationship satisfaction over time, above and beyond the effect of mean levels. Implications for theory and studying nonlinear effects in relationships are discussed © 2022 American Psychological Association"
7,0.876470588235294,2018,"Emotion, Stress, and Social Support","Reciprocal support and daily perceived control: Developing a better understanding of daily support transactions across a major life transition","A paradox of social support has been well documented: believing that support is available and perceiving high levels of it has well-established mental health benefits, but the actual receipt of support is often found to be ineffective and even detrimental (see Gleason & Iida, 2015). Researchers have suggested that support receipt may be associated with negative mood because it is linked with a lack of self-efficacy or perceived control (Bolger & Amarel, 2007). Research on daily support transactions found that reciprocal emotional support exchanges counteracted the negative effects associated with support receipt, but there was significant variation between individuals in their reactions to support exchanges suggesting that a potential moderating variable of the support pattern exists. Using a daily diary study of 78 couples approaching a shared stressor, the transition to parenthood, associations between control, self- and partner-reported support, and mood were investigated. Couples were asked to complete three weeks of daily diaries at three different time points. Previous support pattern effects on mood were replicated for partners, but whereas reciprocity was beneficial for mothers, support receipt alone was not negative. Perceived control was found to be a moderator of this process such that the greater an individual's sense of perceived control, the more one is buffered from any negative effects of support transactions. Exploratory analyses also suggest that overall patterns of supportive reciprocity influence marital satisfaction across the transition to parenthood. © 2018 American Psychological Association."
7,0.869886363636364,2021,"Emotion, Stress, and Social Support","Physiological Linkage During Shared Positive and Shared Negative Emotion","Physiological linkage refers to the degree to which peoples’ physiological responses change in coordinated ways. Here, we examine whether and how physiological linkage relates to incidents of shared emotion, distinguished by valence. Past research has used an “overall average” approach and characterized how physiological linkage over relatively long time periods (e.g., 10 –15 min) reflects psychological and social processes (e.g., marital satisfaction, empathy). Here, we used a “momentary” approach and characterized whether physiological linkage over relatively short time periods (i.e., 15 s) reflects shared positive emotion, shared negative emotion, or both, and whether linkage during shared emotions relates to relational functioning. Married couples (156 dyads) had a 15-min conflict conversation in the laboratory. Using behavioral coding, each second of conversation was classified into 1 of 4 emotion categories: shared positive emotion, shared negative emotion, shared neutral emotion, or unshared emotion. Using a composite of 3 peripheral physiological measures (i.e., heart rate, skin conductance, finger pulse amplitude), we computed momentary in-phase and antiphase linkage to represent coordinated changes in the same or opposite direction, respectively. We found that shared positive emotion was associated with higher in-phase and lower antiphase linkage, relative to the other 3 emotion categories. Greater in-phase physiological linkage during shared positive emotion was also consistently associated with higher-quality interactions and relationships, both concurrently and longitudinally (i.e., 5 to 6 years later). These findings advance our understanding of the nature of physiological linkage, the emotional conditions under which it occurs, and its possible associations with relational functioning © 2020 American Psychological Association"
7,0.860747663551402,2023,"Emotion, Stress, and Social Support","Dismissing Attachment and Global and Daily Indicators of Subjective Well-Being: An Experience Sampling Approach","The present research examined whether a dismissing attachment style (i.e., being high in attachment avoidance and low in attachment anxiety) is a risk factor for low subjective well-being (SWB). Specifically, we examined the associations between dismissing attachment and two indicators of SWB: global life satisfaction and daily affect. Self-reports of attachment and overall life satisfaction were collected from 257 adults at an initial lab session. Afterward, experience sampling methodology was used to gather repeated measures of positive and negative affect, as well as social context, from the sample for 8 days. Our findings indicate that, on average, dismissing people reported fairly modest levels of overall life satisfaction. Moreover, they experienced relatively low levels of both negative affect and positive affect across the 8-day study period. Overall, our results suggest that dismissing people have a “muted” or dull emotional life. © 2022 by the Society for Personality and Social Psychology, Inc."
7,0.859509202453988,2023,"Emotion, Stress, and Social Support","The Impact of the Early Stages of COVID-19 on Mental Health in the United States, Germany, and the United Kingdom","The impact of COVID-19 on people’s physical health is well documented. But how did COVID-19—with all the uncertainty and disruption of daily life it entailed—impact people’s mental health? We used ecologically momentary assessments from 22,562 individuals (largely young adults) across the United States, Germany, and the United Kingdom to study the impact of the early stages of COVID-19 on mental health. Exploring within-person trajectories of mood (4,471,810 observations) and depression (274,911 observations) between January 1 and September 30 of 2020, and comparing them to those observed for the same time period in 2019, we provide evidence that people—on average—show high levels of resilience. While the United States saw momentary decreases in mood and increases in depression that quickly returned to baseline, Germany and the United Kingdom did not experience observable negative effects on mental health. In a small subsample of U.S. users, we show that the mental health trajectories appear to be relatively consistent across different sociodemographics groups. Investigating the impact of social distancing on people’s mental health within-person, we demonstrate that social distancing—on average—was associated with a decline in mental health. However, our findings also highlight that not all COVID-19 experiences were created equal. While individuals who experienced social distancing as burdensome reported lower levels of mental health, those who did not, indicated normal or even elevated levels of mental health. © 2022 American Psychological Association"
7,0.853374233128834,2020,"Emotion, Stress, and Social Support","Benefits of daily support visibility versus invisibility across the adult life span","Amid growing disagreement about the benefits of visible and invisible support, we tested daily associations among support visibility and changes in individual and relational well-being in young adult newlyweds (Study 1) and older married couples (Study 2). To extend past research, we assessed emotional and practical support visibility in 3 contexts (context-general, stress-related, and goal-related) each day. In both samples, reporting context-general or goal-related support receipt predicted increases in personal and relational well-being day-to-day. Further, direct comparison between visible and invisible support days revealed relative personal and relational benefits associated with visible support days. In contrast, reporting stress-related support receipt was related to decreases in personal well-being in both samples, despite increases in relational well-being. This relative personal benefit associated with invisible stress-related support is consistent with past work showing benefits of invisible support for people experiencing major stressors. The current research highlights the need for a nuanced approach to understanding support visibility. Although invisible support may be preferable to protect self-efficacy and prevent distress in some situations (high stress or stressor-related support contexts), its benefits may be less wide-ranging than originally thought. In nonstress contexts and for relational outcomes, visible support may instead prove advantageous. © 2020 American Psychological Association."
7,0.85304347826087,2019,"Emotion, Stress, and Social Support","Does Stress Explain the Effect of Sleep on Self-Control Difficulties? A Month-Long Daily Diary Study","Insufficient sleep is linked to increased stress and suboptimal self-control; however, no studies have examined stress as a reason for why sleep affects self-control. Moreover, it is unknown if there are individual differences that make people vulnerable to this dynamic. Daily diary entries from 212 university students across 30 days were used in a multilevel path model examining if stress explained how prior night sleep affected next-day self-control difficulties and exploring if individual differences in sleep duration, stress, or self-control qualified this effect. Increased stress partially mediated of the effect of reduced sleep duration on increased next-day self-control difficulty. Moreover, short sleep increased next-day stress more for individuals with higher typical stress. Daytime stress especially amplified self-control difficulty for individuals with shorter typical sleep duration. Findings implicate stress as a substantial factor in how sleep loss undermines self-control and identify individuals particularly susceptible to this effect. © 2018 by the Society for Personality and Social Psychology, Inc."
7,0.849494949494949,2020,"Emotion, Stress, and Social Support","Early Effects of the COVID-19 Pandemic on Relationship Satisfaction and Attributions","How has the COVID-19 pandemic affected intimate relationships? The existing literature is mixed on the effect of major external stressors on couple relationships, and little is known about the early experience of crises. The current study used 654 individuals involved in a relationship who provided data immediately before the onset of the pandemic (December, 2019) and twice during the early stages of the pandemic (March and April, 2020). Results indicate that relationship satisfaction and causal attributions did not change over time, but responsibility attributions decreased on average. Changes in relationship outcomes were not moderated by demographic characteristics or negative repercussions of the pandemic. There were small moderation effects of relationship coping and conflict during the pandemic, revealing that satisfaction increased and maladaptive attributions decreased in couples with more positive functioning, and satisfaction decreased and maladaptive attributions increased in couples with lower functioning. © The Author(s) 2020."
7,0.847008547008547,2019,"Emotion, Stress, and Social Support","Self-Disclosure and Perceived Responsiveness Among Youth With Asthma: Links to Affect and Anti-Inflammatory Gene Expression","Self-disclosure and perceived responsiveness are important building blocks of social relationships that have long-lasting consequences for health and well-being. However, the conditions under which self-disclosure and responsiveness are likely to benefit health, and how early in life these benefits arise, remain unclear. Among 141 youth (aged 10-17) with asthma, we investigated how average daily levels of self-disclosure and responsiveness are linked to positive and negative affect and the expression of the glucocorticoid receptor gene NR3C1, a marker of improved regulation of stress physiology and immune functioning. Higher levels of self-disclosure were associated with higher NR3C1 expression and positive affect only when perceptions of responsiveness were high. Furthermore, perceived responsiveness was linked to NR3C1 expression for females but not males. These results suggest that the potential benefits of self-disclosure depend on the extent to which interaction partners are perceived as responsive and that these benefits emerge prior to adulthood. © 2018 by the Society for Personality and Social Psychology, Inc."
7,0.846923076923077,2025,"Emotion, Stress, and Social Support","Cyclical Links Between Daily Partner Interactions and Sleep Quality in Older Adult Couples: The Mediating Role of Perceived Partner Responsiveness and Negative Affect","Researchers have found significant associations between romantic relationship experiences and sleep quality. However, most existing studies are cross-sectional, few have focused on the aging population, and few have considered mechanisms underlying such associations. To address these gaps, 238 older adult couples completed 7-day daily diaries, reporting on their daily relationship, emotional, and sleep experiences. Multilevel structural equation modeling revealed that husbands’ higher negative partner interactions and lower positive partner interactions were indirectly associated with their own and their wives’ decreased sleep quality that night via lower perceived partner responsiveness and increased negative affect. Moreover, decreased sleep quality was associated with participants’ and their partners’ increased negative partner interactions and participants’ decreased positive partner interactions the next day, with no significant gender differences. This research provides a foundation for future research on cyclical associations between romantic relationship experiences and sleep quality, with implications for relationship-based interventions to improve sleep quality. © 2023 by the Society for Personality and Social Psychology, Inc."
7,0.832710280373832,2016,"Emotion, Stress, and Social Support","Absent but Not Gone: Interdependence in Couples’ Quality of Life Persists After a Partner’s Death","Spouses influence each other’s psychological functioning and quality of life. To explore whether this interdependence continues after a person becomes widowed, we tested whether deceased spouses’ characteristics were associated with their widowed partners’ later quality of life using couples drawn from a multinational sample of aging adults. Independent subsamples (ns = 221 and 325) were assessed before and after a spouse’s death. Regressions revealed that deceased partners’ quality of life prior to their death positively predicted their spouses’ quality of life after the partners’ death, even when we controlled for spouses’ prior quality of life to account for environmental factors shared within couples. Further, widowed participants’ quality of life was lower than nonwidowed couples’ 2 years before and after their partners’ death, but was equivalent 4 years prior. Finally, the strength of the association between partners’ earlier quality of life and participants’ later quality of life did not differ between widowed and nonwidowed participants. These findings suggest that interdependence in quality of life continues after one’s partner has passed away. © 2015, © The Author(s) 2015."
7,0.827536231884058,2016,"Emotion, Stress, and Social Support","The forecast model of relationship commitment","Four studies tested the forecast model of relationship commitment, which posits that forecasts of future relationship satisfaction determine relationship commitment and prorelationship behavior in romantic relationships independently of other known predictors and partially explain the effects of these other predictors. This model was supported in 2 cross-sectional studies, a daily report study, and a study using behavioral observation, informant, and longitudinal methods. Across these studies, forecasts of future relationship satisfaction predicted relationship commitment and prorelationship behavior during relationship conflict and partially explained the effects of relationship satisfaction, quality of alternatives, and investment size. These results suggest that representations of the future have a prominent role in interpersonal processes. © 2016 American Psychological Association."
7,0.826946107784431,2024,"Emotion, Stress, and Social Support","How Loneliness Undermines Close Relationships and Persists Over Time: The Role of Perceived Regard and Care","Although loneliness has been associated with negative perceptions of social life in past research, little is known about the implications of loneliness for interpersonal perception within close relationships. The current research includes three studies (total N = 1,197) suggesting that loneliness is associated with a negative bias in perceiving relationship partners’ regard and care and that this bias partially accounts for the effects of loneliness on lower relationship quality and problematic interpersonal behaviors. Loneliness was associated with perceiving family members (Study 1), friends (Studies 1 and 2), and romantic partners (Studies 1–3) as less admiring and caring, and these effects were independent of a variety of accuracy benchmarks, including partners’self-reports (Studies 1–3), reports from informants (Study 2), and objective observers’ assessments of partners’ responsive behavior (Study 3). Loneliness also predicted changes in perceptions of partners’ regard over time (Study 3) and indirectly predicted lower relationship satisfaction, commitment, self-disclosure, and support provision through negative perceptions of relationship partners’ regard and care (Studies 1–3). Studies 2 and 3 replicated these results in terms of day-to-day experiences (total daily observations = 16,064). The negative perceptions of partners’ regard and care associated with loneliness predicted subsequent loneliness (Studies 2–3). Loneliness effects were statistically independent of self-esteem and attachment insecurity in all studies. Taken together, these findings suggest that, due to negative biases in perceiving relationship partners’ regard and care, loneliness may compromise the quality of close relationships, motivate interpersonally problematic behaviors, and become persistent. Implications are discussed. © 2024 American Psychological Association"
7,0.822142857142857,2017,"Emotion, Stress, and Social Support","The development of marital tension: Implications for divorce among married couple","Marriages are often characterized by their positive and negative features in terms of whether they elicit feelings of satisfaction and happiness or conflict and negativity. Although research has examined the development of marital happiness, less is known about the development of negativity among married couples. We examined how marital tension (i.e., feelings of tension, resentment, irritation) develops within couples over time and whether marital tension has unique implications for divorce. Specifically, we examined marital tension among husbands and wives within the same couples from the first to the sixteenth year of marriage, as well as links between marital tension and divorce. Participants included 355 couples assessed in years 1, 2, 3, 4, 7, and 16 of marriage. Multilevel models revealed that wives reported greater marital tension than husbands. Marital tension increased over time among both husbands and wives, with a greater increase among husbands. Couples were more likely to divorce when wives reported higher marital tension, a greater increase in marital tension, and greater cumulative marital tension. Findings are consistent with the emergent distress model of marriage, but indicate that despite the greater increases in marital tension among husbands, wives' increased marital tension over the course of marriage is more consistently associated with divorce. © 2017 American Psychological Association."
7,0.82109375,2017,"Emotion, Stress, and Social Support","Daily Autonomy Support and Sexual Identity Disclosure Predicts Daily Mental and Physical Health Outcomes","Using a daily diary methodology, we examined how social environments support or fail to support sexual identity disclosure, and associated mental and physical health outcomes. Results showed that variability in disclosure across the diary period related to greater psychological well-being and fewer physical symptoms, suggesting potential adaptive benefits to selectively disclosing. A multilevel path model indicated that perceiving autonomy support in conversations predicted more disclosure, which in turn predicted more need satisfaction, greater well-being, and fewer physical symptoms that day. Finally, mediation analyses revealed that disclosure and need satisfaction explained why perceiving autonomy support in a conversation predicted greater well-being and fewer physical symptoms. That is, perceiving autonomy support in conversations indirectly predicted greater wellness through sexual orientation disclosure, along with feeling authentic and connected in daily interactions with others. Discussion highlights the role of supportive social contexts and everyday opportunities to disclose in affecting sexual minority mental and physical health. © 2017, © 2017 by the Society for Personality and Social Psychology, Inc."
7,0.808256880733945,2023,"Emotion, Stress, and Social Support","Affectionate Touch Promotes Shared Positive Activities","Shared positive activities, such as engaging conversations and interactive play, enhance relationships and buffer the consequences of negative interactions. The current research tested whether affectionate touch (a prime target for intervention) encourages people to prioritize other shared positive activities and to view shared activities more positively. In a pre-registered dyadic diary study of married couples (Study 1), greater affectionate touch on one day predicted increases in shared positive activities concurrently and prospectively. In a pre-registered dyadic experiment (Study 2), a brief affectionate touch intervention increased self-reported (but not observer-rated) shared positive activities immediately and increased shared positive activities over the following week for people who do not typically engage in such activities. Participants assigned to touch (particularly those low in attachment anxiety) also perceived their partners more positively during shared activities. These results suggest that touch may facilitate positive relationship experiences broadly and supports a theoretical model of affectionate touch. © 2022 by the Society for Personality and Social Psychology, Inc."
7,0.807954545454545,2016,"Emotion, Stress, and Social Support","Nonrandom Acts of Kindness: Parasympathetic and Subjective Empathic Responses to Sadness Predict Children's Prosociality","How does empathic physiology unfold as a dynamic process, and which aspect of empathy predicts children's kindness? In response to empathy induction videos, 4- to 6-year-old children (N = 180) showed an average pattern of dynamic respiratory sinus arrhythmia (RSA) change characterized by early RSA suppression, followed by RSA recovery, and modest subsequent suppression during positive resolution of the empathic event. Children's capacity for this pattern of flexible RSA change was associated with their subjective empathic feelings, which were concurrently associated with more sympathetic and prosocial responses to others. Conversely, only children's dynamic RSA change longitudinally predicted prosocial behavior 2 years later. These findings have implications for understanding the dynamic and multifaceted nature of empathy, and its relation with prosocial development. © 2016 The Authors. Child Development © 2016 Society for Research in Child Development, Inc."
7,0.80752688172043,2017,"Emotion, Stress, and Social Support","Attachment and self-regulation","Close relationships and self-regulation are inextricably intertwined, yet many of the details regarding how interpersonal processes influence self-regulation are not well understood. To gain a better understanding of this link, we investigated the association between attachment styles and self-regulatory mode orientations. According to regulatory mode theory, locomotors are concerned with initiating goal-directed movement, whereas assessors are concerned with appraising potential means and goals. We predicted that the presence of an attachment figure with whom one has an anxious attachment would be associated with higher assessment tendencies. In addition, we predicted that the presence of an attachment figure with whom one has an avoidant attachment would be associated with lower locomotion tendencies. Five studies (N = 1,434) supported our predictions, and demonstrated that attachment styles and self-regulatory mode orientations covary across interaction partners. © 2017 by the Society for Personality and Social Psychology, Inc."
7,0.799038461538461,2024,"Emotion, Stress, and Social Support","The Impact of Awe on Existential Isolation: Evidence for Contrasting Pathways","We propose that awe has multifaceted relations with existential isolation, a feeling of separation between the self and others or the world. Three studies examined the relation between awe and existential isolation via feelings of small self (vastness, self-size, self-perspectives) and a sense of connectedness. Awe (vs. a control topic) was induced either using virtual reality (Study 1) or a recall task (Studies 2 and 3) and was indirectly associated with higher and lower levels of existential isolation through differing pathways. Awe was associated with lower feelings of existential isolation via an increased sense of vastness, which in turn predicted greater connectedness; whereas awe was associated with higher feelings of existential isolation via increased sense of feeling small, which in turn predicted lower connectedness. This work advances understanding of the complex nature of awe—revealing its competing effects on the self and the social connectedness pathways through which awe can influence existential isolation. © 2023 by the Society for Personality and Social Psychology, Inc."
7,0.792086330935252,2019,"Emotion, Stress, and Social Support","The Dual Impact of Early and Concurrent Life Stress on Adults’ Diurnal Cortisol Patterns: A Prospective Study","Major life stress often produces a flat diurnal cortisol slope, an indicator of potential long-term health problems. Exposure to stress early in childhood or the accumulation of stress across the life span may be responsible for this pattern. However, the relative impact of life stress at different life stages on diurnal cortisol is unknown. Using a longitudinal sample of adults followed from birth, we examined three models of the effect of stress exposure on diurnal cortisol: the cumulative model, the biological-embedding model, and the sensitization model. As its name implies, the cumulative model focuses on cumulative life stress. In contrast, the biological-embedding model implicates early childhood stress, and the sensitization model posits that current life stress interacts with early life stress to produce flat diurnal cortisol slopes. Our analyses are consistent with the sensitization model, as they indicate that the combination of high stress exposure early in life and high current stress predict flat diurnal cortisol slopes. These novel findings advance understanding of diurnal cortisol patterns and point to avenues for intervention. © The Author(s) 2019."
7,0.791818181818182,2021,"Emotion, Stress, and Social Support","Too Stressed to Help? The Effects of Stress on Noticing Partner Needs and Enacting Support","Although couples’ support exchanges are especially important during times of stress, coping with stress often taxes individuals’ energy and resources and may render it more difficult for partners to provide support to one another. In a daily diary study of 121 married couples, we examined whether spouses’ chronic and daily non-marital stressors were associated with their capacity to accurately perceive their partner’s support needs and to provide support when needed. Consistent with the notion that stress may be linked to reduced perspective-taking, husbands experiencing greater chronic stress were less accurate in their assessments of their partner’s support needs across the diary days. Moreover, even when husbands did notice that their partner desired support, they were less likely to provide support if they were coping with their own stress that day. Thus, the findings highlight the multiple pathways through which stress can undermine support provision within relationships. © 2020 by the Society for Personality and Social Psychology, Inc."
7,0.788888888888889,2018,"Emotion, Stress, and Social Support","Perceptions of Romantic Partners' responsiveness during a period of stressful uncertainty","Whether awaiting biopsy results, a grade on a midterm, or a decision from a journal editor, people feel distressed as they wait for uncertain news. In the present study, we investigated how people's perceptions of their romantic partner, specifically their partner's responsiveness to their support needs, corresponds with key aspects of the waiting experience. In a longitudinal study of 184 law students awaiting their result on the California bar exam, we examined changes in perceived responsiveness over time and associations between perceived responsiveness and expectation management strategies, health, and well-being. Results revealed temporal patterns in perceived responsiveness, with the greatest responsiveness perceived at the start and end of the wait. Perceived responsiveness was also intertwined with efforts to manage one's expectations while awaiting uncertain news and was associated with more positive emotions, better subjective coping, and greater self-reported sleep quality during the wait. © 2018 American Psychological Association."
7,0.787195121951219,2020,"Emotion, Stress, and Social Support","Getting back to the ""new normal"": Autonomy restoration during a global pandemic","We investigate the psychological recovery process of full-time employees during the 2-week period at the onset of the Coronavirus pandemic (COVID-19). Past research suggests that recovery processes start after stressors abate and can take months or years to unfold. In contrast, we build on autonomy restoration theory to suggest that recovery of impaired autonomy starts immediately even as a stressor is ongoing. Using growth curve modeling, we examined the temporal trajectories of two manifestations of impaired autonomy-powerlessness and (lack of) authenticity-to test whether recovery began as the pandemic unfolded. We tested our predictions using a unique experience-sampling dataset collected over a 2-week period beginning on the Monday after COVID-19 was declared a ""global pandemic"" by the World Health Organization and a ""national emergency"" by the U.S. Government (March 16-27, 2020). Results suggest that autonomy restoration was activated even as the pandemic worsened. Employees reported decreasing powerlessness and increasing authenticity during this period, despite their subjective stress-levels not improving. Further, the trajectories of recovery for both powerlessness and authenticity were steeper for employees higher (vs. lower) in neuroticism, a personality characteristic central to stress reactions. Importantly, these patterns do not emerge in a second experience-sampling study collected prior to the COVID-19 crisis (September 9-20, 2019), highlighting how the pandemic initially threatened employee autonomy, but also how employees began to recover their sense of autonomy almost immediately. The present research provides novel insights into employee well-being during the COVID-19 pandemic and suggests that psychological recovery can begin during a stressful experience. © 2020 American Psychological Association."
7,0.785981308411215,2024,"Emotion, Stress, and Social Support","Mechanisms Linking Attachment Orientation to Sleep Quality in Married Couples","There is emerging evidence for links between relationship factors and sleep quality. Existing research linking attachment orientation to sleep quality has yielded inconsistent effects, has focused on younger samples, and has not considered underlying mechanisms of action. This research addressed these gaps in two studies that investigated the links between attachment orientation and sleep quality in both younger/middle-aged (Study 1) and older (Study 2) adult couples using Actor–Partner Interdependence Models. We also tested mediating effects of relationship-specific security and negative affect. In both studies, participants completed surveys assessing their attachment orientation, sleep quality, and the proposed mediators. Both studies revealed that relationship-specific security and negative affect mediated the negative association between insecure attachment and one’s own sleep quality. This research enhances our understanding of how attachment orientation affects sleep quality, provides a foundation for future research on relationship influences on sleep, and suggests avenues for improving sleep quality. © 2022 by the Society for Personality and Social Psychology, Inc."
7,0.785294117647059,2018,"Emotion, Stress, and Social Support","Attachment and Jealousy: Understanding the Dynamic Experience of Jealousy Using the Response Escalation Paradigm","Jealousy is a complex, dynamic experience that unfolds over time in relationship-threatening situations. Prior research has used retrospective reports that cannot disentangle initial levels and change in jealousy in response to escalating threat. In three studies, we examined responses to the Response Escalation Paradigm (REP)—a 5-stage hypothetical scenario in which individuals are exposed to increasing levels of relationship threat—as a function of attachment orientations. Highly anxious individuals exhibited hypervigilant, slow escalation response patterns, interfered earlier in the REP, felt more jealousy, sadness, and worry when they interfered, and wanted to engage in more vigilant, destructive, and passive behaviors aimed at their partner. Highly avoidant individuals felt more anger when they interfered in the REP and wanted to engage in more partner-focused, destructive behaviors. The REP offers a dynamic method for inducing and examining jealousy and introduces a novel approach to studying other emotional experiences. © 2018 by the Society for Personality and Social Psychology, Inc."
7,0.782352941176471,2025,"Emotion, Stress, and Social Support","“Not Now, I Am Too Stressed”: Stress and Physical Intimacy in Early Marriage","Stressful events can disrupt couples’ emotional connection, yet prior research is mixed regarding whether stress also disrupts couples’ physical intimacy. This study considered whether stress must reach a critical threshold before hindering couples’ sexual activity and physical affection (i.e., a curvilinear association). Couples (N = 144 couples plus four additional wives) completed two 14-day daily diary tasks during the early years of marriage. Multilevel modeling revealed a within-person curvilinear association between daily stress and sexual activity. Contrary to expectations, the likelihood of sexual activity declined as stress increased from low to moderate, then leveled off as stress continued to increase. For physical affection, a linear effect emerged. On days of greater stress, women, but not men, reported less affection. Further analyses suggested that women’s stress is more influential than men’s stress for couple’s physical intimacy. Findings highlight the nuanced ways in which stress is linked to a vital component of satisfying relationships. © 2024 by the Society for Personality and Social Psychology, Inc"
7,0.781707317073171,2023,"Emotion, Stress, and Social Support","Meaning in Life and Coping With Everyday Stressors","Meaning in life (MIL) has been proposed to improve coping and resilience. Yet MIL’s association with coping has primarily been investigated in the context of extreme stressors and trauma, often using varied measures of MIL. Is MIL associated with varied coping strategies, coping self-efficacy, and distress in relation to commonly experienced, everyday challenges? Using diverse methodological designs, five studies (total N = 1,646) investigated the association between MIL and coping strategies/appraisals pertaining to varied challenging, stressful events. Across recalled (Studies 1 and 2), anticipated (Study 3), and experienced stressors (Studies 3–5), MIL was consistently associated with positive reinterpretation, proactive planning, coping self-efficacy, and stress. MIL was inconsistently related to threat/emotion-coping. © 2022 by the Society for Personality and Social Psychology, Inc."
7,0.78,2024,"Emotion, Stress, and Social Support","Distances and Directions: An Emotional Journey Into the Recovery Process","Positive emotions stemming from leisure activities are often promoted as a way to achieve a state of recovery, in particular by counteracting negative emotions experienced throughout the workday. Yet the recovery literature frequently takes an undifferentiated view of both the positive emotions employees experience as well as the negative emotions employees are recovering from; This implicitly assumes that all positive emotions are equally effective in facilitating recovery from all negative emotions. Drawing from theory treating emotional movements as a metaphorical journey, we develop a framework for understanding recovery that highlights the importance of the distance and direction that individuals “travel” when moving from negative emotions to positive emotions during the recovery process. We argue that the negative emotions that people start with from work—that is, their emotional origin—as well as the positive emotions that people end with following leisure activities—that is, their emotional destination—jointly influence the state of being recovered. Across two studies using experience-sampling methodologies, we find that “shorter” journeys consisting of emotional destinations that match the activation level of emotional origins (e.g., experiencing high activation positive emotion [HAP] to counter high activation negative emotion) are effective in promoting recovery, while “longer” journeys consisting of mismatches (e.g., experiencing HAP to counter low activation negative emotion) are ineffective for recovery. © 2024 American Psychological Association. All Rights Reserved."
7,0.776363636363636,2020,"Emotion, Stress, and Social Support","Socioeconomic status and well-being during COVID-19: A resource-based examination.","The authors assess levels and within-person changes in psychological well-being (i.e., depressive symptoms and life satisfaction) from before to during the COVID-19 pandemic for individuals in the United States, in general and by socioeconomic status (SES). The data is from 2 surveys of 1,143 adults from RAND Corporation’s nationally representative American Life Panel, the first administered between April–June, 2019 and the second during the initial peak of the pandemic in the United States in April, 2020. Depressive symptoms during the pandemic were higher than population norms before the pandemic. Depressive symptoms increased from before to during COVID-19 and life satisfaction decreased. Individuals with higher education experienced a greater increase in depressive symptoms and a greater decrease in life satisfaction from before to during COVID-19 in comparison to those with lower education. Supplemental analysis illustrates that income had a curvilinear relationship with changes in well-being, such that individuals at the highest levels of income experienced a greater decrease in life satisfaction from before to during COVID-19 than individuals with lower levels of income. We draw on conservation of resources theory and the theory of fundamental social causes to examine four key mechanisms (perceived financial resources, perceived control, interpersonal resources, and COVID-19-related knowledge/news consumption) underlying the relationship between SES and well-being during COVID-19. These resources explained changes in well-being for the sample as a whole but did not provide insight into why individuals of higher education experienced a greater decline in well-being from before to during COVID-19. (PsycInfo Database Record (c) 2020 APA, all rights reserved) © 2020 American Psychological Association"
7,0.775675675675676,2017,"Emotion, Stress, and Social Support","The Influence of Daily Coping on Anxiety Under Examination Stress: A Model of Interindividual Differences in Intraindividual Change","Although much is known about people’s attempts to cope with stressors, unmeasured heterogeneity in these stressors has made it difficult to assess the effectiveness of coping attempts. We remedied this problem by focusing on coping effectiveness in people preparing for a major, planned, uniform stressor, the Bar Examination. Within-person analyses of longitudinal data on anxiety in 321 persons over 35 days provided evidence on (a) coping effectiveness for the typical person, (b) how effectiveness changed across time, and (c) the extent to which individuals differed in their effectiveness. For the typical person, active coping and positive reinterpretation on one day were associated with reduced anxiety the next morning, whereas practical support seeking, venting, and mental disengagement were associated with increased anxiety. The effectiveness of planning, acceptance, and disengagement varied as a function of time to the stressful event. Finally, there were large individual differences in coping effectiveness across the sample. © 2017, © 2017 by the Society for Personality and Social Psychology, Inc."
7,0.77280701754386,2017,"Emotion, Stress, and Social Support","Humor Use Moderates the Relation of Stressful Life Events With Psychological Distress","Three studies examined humor and adjustment to stressful events. In Study 1, patients with fibromyalgia syndrome (N = 22) reported on mental and physical adjustment, social interaction, and reappraisal of their illness. Dispositional humor was associated with reduced distress and fewer physical symptoms. Study 2 (N = 109) examined undergraduates’ reports of stressful events. Dispositional, self-enhancing, affiliative, and self-defeating humor showed direct effects on distress, which were mediated by social interaction and reappraisal. Moreover, dispositional and aggressive humor showed stress-buffering effects. Study 3 (N = 105) examined undergraduates’ adjustment to the September 11, 2001, attacks at 1 and 3 months postattack. At T1, affiliative humor showed a stress-buffering effect on distress. Social interaction mediated the relation of self-enhancing humor with reduced T1 distress, and mediated relations of aggressive and self-defeating humor with greater distress. Relations of T1 dispositional and self-defeating humor to changes in T2 distress were mediated by reappraisal. © 2017, © 2017 by the Society for Personality and Social Psychology, Inc."
7,0.771,2016,"Emotion, Stress, and Social Support","Perceived Acceptance From Outsiders Shapes Security in Romantic Relationships: The Overgeneralization of Extradyadic Experiences","Romantic relationships unfold in the context of people’s other interpersonal relationships, and processes that occur in those other relationships have been shown to affect the functioning of romantic relationships. In accordance with this perspective, two dyadic daily report studies demonstrated that people generalize experiences of interpersonal acceptance and rejection from other people onto their romantic partners. Participants felt more confident that they were valued by their romantic partners on days they experienced acceptance, relative to rejection, from outsiders. In addition, this overgeneralization of daily extradyadic acceptance and rejection had prospective effects on romantic relationship security the following day, was independent of the romantic partner’s actual relationship evaluations on each day, was partially mediated by daily self-esteem, and predicted daily enactment of prosocial and antisocial behaviors toward romantic partners. These results suggest that overgeneralization of daily acceptance and rejection from outsiders shapes the functioning of romantic relationships. © 2016, © 2016 by the Society for Personality and Social Psychology, Inc."
7,0.768023255813953,2018,"Emotion, Stress, and Social Support","The psychological health benefits of accepting negative emotions and thoughts: Laboratory, diary, and longitudinal evidence","Individuals differ in the degree to which they tend to habitually accept their emotions and thoughts without judging them-a process here referred to as habitual acceptance. Acceptance has been linked with greater psychological health, which we propose may be due to the role acceptance plays in negative emotional responses to stressors: acceptance helps keep individuals from reacting to-and thus exacerbating-their negative mental experiences. Over time, experiencing lower negative emotion should promote psychological health. To test these hypotheses, Study 1 (N = 1,003) verified that habitually accepting mental experiences broadly predicted psychological health (psychological well-being, life satisfaction, and depressive and anxiety symptoms), even when controlling for potentially related constructs (reappraisal, rumination, and other mindfulness facets including observing, describing, acting with awareness, and nonreactivity). Next, in a laboratory study (Study 2, N = 156), habitual acceptance predicted lower negative (but not positive) emotional responses to a standardized stressor. Finally, in a longitudinal design (Study 3, N = 222), acceptance predicted lower negative (but not positive) emotion experienced during daily stressors that, in turn, accounted for the link between acceptance and psychological health 6 months later. This link between acceptance and psychological health was unique to accepting mental experiences and was not observed for accepting situations. Additionally, we ruled out potential confounding effects of gender, ethnicity, socioeconomic status, and life stress severity. Overall, these results suggest that individuals who accept rather than judge their mental experiences may attain better psychological health, in part because acceptance helps them experience less negative emotion in response to stressors. © 2018 American Psychological Association."
7,0.767289719626168,2025,"Emotion, Stress, and Social Support","Positive well-being and dampened emotional reactivity to daily family conflict and family cohesion","Conflict and a lack of cohesive daily family relationships can negatively affect adolescent adjustment, although adolescents differ in how they respond (i.e., their emotional reactivity) to these daily experiences. The present study assessed whether adolescents' well-being (i.e., life satisfaction, purpose) was associated with dampened emotional reactivity to daily variability in family conflict and cohesion. Adolescents (N = 150; MAge = 14.60, SD = 0.83; 61.3% female; 83.4% white) completed a questionnaire regarding well-being and reported family conflict, cohesion, and negative emotion for 21 days between August 2015 and November 2016. Greater life satisfaction was related to dampened negative emotional reactivity to daily conflict, whereas greater purpose was related to dampened negative emotional reactivity to changes in daily family cohesion. Well-being may foster resilience in adolescents' day-to-day emotional processes. © 2024 The Author(s). Child Development published by Wiley Periodicals LLC on behalf of Society for Research in Child Development."
7,0.763978494623656,2022,"Emotion, Stress, and Social Support","New Parental Positivity: The Role of Positive Emotions in Promoting Relational Adjustment During the Transition to Parenthood","The transition to parenthood can be a challenging time for new parent couples, as a baby comes with changes and stress that can negatively influence new parents’ relational functioning in the form of reduced relationship satisfaction and disrupted partner social support. Yet, the transition to parenthood is also often experienced as a joyous time. In this research, we draw on the broaden-and-build theory of positive emotions to suggest that new parents’ positive emotions are not merely an enjoyable distraction, but are instead central to their relational adjustment. Specifically, we hypothesized that new parents who experienced greater positive emotions would report enhanced relationship satisfaction and partner social support across time. To test these ideas, we drew on two dyadic and longitudinal studies of new parents. In Study 1, 104 couples (208 individuals) completed surveys across the course of 1 year, and in Study 2, 192 couples (384 individuals) completed surveys and a laboratory-based social support interaction over the course of 2 years. At each wave of data collection, participants completed assessments of positive emotions, relationship satisfaction, and partner social support. We examined how actor and partner positive emotions longitudinally predicted relational adjustment across time. Results demonstrated that, even when controlling for baseline levels of each outcome variable, greater actor reports of positive emotions prospectively predicted greater subsequent actor (a) relationship satisfaction, (b) perceptions of social support from the partner, and (c) enacted social support as rated by independent observers, a pattern that was especially prominent for fathers. These results suggest positive emotions may be a resource that fosters healthy relational adjustment during chronically stressful periods that threaten intimate relationships, including during the transition to parenthood. © 2021. American Psychological Association"
7,0.763917525773196,2021,"Emotion, Stress, and Social Support","Experiencing a Natural Disaster Temporarily Boosts Relationship Satisfaction in Newlywed Couples","How do natural disasters affect intimate relationships? Some research suggests that couples are brought closer together after a disaster, whereas other research suggests that relationships become more strained in the aftermath. Yet all of this work is limited by a lack of predisaster data that would allow for examination of how relationships actually change. The current study is the first to use longitudinal data collected before and after a natural disaster to examine its effect on relationship outcomes. Using a sample of 231 married couples in Harris County, Texas, who experienced Hurricane Harvey, we found that spouses experienced significant increases in satisfaction from before to after the hurricane, but the increase was temporary; couples decreased in satisfaction after the initial boost. Thus, couples appear to grow closer in the immediate aftermath of a natural disaster but then revert to their prehurricane levels of functioning as the recovery period continues. © The Author(s) 2021."
7,0.763583815028902,2022,"Emotion, Stress, and Social Support","Enjoying the Sweet Moments: Does Approach Motivation Upwardly Enhance Reactivity to Positive Interpersonal Processes?","In intimate relationships, greater social approach motivation is associated with a host of personal and relational benefits. Why is this the case? Although previous research suggests approach motivation primarily influences relational outcomes via increased exposure to positive relational events, in this research, based on approach–avoidance motivational theory, we revive the upward reactivity hypothesis, which suggests approach motivation upwardly enhances people’s affective and relational experiences in response to positive social events. Specifically, we hypothesized that people with greater social approach motivation would react more positively to positively valenced interactions with their partner, and that this would occur even when accounting for their global levels of key outcomes. We tested these ideas across three studies. In all three studies, couples first reported their approach motivation toward the relationship, then engaged in a gratitude interaction. In Study 3, participants additionally engaged in a capitalization interaction, and provided nightly reports of positive relational events across the course of 14 days. We found robust support for the upward reactivity hypothesis: In lab-based interactions and in daily life, individuals with greater approach motivation reported enhanced outcomes in response to positive social events. We also found support for upward observability: When individuals were high in approach motivation, their partners observed them as experiencing greater positive emotion during the laboratory interactions. Moreover, we found evidence for upward crossover, as the upward reactivity experienced by people with greater approach motivation indirectly predicted enhanced partner outcomes. These results provide suggestive evidence that approach motivation can make already good relational moments extra sweet. © 2020. American Psychological Association"
7,0.761267605633803,2023,"Emotion, Stress, and Social Support","Testing the Canalization Hypothesis of Attachment Theory: Examining Within-Subject Variation in Attachment Security","According to the canalization hypothesis of attachment theory (Bowlby, 1973), people’s trajectories of attachment security should become increasingly stable and buffered against external pressures as their relationships progress. The present study aimed to examine this hypothesis within the context of romantic relationships. We analyzed longitudinal data collected from 1,741 adults who completed between three and 24 survey assessments (average number of waves analyzed = 6.79, SD = 5.31; median test–retest interval = 35 days). We modeled participants’ within-person fluctuations in partner-specific security as a function of their romantic relationship length. Additionally, we examined whether attachment-related events (e.g., conflict with one’s partner) predict greater within-person fluctuations in security among people involved in newer versus more established romantic relationships. Our results suggest that people in newer romantic relationships demonstrated greater fluctuations in partner-specific attachment anxiety—both generally and in reaction to attachment-related events—compared to those in well-established romantic relationships. However, neither of these trends was observed for partner-specific attachment avoidance. These results provide partial support for the canalization hypothesis but also suggest that canalization processes may be more nuanced than previously assumed. © 2023 American Psychological Association"
7,0.76046511627907,2017,"Emotion, Stress, and Social Support","Daily Spousal Responsiveness Predicts Longer-Term Trajectories of Patients’ Physical Function","Everyday interpersonal experiences may underlie the well-established link between close relationships and physical health, but multiple-timescale designs necessary for strong conclusions about temporal sequence are rarely used. The current study of 145 patients with knee osteoarthritis and their spouses focused on a novel pattern in everyday interactions, daily spousal responsiveness—the degree to which spouses’ responses are calibrated to changes in patients’ everyday verbal expression of pain. Using couple-level slopes, multilevel latent-variable growth models tested associations between three types of daily spousal responsiveness (empathic, solicitous, and punishing responsiveness), as measured during a 3-week experience-sampling study, and change in patients’ physical function across 18 months. As predicted, patients whose spouses were more empathically responsive to their pain expression showed better physical function over time compared with those whose spouses were less empathically responsive. This study points to daily responsiveness, a theoretically rooted operationalization of spousal sensitivity, as important for long-term changes in patients’ objective physical function. © 2017, © The Author(s) 2017."
7,0.7528,2025,"Emotion, Stress, and Social Support","Dating in Later Life: Do the Advantages of Age Depend on the Relational Context?","Dating in later life is increasingly prevalent, yet research on older adults’ experiences within their newly formed relationships is scarce. Although older adults are often more adept in minimizing their reactivity when relational tensions arise, integrating insights from theories of aging and relationship development suggests that older adults’ advantage over younger adults may diminish, or even reverse, when examining reactivity in newly formed dating relationships. Married and dating couples (N = 282; aged 30–88) completed a 21-day daily diary task. Multilevel modeling was used to estimate individuals’ negative affect, physical health symptoms, and relationship satisfaction on days of greater tension with a partner. Age was not associated with reactivity among married couples. Among dating couples, age was associated with emotional reactivity (women only) and physical reactivity, but not relational reactivity, such that older individuals experienced greater increases in emotional distress and physical health problems on higher tension days compared to younger individuals. © The Author(s) 2025."
8,0.994705882352941,2022,"Social Behavior, Moral Judgment, and Decision-Making","“Just Letting You Know… ” Underestimating Others’ Desire for Constructive Feedback","People sometimes avoid giving feedback to others even when it would help fix others’ problems. For example, only 2.6% of individuals in a pilot field study provided feedback to a survey administrator who had food or lipstick on their face. Five experiments (N = 1,984) identify a possible reason for the lack of feedback: People underestimate how much others want to receive constructive feedback. Initial experiments demonstrated this underestimation of others’ desire for feedback in hypothetical scenarios (Experiment 1), recalled feedback experiences (Experiment 2), and real-time feedback among friends (Experiment 3). We further examine how people ascertain others’ desire for feedback, testing how much they consider the potential consequences of feedback for themselves (e.g., discomfort giving feedback or harm to their relationship with the receiver) or the receiver (e.g., discomfort receiving feedback or value from feedback). While we found evidence that people consider both types of consequences, people particularly underestimated how much receivers value their feedback, a mechanism not extensively tested in prior research. Specifically, in Experiment 4, two interventions—making feedback-givers consider receivers’ perspectives (enhancing consideration of receivers’ consequences) or imagine someone else providing feedback (reducing consideration of givers’ consequences)— both improved givers’ recognition of others’ desire for feedback compared to no intervention, but the perspective-taking intervention was most effective. Finally, Experiment 5 demonstrates the underestimation during a financially incentivized public-speaking contest and shows that giving less constructive feedback resulted in less improvement in feedback-receivers’ performances. Overall, people consistently underestimate others’ desire for feedback, with potentially negative consequences for feedback-receivers’ outcomes. © 2022 American Psychological Association"
8,0.994444444444444,2024,"Social Behavior, Moral Judgment, and Decision-Making","Ignorance Can Be Trustworthy: The Effect of Social Self-Awareness on Trust","Much research has found self-awareness to be associated with positive qualities, but we explore cases in which self-awareness sends a negative signal to others. Specifically, we propose that when a target person appears to be high in social self-awareness—that is, the person seems to accurately know what others think of them—observers infer that the target’s actions are more intentional because the target is acting while seeming to know what others think of their actions. Because perceived intent is the key input to trust judgments, perceived self-awareness impacts observers’ trust toward the target but does so differently depending on whether the target behaves in ways that positively or negatively impact others. When the target behaves in positive ways, exhibiting high (relative to low) self-awareness should increase trust as the positive behaviors will be interpreted as conveying stronger positive intentions toward others. However, for negative behaviors, exhibiting self-awareness should decrease trust, as it should convey stronger negative intent toward others. Across six studies (N = 4,707) using online experiments, a recall study paradigm, and live interactions in a laboratory setting, we find support for this framework. We also show that when we constrain the extent to which people can infer a target’s intentions toward others from their behaviors—by reducing the target’s control over their own behavior or by reducing the impact of the target’s actions on others—the effect of self-awareness on trust attenuates. Our findings suggest that self-awareness, though often considered a desirable quality, does not universally increase others’ trust. © 2024 American Psychological Association"
8,0.994303797468354,2020,"Social Behavior, Moral Judgment, and Decision-Making","Signaling when no one is watching: A reputation heuristics account of outrage and punishment in one-shot anonymous interactions","Moralistic punishment can confer reputation benefits by signaling trustworthiness to observers. However, why do people punish even when nobody is watching? We argue that people often rely on the heuristic that reputation is typically at stake, such that reputation concerns can shape moralistic outrage and punishment even in one-shot anonymous interactions. We then support this account using data from Amazon Mechanical Turk. In anonymous experiments, subjects (total n = 8,440) report more outrage in response to others' selfishness when they cannot signal their trustworthiness through direct prosociality (sharing with a third party)-such that if the interaction were not anonymous, punishment would have greater signaling value. Furthermore, mediation analyses suggest that sharing opportunities reduce outrage by influencing reputation concerns. Additionally, anonymous experiments measuring costly punishment (total n = 6,076) show the same pattern: subjects punish more when sharing is not possible. Moreover, and importantly, moderation analyses provide some evidence that sharing opportunities do not merely reduce outrage and punishment by inducing empathy toward selfishness or hypocrisy aversion among non-sharers. Finally, we support the specific role of heuristics by investigating individual differences in deliberateness. Less deliberative individuals (who typically rely more on heuristics) are more sensitive to sharing opportunities in our anonymous punishment experiments, but, critically, not in punishment experiments where reputation is at stake (total n = 3,422); and not in our anonymous outrage experiments (where condemning is costless). Together, our results suggest that when nobody is watching, reputation cues nonetheless can shape outrage and-among individuals who rely on heuristics-costly punishment. © 2019 American Psychological Association."
8,0.9928,2022,"Social Behavior, Moral Judgment, and Decision-Making","The Surprise of Reaching Out: Appreciated More Than We Think","People are fundamentally social beings and enjoy connecting with others. Sometimes, people reach out to others—whether simply to check-in on how others are doing with brief messages or to show that they are thinking of others by sending small gifts to them. Yet, despite the importance and enjoyment of social connection, do people accurately understand how much other people value being reached out to by someone in their social circle? Across a series of preregistered experiments, we document a robust underestimation of how much other people appreciate being reached out to. We find evidence compatible with an account wherein one reason this underestimation of appreciation occurs is because responders (vs. initiators) are more focused on their feelings of surprise at being reached out to. A focus on feelings of surprise in turn predicts greater appreciation. We further identify process-consistent moderators of the underestimation of reach-out appreciation, finding that it is magnified when the reach-out context is more surprising: when it occurs within a surprising (vs. unsurprising) context for the recipient and when it occurs between more socially distant (vs. socially close) others. Altogether, this research thus identifies when and why we underestimate how much other people appreciate us reaching out to them, implicating a heightened focus on feelings of surprise as one underlying explanation. © 2022 American Psychological Association"
8,0.992682926829268,2023,"Social Behavior, Moral Judgment, and Decision-Making","Reminders Undermine Impressions of Genuine Gratitude","While reminders can help by encouraging prosocial behaviors, we propose that they can also hurt. Across 10 studies, most of which focus on reminders to express gratitude, we find that reminders interfere with impressions of genuine prosociality. Whether people are reminded subtly (Studies 1a and 6–8) or blatantly (Studies 2–5) to express gratitude, the reminder is perceived to put social pressure on the potential thanker, making reminded thankers seem less genuine and less likable than spontaneous thankers. This is true from the perspective of both a third-party observer (Studies 1a and 2–7) and the receiver of thanks (Study 4), regardless of whether the judgments are about hypothetical (Studies 1a, 2–3, and 6–7) or real behavior (Studies 4–5). We find that this phenomenon can have material consequences: Receivers of gratitude expressions allocated a larger proportion of bonus money to a spontaneous thanker compared to a reminded thanker (Study 5). We also find that to overcome the decrement in their perceived genuineness, reminded thankers must engage in costly signaling by thanking more elaborately (Study 7), and reminded thankers spontaneously do this (Study 8). Overall, while reminding people to engage in prosocial actions may encourage laudable behavior (Study 6), our findings suggest that doing so may also undermine the actor’s perceived genuineness, leading to material consequences and raising the bar for what is required to signal sincerity. © 2023 American Psychological Association"
8,0.992682926829268,2021,"Social Behavior, Moral Judgment, and Decision-Making","Insufficiently Complimentary?: Underestimating the Positive Impact of Compliments Creates a Barrier to Expressing Them","Compliments increase the well-being of both expressers and recipients, yet in a series of surveys people report giving fewer compliments than they should give, or would like to give. Nine experiments suggest that a reluctance to express genuine compliments partly stems from underestimating the positive impact that compliments will have on recipients. Participants wrote genuine compliments and then predicted how happy and awkward those compliments would make recipients feel. Expressers consistently underestimated how positive recipients would feel but overestimated how awkward recipients would feel (Experiments 1–3, S4). These miscalibrated expectations are driven partly by perspective gaps in which expressers underestimate how competent—and to a lesser extent how warm—their compliments will be perceived by recipients (Experiments 1–3). Because people’s interest in expressing compliments is partly driven by their expectations of the recipient’s reaction, undervaluing compliments creates a barrier to expressing them (Supplemental Experiments S2, S3, S4). As a result, directing people to focus on the warmth conveyed by their compliments (Experiment 4) increased interest in expressing them. We believe these findings may reflect a more general tendency for people to underestimate the positive impact of prosocial actions on others, leading people to be less prosocial than would be optimal for both their own and others’ well-being. © 2021 American Psychological Association"
8,0.990816326530612,2017,"Social Behavior, Moral Judgment, and Decision-Making","Less Evil Than You: Bounded Self-Righteousness in Character Inferences, Emotional Reactions, and Behavioral Extremes","Recent research suggests that self-righteousness is bounded, arising more reliably in evaluations of immoral actions than in evaluations of moral actions. Here, we test four implications of this asymmetry in self-righteousness and the mechanism explaining it. We find that people are less likely to make negative character inferences from their own unethical behavior than from others’ unethical behavior (Experiment 1), believe they would feel worse after an unethical action than others (Experiment 2), and believe they are less capable of extreme unethical behavior than others (Experiment 3). We observe weaker self–other differences in evaluations of ethical actions. This occurs partly because people base evaluations of themselves on their own moral intentions, leading to predictable individual differences. People more likely to ascribe cynical motives to their own behavior exhibit a smaller asymmetry in self-righteousness (Experiment 4). Self-righteousness seems better characterized as feeling “less evil than thou” than feeling “holier than thou.”. © 2017, © 2017 by the Society for Personality and Social Psychology, Inc."
8,0.990425531914894,2017,"Social Behavior, Moral Judgment, and Decision-Making","Why Do We Hate Hypocrites? Evidence for a Theory of False Signaling","Why do people judge hypocrites, who condemn immoral behaviors that they in fact engage in, so negatively? We propose that hypocrites are disliked because their condemnation sends a false signal about their personal conduct, deceptively suggesting that they behave morally. We show that verbal condemnation signals moral goodness (Study 1) and does so even more convincingly than directly stating that one behaves morally (Study 2). We then demonstrate that people judge hypocrites negatively—even more negatively than people who directly make false statements about their morality (Study 3). Finally, we show that “honest” hypocrites—who avoid false signaling by admitting to committing the condemned transgression—are not perceived negatively even though their actions contradict their stated values (Study 4). Critically, the same is not true of hypocrites who engage in false signaling but admit to unrelated transgressions (Study 5). Together, our results support a false-signaling theory of hypocrisy. © 2017, © The Author(s) 2017."
8,0.990425531914894,2017,"Social Behavior, Moral Judgment, and Decision-Making","Half a Gift Is Not Half-Hearted: A Giver–Receiver Asymmetry in the Thoughtfulness of Partial Gifts","Four studies document an asymmetry in givers’ and receivers’ evaluations of gifts: Givers underestimate the extent to which receivers perceive partial (but more desirable) gifts to be thoughtful, valuable, and worthy of appreciation. Study 1 documents this asymmetry and suggests that givers underestimate the extent to which partial gifts signal thoughtfulness to receivers. Study 2 replicates this asymmetry in the context of a real gift exchange among friends. Study 3 shows that this asymmetry arises because givers believe that purchasing partial gifts is a greater violation of gift-giving norms than do receivers, leading givers to expect that partial gifts will damage receivers’ perceptions of a gift’s value. Study 4 offers an intervention that induces givers to select the (partial) gifts that receivers prefer more than givers expect: framing a gift’s separate components as complete units. © 2017, © 2017 by the Society for Personality and Social Psychology, Inc."
8,0.990322580645161,2025,"Social Behavior, Moral Judgment, and Decision-Making","Does Maximizing Good Make People Look Bad?","Despite the potential to significantly increase the impact of donations, people often fail to prioritize the cost-effectiveness of charities. This paper examines an explanation for why people may donate less effectively due to reputational concerns that favor empathizing with donation recipients rather than deliberating about the cost-effectiveness of charities. Across seven studies, we find that “deliberators” are perceived as less moral and less desirable as social partners than “empathizers.” Moreover, people accurately anticipate the reputational costs of deliberation and are more likely to donate to causes that evoke more empathy but are less cost-effective when reputational concerns are highlighted. Our findings suggest that there are disincentives for selecting charities by deliberating about their cost-effectiveness, as people are more rewarded for signaling socially valued moral traits than for prioritizing charitable impact. © 2025 by the Society for Personality and Social Psychology, Inc"
8,0.990217391304348,2016,"Social Behavior, Moral Judgment, and Decision-Making","Pleasure From Another’s Pain: The Influence of a Target’s Hedonic States on Attributions of Immorality and Evil","Can people’s feelings about harm (i.e., their hedonic reactions) lead them to be morally condemned, even if they do not cause the harm themselves? We show that individuals who experience pleasure at serious harm that has befallen another person are judged both immoral and evil. This effect occurs for harm-causing actors, and for observers who play no role in causing the harm; actors can also be judged as immoral and evil when they experience mere indifference (Study 1). Observers are more likely to be similarly judged when they experience direct rather than indirect pleasure from harm caused to another (Study 2). The effects of pleasure are dissociable from those of malevolent desires (Study 3). Targets’ experience of pleasure at the harm caused to another person leads to the social exclusion of observers (Studies 1-3) and the harsh punishment of actors, including the death penalty (Studies 1, 4a, and 4b). © 2016 by the Society for Personality and Social Psychology, Inc."
8,0.99,2020,"Social Behavior, Moral Judgment, and Decision-Making","The social costs of forgiving following multiple-victim transgressions","A single transgressor sometimes harms more than just 1 victim. We examine a previously undocumented social cost of forgiving following these multiple-victim transgressions. We find that nonforgiving victims believe that other victims who forgive the common transgressor make their decisions to withhold forgiveness appear ungenerous. Faced with this threat, nonforgiving victims report that other forgiving (vs. nonforgiving) victims have overclaimed their standing to forgive the common transgressor and consequently perceive these forgiving victims as demonstrating a lack of benevolence toward them. Nonforgiving victims also perceive forgiving victims to have relatively little integrity. We test these social costs of forgiving in the field and in the lab across 7 studies plus a meta-analysis of 5 of those studies. We also identify 1 route by which forgiving victims can attenuate the social costs they face: they can affirm other victims' decisions to withhold forgiveness. © 2019 American Psychological Association."
8,0.98953488372093,2017,"Social Behavior, Moral Judgment, and Decision-Making","Truth or Punishment: Secrecy and Punishing the Self","We live in a world that values justice; when a crime is committed, just punishment is expected to follow. Keeping one’s misdeed secret therefore appears to be a strategic way to avoid (just) consequences. Yet, people may engage in self-punishment to right their own wrongs to balance their personal sense of justice. Thus, those who seek an escape from justice by keeping secrets may in fact end up serving that same justice on themselves (through self-punishment). Six studies demonstrate that thinking about secret (vs. confessed) misdeeds leads to increased self-punishment (increased denial of pleasure and seeking of pain). These effects were mediated by the feeling one deserved to be punished, moderated by the significance of the secret, and were observed for both self-reported and behavioral measures of self-punishment. © 2017, © 2017 by the Society for Personality and Social Psychology, Inc."
8,0.988484848484848,2024,"Social Behavior, Moral Judgment, and Decision-Making","People Update Their Injunctive Norm and Moral Beliefs After Receiving Descriptive Norm Information","How do descriptive norms shape injunctive norm beliefs, and what does this tell us about the cognitive processes underlying social norm cognition? Across six studies (N = 2,671), we examined whether people update their injunctive norm beliefs—as well as their moral judgments and behavioral intentions—after receiving descriptive norm information about how common (or uncommon) a behavior is. Specifically, we manipulated the descriptive normativity of behaviors, describing behaviors as uncommon (20% of people were doing the behavior) or common (80% of people were doing the behavior), and the type of behavior across studies (fairness, conventional, harm, preference). To measure belief updating, we assessed beliefs prior to and after receiving information about the descriptive norm. We had three main findings: First, participants positively updated their prior injunctive norm beliefs, moral judgments, and behavioral intentions (i.e., rated behaviors more injunctively normative and moral) after receiving a common descriptive norm and negatively updated their beliefs (i.e., rated behaviors less injunctive and moral) after receiving an uncommon descriptive norm, and updated to a larger extent for the common than uncommon descriptive norm. Second, participants were more likely to update their beliefs about what is moral for others compared to what is moral for the self. Third, participants updated their beliefs to a greater extent for fairness and conventional behaviors compared to harm behaviors and preferences. Together, our findings suggest that descriptive norms shape our injunctive norm beliefs and moral judgments and help to paint a fuller picture of the social cognition of social norms. © 2024 American Psychological Association"
8,0.983333333333333,2024,"Social Behavior, Moral Judgment, and Decision-Making","Going Beyond the “Self” in Self-Control: Interpersonal Consequences of Commitment Strategies","Commitment strategies are effective mechanisms individuals can use to overcome self-control problems. Across seven studies (and two supplemental studies), we explore the negative interpersonal consequences of commitment strategy choice and use. In Study 1, using an incentivized trust game, we demonstrate that individuals trust people who choose to use a commitment strategy less than those who choose to use willpower to achieve their goals. Study 2 shows this relationship holds across four domains and for integrity-based trust in particular. Study 3 provides evidence that it is the choice to use the strategy rather than strategy use itself that incurs this integrity penalty. In Studies 4–5b, we demonstrate that this effect is driven, at least in part, by the fact that people infer past performance from strategy choice. Finally, Study 6 provides evidence that people select commitment strategies more in private than in public, which is consistent with the notion that people anticipate the negative consequences of commitment strategy choice. Thus, we establish the role of willpower as a positive signal in impression formation as well as the negative interpersonal consequences of choosing to rely on external aides when faced with temptation. © 2024 American Psychological Association"
8,0.982242990654206,2022,"Social Behavior, Moral Judgment, and Decision-Making","Biased Benevolence: The Perceived Morality of Effective Altruism Across Social Distance","Is altruism always morally good, or is the morality of altruism fundamentally shaped by the social opportunity costs that often accompany helping decisions? Across four studies, we reveal that in cases of realistic tradeoffs in social distance for gains in welfare where helping socially distant others necessitates not helping socially closer others with the same resources, helping is deemed as less morally acceptable. Making helping decisions at a cost to socially closer others also negatively affects judgments of relationship quality (Study 2) and in turn, decreases cooperative behavior with the helper (Study 3). Ruling out an alternative explanation of physical distance accounting for the effects in Studies 1 to 3, social distance continued to impact moral acceptability when physical distance across social targets was matched (Study 4). These findings reveal that attempts to decrease biases in helping may have previously unconsidered consequences for moral judgments, relationships, and cooperation. © 2021 by the Society for Personality and Social Psychology, Inc."
8,0.981904761904762,2021,"Social Behavior, Moral Judgment, and Decision-Making","Benevolent Conformity: The Influence of Perceived Motives on Judgments of Conformity","Although people often disapprove of conformity, they also dislike when others deviate from group norms. What explains this ambivalence? We hypothesized that judgments of conformity would be affected by whether people view it as motivated by self-interested or benevolent motives. Four studies (N = 808), using both hypothetical and real-life instances of conformity, support this prediction. We find that people judge those who conform to gain social approval (self-interested conformity) as weak-willed, but those who conform out of concern for their group (benevolent conformity) as competent and possessing strong character. In addition, we predict and find that people view self-interested conformity as “fake” but benevolent conformity as revealing one’s true self. Finally, we show that differences in perceived intentions explain how people sustain positive self-regard while succumbing to group pressures and why people judge their own conformity more favorably than others’ conformity. We discuss implications for encouraging and discouraging conformity. © 2020 by the Society for Personality and Social Psychology, Inc."
8,0.978651685393258,2016,"Social Behavior, Moral Judgment, and Decision-Making","Agreement Attraction and Impasse Aversion: Reasons for Selecting a Poor Deal Over No Deal at All","In the present studies, we examined the positive value of agreement and the negative value of impasse. Participants chose to give up real value and sacrifice economic efficiency in order to attain an agreement outcome and avoid an impasse outcome. A personally disadvantageous option was selected significantly more often when it was labeled “Agreement” rather than “Option A,” and a personally advantageous option was avoided significantly more often when it was labeled “Impasse” rather than “Option B.” In a face-to-face negotiation, a substantial proportion of individuals reached an agreement that was inferior to their best alternative to agreement. We showed that the appeal of agreement and the aversion to impasse both contribute to this effect, yet the aversion to impasse is the stronger of the two motivations. These findings have important implications for negotiators. © The Author(s) 2016."
8,0.978651685393258,2023,"Social Behavior, Moral Judgment, and Decision-Making","Authentic for Thee But Not for Me: Perceived Authenticity in Self-Control Conflicts","Is self-control authentic? Across several hypothetical scenarios, participants perceived impulsive actions as more authentic for others (Study 1a) but self-control as more authentic for themselves (Study 1b). Study 2 partially replicated this asymmetry. Study 3 accounted for behavior positivity because self-control was typically the more positive action in the previous studies. Study 4 minimized the influence of positivity by framing the same behaviors as either impulsive or controlled; impulsive actions were deemed more authentic than self-control, but only for other people. An internal meta-analysis controlling for behavior positivity revealed that (a) more positive behaviors are more authentic, and (b) impulsive actions are more authentic than self-controlled actions, especially for others. This actor–observer asymmetry suggests that, even in the face of a strong tendency to perceive positive actions as authentic, there exists a competing tendency to view others’ impulsive actions as more authentic than self-control. © 2022 by the Society for Personality and Social Psychology, Inc."
8,0.975833333333333,2022,"Social Behavior, Moral Judgment, and Decision-Making","Surprisingly Happy to Have Helped: Underestimating Prosociality Creates a Misplaced Barrier to Asking for Help","Performing acts of kindness increases well-being, yet people can be reluctant to ask for help that would enable others’ kindness. We suggest that people may be overly reluctant because of miscalibrated expectations about others’ prosocial motivation, underestimating how positively others will feel when asked for help. A pretest identified that interest in asking for help was correlated with expectations of how helpers would think and feel, but a series of scenarios, recalled experiences, and live interactions among adult participants in the United States (total N = 2,118) indicated that those needing help consistently underestimated others’ willingness to help, underestimated how positively helpers would feel, and overestimated how inconvenienced helpers would feel. These miscalibrated expectations stemmed from underestimating helpers’ prosocial motivation while overestimating compliance motivation. This research highlights a limitation of construing help-seeking through a lens of compliance by scholars and laypeople alike. Undervaluing prosociality could create a misplaced barrier to asking for help when needed. © The Author(s) 2022."
8,0.975833333333333,2022,"Social Behavior, Moral Judgment, and Decision-Making","Strategically Overconfident (To a Fault): How Self-Promotion Motivates Advisor Confidence","Unlike judgments made in private, advice contexts invoke strategic social concerns that might increase overconfidence in advice. Many scholars have assumed that overconfident advice emerges as an adaptive response to advice seekers’ preference for confident advice and failure to punish overconfidence. However, another possibility is that advisors robustly display overconfidence as a self-promotion tactic—even when it is punished by others. Across four experiments and a survey of advice professionals, the current research finds support for this account. First, it shows that advisors express more overconfidence than private decision-makers. This pattern held even after advice recipients punished advisors for their overconfidence. Second, it identifies the underlying motivations of advisors’ overconfidence. Advisors’ overconfidence was not driven by self-deception or a sincere desire to be helpful. Instead, it reflected strategic self-promotion. Relative to the overconfidence revealed by their private beliefs, advisors purposely increased their overconfidence while broadcasting judgments when (a) it was salient that others would assess their competence and (b) looking competent served their self-interest. © 2021 American Psychological Association"
8,0.974336283185841,2016,"Social Behavior, Moral Judgment, and Decision-Making","An Intention-Based Account of Perspective-Taking: Why Perspective-Taking Can Both Decrease and Increase Moral Condemnation","Perspective-taking often increases generosity in behavior and attributions. We present an intentions-based account to explain how perspective-taking can both decrease and increase moral condemnation. Consistent with past research, we predicted perspective-taking would reduce condemnation when the perspective-taker initially attributed benevolent intent to a transgressor. However, we predicted perspective-taking would increase condemnation when malevolent intentions were initially attributed to the wrongdoer. We propose that perspective-taking amplifies the intentions initially attributed to a transgressor. Three studies measured and manipulated intention attributions and found that perspective-taking increased condemnation when malevolent intentions were initially attributed to a transgressor. Perspective-taking also increased costly punishment of a transgressor, an effect mediated by malevolent intentions. In contrast, empathy did not increase punitive responses, supporting its conceptual distinction from perspective-taking. Whether perspective-taking leads to forgiveness or condemnation depends on the intentions the perspective-taker initially attributes to a transgressor. © 2016, © 2016 by the Society for Personality and Social Psychology, Inc."
8,0.973148148148148,2019,"Social Behavior, Moral Judgment, and Decision-Making","The Dark Side of Luxury: Social Costs of Luxury Consumption","Extant research demonstrates that luxury goods are beneficial signals that bestow upon individuals social benefits that range from positive evaluations to compliance. In contrast to this perspective, the current work explores the idea that luxury goods can carry significant negative social costs for actors. Across four experiments, the social cost of luxury is examined. Although individuals who display luxury goods are ascribed higher status, they can pay a hefty tax when it comes to warmth. The social costs of luxury consumption appear to be driven by impression management concerns rather than envy. Consequently, whether the consumption of luxury goods yields positive or negative social consequences for an actor critically depends both on whether status or warmth is relevant for a decision and observers’ own lay beliefs about luxury consumption. Overall, this work reveals the more complex psychology of individuals’ interpretation and response to actors’ use of luxury goods. © 2018 by the Society for Personality and Social Psychology, Inc."
8,0.972380952380952,2022,"Social Behavior, Moral Judgment, and Decision-Making","Too Reluctant to Reach Out: Receiving Social Support Is More Positive Than Expressers Expect","Receiving social support is critical for well-being, but concerns about a recipient’s reaction could make people reluctant to express such support. Our studies indicate that people’s expectations about how their support will be received predict their likelihood of expressing it (Study 1, N = 100 online adults), but these expectations are systematically miscalibrated. Participants who sent messages of support to others they knew (Study 2, N = 120 students) or who expressed support to a new acquaintance in person (Study 3, N = 50 adult pairs) consistently underestimated how positively their recipients would respond. A systematic perspective gap between expressers and recipients may explain miscalibrated expectations: Expressers may focus on how competent their support seems, whereas recipients may focus on the warmth it conveys (Study 4, N = 300 adults). Miscalibrated concerns about how to express support most competently may make people overly reluctant to reach out to someone in need. © The Author(s) 2022."
8,0.970103092783505,2018,"Social Behavior, Moral Judgment, and Decision-Making","The Link Between Self-Dehumanization and Immoral Behavior","People perceive morality to be distinctively human, with immorality representing a lack of full humanness. In eight experiments, we examined the link between immorality and self-dehumanization, testing both (a) the causal role of immoral behavior on self-dehumanization and (b) the causal role of self-dehumanization on immoral behavior. Studies 1a to 1d showed that people feel less human after behaving immorally and that these effects were not driven by having a negative experience but were unique to experiences of immorality (Study 1d). Studies 2a to 2c showed that self-dehumanization can lead to immoral and antisocial behavior. Study 3 highlighted how self-dehumanization can sometimes produce downward spirals of immorality, demonstrating initial unethical behavior leading to self-dehumanization, which in turn promotes continued dishonesty. These results demonstrate a clear relationship between self-dehumanization and unethical behavior, and they extend previous theorizing on dehumanization. © The Author(s) 2018."
8,0.969148936170213,2017,"Social Behavior, Moral Judgment, and Decision-Making","Artful paltering: The risks and rewards of using truthful statements to mislead others","Paltering is the active use of truthful statements to convey a misleading impression. Across 2 pilot studies and 6 experiments, we identify paltering as a distinct form of deception. Paltering differs from lying by omission (the passive omission of relevant information) and lying by commission (the active use of false statements). Our findings reveal that paltering is common in negotiations and that many negotiators prefer to palter than to lie by commission. Paltering, however, may promote conflict fueled by self-serving interpretations; palterers focus on the veracity of their statements (""I told the truth""), whereas targets focus on the misleading impression palters convey (""I was misled""). We also find that targets perceive palters to be especially unethical when palters are used in response to direct questions as opposed to when they are unprompted. Taken together, we show that paltering is a common, but risky, negotiation tactic. Compared with negotiators who tell the truth, negotiators who palter are likely to claim additional value, but increase the likelihood of impasse and harm to their reputations."
8,0.967045454545454,2016,"Social Behavior, Moral Judgment, and Decision-Making","When Payment Undermines the Pitch: On the Persuasiveness of Pure Motives in Fund-Raising","Studies on crowding out document that incentives sometimes backfire—decreasing motivation in prosocial tasks. In the present research, we demonstrated an additional channel through which incentives can be harmful. Incentivized advocates for a cause are perceived as less sincere than nonincentivized advocates and are ultimately less effective in persuading other people to donate. Further, the negative effects of incentives hold only when the incentives imply a selfish motive; advocates who are offered a matching incentive (i.e., who are told that the donations they successfully solicit will be matched), which is not incompatible with altruism, perform just as well as those who are not incentivized. Thus, incentives may affect prosocial outcomes in ways not previously investigated: by crowding out individuals’ sincerity of expression and thus their ability to gain support for a cause. © 2016, © The Author(s) 2016."
8,0.966086956521739,2021,"Social Behavior, Moral Judgment, and Decision-Making","Against Empathy Bias: The Moral Value of Equitable Empathy","Empathy has long been considered central to living a moral life. However, mounting evidence has shown that people’s empathy is often biased toward (i.e., felt more strongly for) others that they are close or similar to, igniting a debate over whether empathy is inherently morally flawed and should be abandoned in efforts to strive toward greater equity. This debate has focused on whether empathy limits the scope of our morality, but little consideration has been given to whether our moral beliefs may be limiting our empathy. Across two studies conducted on Amazon’s Mechanical Turk (N = 604), we investigated moral judgments of biased and equitable feelings of empathy. We observed a moral preference for empathy toward socially close over distant others. However, feeling equal empathy for all people is seen as the most morally and socially valuable approach. These findings provide new theoretical insight into the relationship between empathy and morality, and they have implications for navigating toward a more egalitarian future. © The Author(s) 2021."
8,0.965178571428571,2021,"Social Behavior, Moral Judgment, and Decision-Making","“I’m just being honest.” When and why honesty enables help versus harm.","Although honesty is typically conceptualized as a virtue, it often conflicts with other equally important moral values, such as avoiding interpersonal harm. In the present research, we explore when and why honesty enables helpful versus harmful behavior. Across 5 incentive-compatible experiments in the context of advice-giving and economic games, we document four central results. First, honesty enables selfish harm: people are more likely to engage in and justify selfish behavior when selfishness is associated with honesty than when it is not. Second, people are selectively honest: people are more likely to be honest when honesty is associated with selfishness than when honesty is associated with altruism. Third, these effects are more consistent with genuine, rather than motivated, preferences for honesty. Fourth, even when individuals have no selfish incentive to be honest, honesty can lead to interpersonal harm because people avoid information about how their honest behavior affects others. This research unearths new insights on the mechanisms underlying moral choice, and consequently, the contexts in which moral principles are a force of good versus a force of evil. (PsycInfo Database Record (c) 2021 APA, all rights reserved) © 2020 American Psychological Association"
8,0.964220183486239,2025,"Social Behavior, Moral Judgment, and Decision-Making","*Reluctance to Downplay: Asymmetric Sensitivity to Differences in the Severity of Moral Transgressions","A common-sense moral intuition is that bad acts should be condemned according to severity. Yet seven experiments (N = 6,075 U.S. adults) show that the extent to which people differentiate between transgressions hinges on the direction of comparison. When scaling up from a less severe transgression to a more severe one, people readily express stronger condemnation of the worse transgression. But when scaling down from a more severe transgression to a less severe one, they differentiate less, often condemning the lesser transgression just as strongly as one that is transparently worse. Indicating that one transgression is less bad than another can be construed as downplaying such transgressions, signaling bad moral character. Supporting this account, the asymmetry is larger for judgments that implicate moral character and for transgressions that seem especially important to condemn. Observers’ moral-character judgments reveal a similar pattern, suggesting that the asymmetry is reinforced by social incentives. © The Author(s) 2025."
8,0.959166666666667,2022,"Social Behavior, Moral Judgment, and Decision-Making","Morality, Punishment, and Revealing Other People’s Secrets","Nine studies represent the first investigation into when and why people reveal other people’s secrets. Although people keep their own immoral secrets to avoid being punished, we propose that people will be motivated to reveal others’ secrets to punish them for immoral acts. Experimental and correlational methods converge on the finding that people are more likely to reveal secrets that violate their own moral values. Participants were more willing to reveal immoral secrets as a form of punishment, and this was explained by feelings of moral outrage. Using hypothetical scenarios (Studies 1, 3–6), two controversial events in the news (hackers leaking citizens’ private information; Study 2a–2b), and participants’ behavioral choices to keep or reveal thousands of diverse secrets that they learned in their everyday lives (Studies 7–8), we present the first glimpse into when, how often, and one explanation for why people reveal others’ secrets. We found that theories of self-disclosure do not generalize to others’ secrets: Across diverse methodologies, including real decisions to reveal others’ secrets in everyday life, people reveal others’ secrets as punishment in response to moral outrage elicited from others’ secrets. © 2022 American Psychological Association"
8,0.956637168141593,2022,"Social Behavior, Moral Judgment, and Decision-Making","Opportunity Neglect: An Aversion to Low-Probability Gains","Seven preregistered studies (N = 2,890, adult participants) conducted in the field, in the lab, and online documented opportunity neglect: a tendency to reject opportunities with low probability of success even when they come with little or no objective cost (e.g., time, money, reputation). Participants rejected a low-probability opportunity in an everyday context (Study 1). Participants also rejected incentive-compatible gambles with positive expected value—for both goods (Study 2) and money (Studies 3–7)—even with no possibility of monetary loss and nontrivial rewards (e.g., a 1% chance at $99). Participants rejected low-probability opportunities more frequently than high-probability opportunities with equal expected value (Study 3). Although taking some real-life opportunities comes with costs, we show that people are even willing to incur costs to opt out of low-probability opportunities (Study 4). Opportunity neglect can be mitigated by highlighting that rejecting an opportunity is equivalent to choosing a zero probability of success (Studies 6–7). © The Author(s) 2022."
8,0.95462962962963,2017,"Social Behavior, Moral Judgment, and Decision-Making","On sanction-goal justifications: How and why deterrence justifications undermine rule compliance","Authorities frequently justify their sanctions as attempts to deter people from rule breaking. Although providing a sanction justification seems appealing and harmless, we propose that a deterrence justification decreases the extent to which sanctions are effective in promoting rule compliance. We develop a theoretical model that specifies how and why this occurs. Consistent with our model, 5 experiments demonstrated that-compared with sanctions provided without a justification or sanctions provided with a just-deserts justification-sanction effectiveness decreased when sanctions were justified as attempts to deter people from rule breaking. This effect was mediated by people feeling distrusted by the authority. We further demonstrated that (a) the degree to which deterrence fostered distrust was attenuated when the sanction was targeted at others (instead of the participant) and (b) the degree to which distrust undermined rule compliance was attenuated when the authority was perceived as legitimate. We discuss the practical implications for authorities tasked with promoting rule compliance, and the theoretical implications for the literature on sanctions, distrust, and rule compliance. © 2016 American Psychological Association."
8,0.950833333333333,2018,"Social Behavior, Moral Judgment, and Decision-Making","Self-Uncertainty and the Influence of Alternative Goals on Self-Regulation","The current research examines factors that facilitate or undermine goal pursuit. Past research indicates that attempts to reduce self-uncertainty can result in increased goal motivation. We explore a critical boundary condition of this effect—the presence of alternative goals. Though self-regulatory processes usually keep interest in alternative goals in check, uncertainty reduction may undermine these self-regulatory efforts by (a) reducing conflict monitoring and (b) increasing valuation of alternative goals. As such, reminders of alternative goals will draw effort away from focal goals for self-uncertain (but not self-certain) participants. Across four studies and eight supplemental studies, using different focal goals (e.g., academic achievement, healthy eating) and alternative goals (e.g., social/emotional goals, attractiveness, indulgence), we found that alternative goal salience does not negatively influence goal-directed behavior among participants primed with self-certainty, but that reminders of alternative goals undermine goal pursuit among participants primed with self-uncertainty. © 2017, © 2017 by the Society for Personality and Social Psychology, Inc."
8,0.948695652173913,2020,"Social Behavior, Moral Judgment, and Decision-Making","The Economic and Interpersonal Consequences of Deflecting Direct Questions","Direct, difficult questions (e.g., Do you have other offers? When do you plan on having children?) pose a challenge. Respondents may incur economic costs for honestly revealing information, reputational costs for engaging in deception, and interpersonal costs, including harm to perceptions of trust and liking, for directly declining to answer the question (e.g., I would rather not answer that question.). Across 8 experiments, we explore the relative economic and interpersonal consequences of a fourth approach: deflection, answering a direct question with another question. We describe how individuals infer the respondent’s communication motive from their response (e.g., a motive to seek or hide information), and how these inferences influence perceptions of the respondent’s trust and likability. We contrast deflection with other types of responses and show that deflection causes significantly less reputational harm than detected deception and causes significantly less interpersonal harm than directly declining to answer a question. In some cases, deflection even yields better interpersonal and economic outcomes than honest disclosures (e.g., deflecting questions about prior acts of untrustworthy behavior). © 2019 American Psychological Association"
8,0.944859813084112,2018,"Social Behavior, Moral Judgment, and Decision-Making","Undervaluing Gratitude: Expressers Misunderstand the Consequences of Showing Appreciation","Expressing gratitude improves well-being for both expressers and recipients, but we suggest that an egocentric bias may lead expressers to systematically undervalue its positive impact on recipients in a way that could keep people from expressing gratitude more often in everyday life. Participants in three experiments wrote gratitude letters and then predicted how surprised, happy, and awkward recipients would feel. Recipients then reported how receiving an expression of gratitude actually made them feel. Expressers significantly underestimated how surprised recipients would be about why expressers were grateful, overestimated how awkward recipients would feel, and underestimated how positive recipients would feel. Expected awkwardness and mood were both correlated with participants’ willingness to express gratitude. Wise decisions are guided by an accurate assessment of the expected value of action. Underestimating the value of prosocial actions, such as expressing gratitude, may keep people from engaging in behavior that would maximize their own—and others’—well-being. © The Author(s) 2018."
8,0.943809523809524,2021,"Social Behavior, Moral Judgment, and Decision-Making","Volition Speaks Louder Than Action: Offender Atonement, Forgivability, and Victim Valuation in the Minds of Perceivers","On hearing of others’ offenses, people frequently intervene to encourage offenders to correct their wrongs. However, externally imposed reconciliatory behaviors may not effectively convince outside observers that offenders value victims’ welfare and deserve forgiveness. Four studies examined meta-judgments of victim valuation and offender forgivability when restitution was initiated voluntarily versus externally coerced. The same compensatory actions produced greater perceived valuation/forgivability when atonement was voluntary versus court-ordered (Experiment 1). Across multiple harm/measure types, voluntary (vs. imposed) atonement consistently yielded greater valuation/forgivability, but differences between imposed and no-atonement conditions were not captured using indirect valuation measures (Experiments 2–3). Experiment 3 also showed that voluntary (vs. imposed) atonement positively influenced perceivers’ inferences about their own valuation. In Experiment 4, observers perceived greater valuation/forgivability when restitution was made voluntarily rather than imposed by an intervener or requested by the victim. These studies highlight that beyond their compensatory acts, offenders’ volition to atone influences third-party evaluations. © 2020 by the Society for Personality and Social Psychology, Inc."
8,0.939175257731959,2022,"Social Behavior, Moral Judgment, and Decision-Making","The One That Got Away: Overestimation of Forgone Alternatives as a Hidden Source of Regret","Past research has established that observing the outcomes of forgone alternatives is an important driver of regret. In this research, we predicted and empirically corroborated a seemingly opposite result: Participants in our studies were more likely to experience regret when they did not observe a forgone outcome than when it was revealed. Our prediction drew on two theoretical observations. First, feelings of regret frequently stem from comparing a chosen option with one’s belief about what the forgone alternative would have been. Second, when there are many alternatives to choose from under uncertainty, the perceived attractiveness of the almost-chosen alternative tends to exceed its reality. In four preregistered studies (Ns = 800, 599, 150, and 197 adults), we found that participants predictably overestimated the forgone path, and this overestimation caused undue regret. We discuss the psychological implications of this hidden source of regret and reconcile the ostensible contradiction with past research. © The Author(s) 2022."
8,0.938938053097345,2017,"Social Behavior, Moral Judgment, and Decision-Making","Too far to help: The effect of perceived distance on the expected impact and likelihood of charitable action","Fact: Holding force constant, a snowball thrown from 10 feet away will hurt more than one thrown from 50 feet away; it will have more impact. We show that people expect charitable donations-much like snowballs-to have more impact on nearby (vs. faraway) targets. Therefore, because making an impact is a powerful motivator of prosocial behavior, people are more willing to take action to help nearby (vs. faraway) causes-independent of social distance. Six studies, including lab and field experiments, and secondary data from fundraising campaigns support this prediction. Specifically, Study 1 shows that people expect charitable donations to have a greater impact on nearby (vs. faraway) recipients, and that these judgments stem from metaphorical thinking. In the context of alumni giving to their alma mater, the next two studies show that donations increase as real (Study 2) or perceived (Study 3) distances decrease. Study 4 extends these findings using a more conservative manipulation of distance perception (Study 4). Finally, Study 5 demonstrates the mediating role of expected impact on the effect of perceived distance on charitable action, whereas Study 6 shows that a motivational focus on making an impact moderates this effect. © 2017 American Psychological Association."
8,0.938541666666667,2018,"Social Behavior, Moral Judgment, and Decision-Making","How to give away your cake and eat it too: Relinquishing control prompts reciprocal generosity","Many resource allocations confer two rewards, but these rewards typically work in opposition to one another: Reputational rewards come to those who give and material rewards to those who receive. Eight studies reveal that abdicating a resource allocation decision-that is, giving away one's right to choose to someone else-may allow these two rewards to work in tandem. We found that people frequently abdicated to others, and abdication often prompted others to reciprocate by giving away the better of two items. This occurred in part because people perceived abdication to be generous; in fact, individuals who abdicated seemed nearly as generous as individuals who gave away the better item to begin with. Paradoxically, abdicating confers both the reputational benefits of giving and (often) the material benefits of getting. This finding has implications for everyday resource sharing behavior and as well as for theories of fairness and reciprocity. © 2018 American Psychological Association."
8,0.929591836734694,2018,"Social Behavior, Moral Judgment, and Decision-Making","Do People Inherently Dislike Uncertain Advice?","Research suggests that people prefer confident to uncertain advisors. But do people dislike uncertain advice itself? In 11 studies (N = 4,806), participants forecasted an uncertain event after receiving advice and then rated the quality of the advice (Studies 1–7, S1, and S2) or chose between two advisors (Studies 8–9). Replicating previous research, our results showed that confident advisors were judged more favorably than advisors who were “not sure.” Importantly, however, participants were not more likely to prefer certain advice: They did not dislike advisors who expressed uncertainty by providing ranges of outcomes, giving numerical probabilities, or saying that one event is “more likely” than another. Additionally, when faced with an explicit choice, participants were more likely to choose an advisor who provided uncertain advice over an advisor who provided certain advice. Our findings suggest that people do not inherently dislike uncertain advice. Advisors benefit from expressing themselves with confidence, but not from communicating false certainty. © 2018, © The Author(s) 2018."
8,0.928125,2021,"Social Behavior, Moral Judgment, and Decision-Making","Influences of Position Justification on Perceived Bias: Immediate Effects and Carryover Across Persuasive Messages","The current research examined how people infer whether novel sources are biased based on their ability to justify their position. Across nine studies, when sources provided weak versus strong arguments, message recipients perceived the source as more biased. This effect held controlling for other possible inferences, such as lack of expertise or untrustworthiness. This research also examined whether perceived source bias on one message can carry over to ambiguously related future persuasive messages. Studies 6 to 8 demonstrated that perceivers use both the perceived bias from an initial message and the argument quality of the second message to determine a source’s bias on the new topic. Finally, perceived bias carried over from an initial message can influence persuasion on a second topic (Study 9). Ultimately, the present work provides insight into factors that affect perceived bias and the dynamic consequences of those perceptions. © 2020 by the Society for Personality and Social Psychology, Inc."
8,0.926446280991736,2023,"Social Behavior, Moral Judgment, and Decision-Making","Reason Defaults: Presenting Defaults With Reasons for Choosing Each Option Helps Decision-Makers With Minority Interests","Defaults are powerful tools for nudging individuals toward potentially beneficial options. However, defaults typically guide all decision-makers toward the same option and, consequently, may misguide individuals with minority interests. We test whether presenting defaults with information about heterogeneity can help individuals with minority interests select alternative options, and we dub this intervention a “reason default.” Reason defaults preselect the option that is best for most individuals (like standard defaults) but also explain (a) why the default was selected and (b) who should opt for an alternative. In five preregistered studies using online convenience samples of adults (N = 4,210), we find that reason defaults can improve decision-makers’ outcomes over standard defaults and forced choices by guiding most individuals toward the default option while helping individuals with minority interests select an alternative. Further, participants reported that reason defaults enhance transparency, decision ease, and understanding of the choice relative to standard defaults and forced choices. © The Author(s) 2023."
8,0.926168224299065,2019,"Social Behavior, Moral Judgment, and Decision-Making","The Gift of Psychological Closeness: How Feasible Versus Desirable Gifts Reduce Psychological Distance to the Giver","Gift-giving is a common form of social exchange but little research has examined how different gift types affect the psychological distance between giver and recipient. We examined how two types of gifts influence recipients’ perceived psychological distance to the giver. Specifically, we compared desirable gifts focused on the quality of the gift with feasible gifts focused on the gift’s practicality or ease of use. We found that feasible (vs. desirable) gifts led recipients to feel psychologically closer to givers (Studies 1-4). Further clarifying the process by which receiving a desirable versus feasible gift affects perceived distance, when recipients were told that the giver focused on the gift’s practicality or ease of use (vs. the gift’s overall quality), while holding the specific features of the gifts constant, they felt closer to the gift-giver (Study 5). These results shed light on how different gifts can influence interpersonal relationships. © 2018 by the Society for Personality and Social Psychology, Inc."
8,0.925,2017,"Social Behavior, Moral Judgment, and Decision-Making","The invisibility cloak illusion: People (incorrectly) believe they observe others more than others observe them","Whether at a coffee shop, in a waiting room, or riding the bus, people frequently observe the other people around them. Yet they often fail to realize how much other people engage in the same behavior, and that they, therefore, also are being observed. Because it is logically impossible that people, on average, are the subjects of observation more than they are objects of it, the belief that one watches others more than one is watched is an illusion. Several studies show that people incorrectly believe that they observe others more than other people observe them. We call this mistaken belief the ""invisibility cloak illusion."" People believe that they observe others more than do other people and that they are generally observed less than are others (Studies 1-3, 5, 6). The illusion persists both among strangers in the same vicinity (Study 2) and among friends interacting with one another (Study 3), and it cannot be explained away as yet another general better-than-average bias nor is it the result of believing one has more thoughts, in general, than do other people (Studies 2-3). The illusion is supported by a failure to catch others watching oneself (Studies 1b, 4) and it is manifest in the specific contents of people's thoughts about one another (Studies 5 and 6). Finally, rendering a feature of one's appearance salient to oneself fails to interrupt the illusion despite increasing one's belief that others are paying more attention specifically to that salient feature (Study 6). © 2016 American Psychological Association."
8,0.924358974358974,2021,"Social Behavior, Moral Judgment, and Decision-Making","Asymmetric Hedonic Contrast: Pain Is More Contrast Dependent Than Pleasure","Research has shown that hedonic-contrast effects are a ubiquitous and important phenomenon. In eight studies (N = 4,999) and four supplemental studies (N = 1,809), we found that hedonic-contrast effects were stronger for negative outcomes than for positive outcomes. This asymmetric-contrast effect held for both anticipated and experienced affect. The effect makes risks that include gains and losses more attractive in the presence of high reference points because contrast diminishes the hedonic impact of losses more than gains. We demonstrated that the effect occurs because people are generally more attentive to reference points when evaluating negative outcomes, so drawing attention to reference points eliminates the asymmetric-contrast effect. © The Author(s) 2021."
8,0.923717948717949,2023,"Social Behavior, Moral Judgment, and Decision-Making","Needing Everything (or Just One Thing) to Go Right: Myopic Preferences for Consolidating or Spreading Risks","Succeeding at a task often depends on the success or failure of component events. Such multicomponent risks can take one of two general forms. Disjunctive risks require the success of just one such component; conjunctive risks, all of them. Seven studies converge to show people prefer to consolidate disjunctive risks into fewer components and to spread conjunctive risks across more components, independent of the objective or subjective implications for the probability of overall success. These tendencies were reflected in preferences for how to approach potential investors, decisions about how much to invest in different business opportunities, and gamble valuations. Such preferences were specific to multicomponent risks as compared to single-component risks whose overall prospects for success were yoked to participants’ own perceptions of a matched multicomponent risk. Participants confronted multicomponent risks myopically, swayed by whether positive or disappointing news would likely be delivered at a single point in time instead of by the overall prospects for success. Supporting this account, these preferences for consolidating or spreading risks were reduced when the components’ outcomes would be revealed at once. Anticipated confidence while proceeding through the risk (even controlling for perceived probabilities of success) explained these preferences. After all, these preferred risk structures actually do allow people to traverse a multicomponent risk with more confidence that the next piece of news they receive will be positive (or not negative), though such myopic perspectives neglect just how many components will offer a chance for success (disjunctive risks) or the potential for failure (conjunctive risks). © 2023 American Psychological Association"
8,0.922549019607843,2019,"Social Behavior, Moral Judgment, and Decision-Making","I May Not Agree With You, but I Trust You: Caring About Social Issues Signals Integrity","What characteristics of an individual signal trustworthiness to other people? I propose that individuals who care about contentious social issues signal to observers that they have integrity and thus can be trusted. Critically, this signal conveys trustworthiness whether or not the target and the observer hold the same view on the issue. Five studies (N = 3,817) demonstrated the predicted effect of caring on integrity-based trust (Studies 1, 2, 3a, 3b, and 4)—even in cases of strong disagreement—across a variety of issues (Study 1) and when behavioral outcomes with real stakes were used (Studies 3a and 3b). This effect largely results from a perception of low-caring targets as particularly untrustworthy (Study 2). Additionally, participants trusted targets with staunchly opposing views about an issue even though they simultaneously disliked them (Study 4). These findings have important implications for how people form impressions of others and speak to potential interventions to help mitigate the growing ideological divide. © The Author(s) 2019."
8,0.921929824561403,2024,"Social Behavior, Moral Judgment, and Decision-Making","The Interactive Effect of Incentive Salience and Prosocial Motivation on Prosocial Behavior","Charities often use incentives to increase prosocial action. However, charities sometimes downplay these incentives in their messaging (pilot study), possibly to avoid demotivating donors. We challenge this strategy, examining whether increasing the salience of incentives for prosocial action can in fact motivate charitable behavior. Three controlled experiments (N = 2,203 adults) and a field study with an alumni-donation campaign (N = 22,468 adults) found that more (vs. less) salient incentives are more effective at increasing prosocial behavior when prosocial motivation is low (vs. high). This is because more (vs. less) salient incentives increase relative consideration of self-interest (vs. other-regarding) benefits, which is a stronger driver of behavior at low (vs. high) levels of prosocial motivation. By identifying that prosocial motivation moderates the effect of incentive salience on charitable behavior, and by detailing the underlying mechanism, we advance theory and practice on incentive salience, motivation, and charitable giving. © The Author(s) 2024."
8,0.921782178217822,2018,"Social Behavior, Moral Judgment, and Decision-Making","The Interpersonal Sunk-Cost Effect","The sunk-cost fallacy—pursuing an inferior alternative merely because we have previously invested significant, but nonrecoverable, resources in it—represents a striking violation of rational decision making. Whereas theoretical accounts and empirical examinations of the sunk-cost effect have generally been based on the assumption that it is a purely intrapersonal phenomenon (i.e., solely driven by one’s own past investments), the present research demonstrates that it is also an interpersonal effect (i.e., people will alter their choices in response to other people’s past investments). Across eight experiments (N = 6,076) covering diverse scenarios, I documented sunk-cost effects when the costs are borne by someone other than the decision maker. Moreover, the interpersonal sunk-cost effect is not moderated by social closeness or whether other people observe their sunk costs being “honored.” These findings uncover a previously undocumented bias, reveal that the sunk-cost effect is a much broader phenomenon than previously thought, and pose interesting challenges for existing accounts of this fascinating human tendency. © The Author(s) 2018."
9,0.994886363636364,2023,"Student Learning, Reading, and Educational Intervention","Procedural Flexibility on Fraction Arithmetic and Word Problems Predicts Middle-Schoolers’ Differential Algebra Skills","Procedural flexibility is an important skill for algebra. Although prior work has focused on measuring students’ procedural flexibility using arithmetic problems, word problems may also capture students’ flexibility because of their open-ended nature. To date, no published study has examined the use of word problems as another measure of procedural flexibility. The present study aims to establish flexibility on fraction word problems as a predictor of algebra learning and to determine whether flexibility demonstrated on fraction arithmetic versus fraction word problems differentially predicts two types of algebra learning (e.g., algebraic feature knowledge and algebra equation-solving). Middle-school students (N = 350) completed fraction arithmetic problems, fraction word problems, and algebra measures at the start and end of the school year.We coded fraction arithmetic and word problems for demonstrated procedural flexibility. Path models showed that overall flexibility significantly predicted both algebraic feature knowledge and equationsolving. When examining flexibility by type, procedural flexibility on arithmetic problems significantly predicted end-of-year algebraic feature knowledge and algebra equation-solving, whereas procedural flexibility on word problems significantly predicted algebraic feature knowledge. Procedural flexibility on arithmetic problems was still predictive of performance when accounting for fraction magnitude skill. These findings build on prior literature that establishes procedural flexibility as a crucial predictor of algebra learning and extends measures of procedural flexibility to include word problems. © 2023 American Psychological Association"
9,0.994827586206896,2022,"Student Learning, Reading, and Educational Intervention","Supporting Vocabulary Development Within a Multitiered System of Support: Evaluating the Efficacy of Supplementary Kindergarten Vocabulary Intervention","We evaluated the impact of a supplemental, small-group kindergarten vocabulary intervention designed to reinforce content taught in core classroom instruction implemented within a multitiered system of support (MTSS) framework. Kindergarten teachers implemented a published vocabulary program with all their students during whole-class instruction for 15 min to 20 min per day over the course of the year.We identified students at risk for language and learning difficulties who scored below the 30th percentile on the Peabody Picture Vocabulary Test–4 (PPVT-4; Dunn & Dunn, 2007) and randomly assigned them in clusters to either the control group (n = 453) that received only the classroom vocabulary instruction, or to the treatment group (n = 468) that received the classroom instruction plus small-group supplemental intervention for 30 min, four times per week between November and May. Analyses using multilevel modeling indicated that students who received supplemental vocabulary intervention outperformed control group students on measures of target vocabulary taught during whole-class and small-group instruction and listening comprehension of passages that included taught vocabulary. There were no effects on standardized measures of vocabulary. At-risk students who received the supplemental intervention also eliminated vocabulary learning differences with typically achieving students (n = 430) who received only classroom vocabulary instruction on words targeted for instruction. Findings suggest that supplemental vocabulary intervention that reinforces content taught during classroom instruction implemented within an MTSS framework can accelerate the learning of at-risk students on proximal and near transfer outcomes that are aligned with the content and focus of the instruction and that MTSS offer a feasible framework for schools to provide effective and efficient vocabulary supports to students in the primary grades. © 2022. American Psychological Association"
9,0.994444444444444,2019,"Student Learning, Reading, and Educational Intervention","Examining sources and mechanisms of reading comprehension difficulties: Comparing english learners and non-english learners within the simple view of reading","In the present study, we compared the extent to which linguistic comprehension (vocabulary and listening comprehension) and word reading explain reading comprehension differentially for English learners (ELs) and non-ELs with reading difficulties. We also investigated whether different mechanisms of reading comprehension failure exist for each group. Using the simple view of reading as our framework, we tested a model in which vocabulary exerts a direct effect on reading comprehension and indirect effects through listening comprehension and word reading. Results from a multigroup structural equation model with a sample of 440 struggling fourth-grade readers (n = 229 for ELs; n = 211 for non-ELs) demonstrated both similarities and differences in the sources and mechanisms of reading comprehension difficulties for ELs and non-ELs with reading problems. Word reading was an important source of reading comprehension difficulty for both groups. For non-ELs, the effect of word reading was larger than the effects of linguistic comprehension (vocabulary and listening comprehension combined); however, for ELs, the effects of linguistic comprehension were greater than the effect of word reading. Vocabulary had indirect effects via both listening comprehension and word reading for ELs, but it demonstrated a direct effect on reading comprehension for non-ELs. These results suggest that developing a range of linguistic comprehension skills (e.g., word-level and sentence-level language skills) may be important for ELs with reading comprehension difficulties in the upper-elementary grades. © 2019 American Psychological Association."
9,0.993571428571429,2024,"Student Learning, Reading, and Educational Intervention","Transfer Between Reading Comprehension and Word-Problem Solving Among Children With Learning Difficulty in Both Domains","Reading comprehension (RC) and word-problem solving (WPS) both involve text processing. Yet, despite evidence that RC text-structure intervention (RC.INT) improves RC, transfer to WPS has not been investigated. Similarly, despite evidence that WPS text-structure intervention (WP.INT) improves WPS, transfer to RC has not been examined. The purpose of this randomized controlled trial was to assess effects of singledomain text-structure intervention (RC or WPS intervention) for simultaneously improving RC and WPS. Second-grade children with comorbid learning difficulty across RC and WPS were randomly assigned to three conditions: RC.INT, WP.INT, or the standard school program (the control group). Inferential tests for acquisition effects in multilevel models were significant. RC.INT’s effect sizes (ESs) (vs. control) on RC were g = 1.16 and 0.83; WP.INT’s ESs (vs. control) on WPS were g = 1.36 and 1.05. Inferential tests for cross-domain transfer effects in multilevel models were also significant. RC.INT’s ESs (vs. control) on WPS were g = 0.41 and 0.68; WP.INT’s ES (vs. control) on RC were g = 0.91 and 0.54. Children’s textstructure knowledge in passages and word problems mediated acquisition and cross-domain transfer effects in multilevel models. Findings suggest that text-structure intervention may help address the complex needs of children with comorbid RC and WPS difficulty. © 2024 American Psychological Association"
9,0.992857142857143,2022,"Student Learning, Reading, and Educational Intervention","The Efficacy of Comprehension and Vocabulary Focused Professional Development on English Learners’ Literacy","This study reports the effects of a distributed professional development model emphasizing reading comprehension and vocabulary practices in social studies on the content knowledge, vocabulary, and reading comprehension outcomes of upper elementary students identified as English learners (ELs). Schools were randomly assigned to one of three conditions: researcher-supported professional development (PD), school-supported PD, or business as usual (BAU; typical instruction). Findings from a prior randomized control trial revealed significant effects for both treatment conditions when compared with the BAU group for content knowledge, vocabulary learning and reading comprehension in content (Capin et al., 2021). This analysis addressed three related follow-up questions: (a) Does treatment affect ELs and non-ELs differently? (b) Does treatment affect students differently depending on the schoolwide percentage of ELs? (c) Does treatment affect EL students differently from non ELs depending on the school-wide percentage of ELs? Findings revealed that ELs in treatment conditions outperformed ELs in the BAU condition and school level percentage of ELs had an impact on EL vocabulary performance © 2021 American Psychological Association"
9,0.992561983471074,2024,"Student Learning, Reading, and Educational Intervention","Impact of Supplemental Multicomponent Early Childhood Language Instruction","The strong association of early language skills to later reading ability suggests that supporting the development of these skills in children who enter preschool or kindergarten with below-average language abilities may lead to stronger reading skills. Despite this, few evidence-based supplemental language instructional programs exist for school-based implementation. The current study reports on two large-scale randomized trials of combinations of small-group, intensive language-focused instructional component lessons implemented in preschool and kindergarten settings. After screening on two listening comprehension measures, 740 preschool and 870 kindergarten children were randomized to business-as-usual general education or to 18 weeks of instruction that paired two of three possible 9-week component programs. Children were assessed pre- and postinstruction on a battery of proximal, instructionally aligned measures and on standardized language and early literacy measures. Results indicated significant and often sizeable impacts on measures aligned with the content of instruction received. Moderation by order of instructional components and child characteristics provides insight into the overall and specific benefits of early intensive support for language development. © 2024 American Psychological Association"
9,0.986986301369863,2021,"Student Learning, Reading, and Educational Intervention","Alternative Paths to Improved Word-Problem Performance: An Advantage for Embedding Prealgebraic Reasoning Instruction Within Word-Problem Intervention","The purpose of this study was to explore the paths by which word-problem intervention, with versus without embedded prealgebraic reasoning instruction, improved word-problem performance. Students with mathematics difficulty (MD; n = 304) were randomly assigned to a business-as-usual condition or 1 of 2 variants of word-problem intervention. The prealgebraic reasoning component targeted relational understanding of the equal sign as well as standard and nonstandard equation solving. Intervention occurred for 16 weeks, 3 times per week, 30 min per session. Sequential mediation models revealed main effects, in which each intervention condition significantly and substantially outperformed the businessas- usual condition, corroborating prior research on the efficacy of schema word-problem intervention. Yet despite comparable effects on word-problem outcomes between the two word-problem conditions, the process by which effects accrued differed: An indirect path via equal-sign understanding and then equation solving was significant only for the word-problem intervention condition with embedded prealgebraic reasoning instruction. Additionally, the effect of this condition on equal-sign reasoning was strong. Given the link between equal-sign reasoning for success with algebra and the importance of algebra for success with advanced mathematics, results suggest an advantage for embedding prealgebraic reasoning instruction within word-problem intervention. © 2020 American Psychological Association"
9,0.986524822695035,2023,"Student Learning, Reading, and Educational Intervention","Cross-Linguistic Influence of Early Spanish Reading on English Reading Trajectories Among Spanish–English Emergent Bilinguals: A Latent Class Growth Analysis","Spanish-speaking students constitute the largest subgroup of emergent bilingual (EB) students in the United States. Using longitudinal data on a nationally representative sample of Spanish–English EBs, we explore profiles of English reading trajectories and how early individual differences (i.e., early Spanish reading and English oral proficiency) influence English reading development. Latent class growth analysis revealed five distinct growth trajectories of English reading scores across elementary grades. Results showed a fanspread effect, indicating that children with higher mean reading scores in kindergarten also had faster growth in English reading from kindergarten to Grade 5. Results also showed that children with high early Spanish reading were more likely to be a member of the classes with the highest initial English reading scores and fastest growth rates. However, kindergarten English oral proficiencywas not related to trajectories of English reading. Our findings highlight that early Spanish reading skill is an important factor in identifying EB children who may be at risk for reading difficulties later in elementary school. © 2023 American Psychological Association"
9,0.986231884057971,2025,"Student Learning, Reading, and Educational Intervention","Examining Mathematics Intervention Effects on Domain General Skills: Are Mathematics Gains Associated With Improved Domain General Skills?","Early mathematics achievement sets the stage for a range of important academic and career outcomes. As efforts to improve elementary mathematics instruction have increased, efforts to better understand how students develop mathematics knowledge and why students respond to mathematics instruction have also emerged. Given known correlations between domain general skills and mathematics achievement, the current study explored the development of domain general skills and mathematics learning in the context of a mathematics intervention efficacy trial to better understand relations between academic gains and the development of domain general skills. This study examined the concurrent development of domain general skills and mathematics skills for 470 first-grade students at risk for mathematics difficulties in the context of a mathematics intervention study. The results indicated that although students demonstrated gains in domain general and mathematics skills, domain general skill gains were not statistically significantly associated with gains inmathematics achievement. In addition, students who received mathematics intervention did not demonstrate greater gains in domain general skills, despite the positive effect of mathematics intervention on mathematics skills. Implications for mathematics instruction, curriculum development, and future research are discussed. © 2025 American Psychological Association"
9,0.980666666666667,2024,"Student Learning, Reading, and Educational Intervention","Examining the Effects of a Game-Based Learning Environment on Fifth Graders’ Reading Comprehension and Reading Motivation","A growing body of research suggests that comprehension of expository texts presented digitally is a challenging endeavor, particularly for children. Many reading interventions, both from traditional classroom settings and computer-based contexts, have focused on much needed strategy instruction but have simultaneously neglected a focus onmotivation. Alternatively, game-based learning environments (GBLEs) have the potential to simultaneously address both motivation and strategy use. Currently, there are few available GBLEs that target expository text comprehension. For this reason, this study employed a quasi-experimental between-subjects media comparison design to examine the effects of Missions with Monty, a GBLE supporting meta comprehension for expository science texts, on reading comprehension and motivation. Fifth-grade students (N= 234) engaged with either Missions with Monty or a comparison, computer-based version of the program lacking gamified elements for a period of 6 weeks and were assessed on reading comprehension skills and five dimensions of reading motivation. Results indicated that students in the GBLE condition showed significantly greater improvements in reading comprehension (g= 0.56), intrinsic motivation for reading (g= 0.52), and curiosity (g= 1.11) than their comparison-condition peers. Moreover, effects of the intervention on reading motivation were independent of prior reading comprehension for each of the reading motivation dimensions except reading efficacy. These findings support the notion that GBLEs can be an effective tool to foster digital expository text comprehension, particularly for struggling and uninterested readers. © (2024) American Psychological Association"
9,0.978453038674033,2022,"Student Learning, Reading, and Educational Intervention","Impacts of the Let’s Know! Curriculum on the Language and Comprehension-Related Skills of Prekindergarten and Kindergarten Children","Although substantial research has established how to teach word reading, the research base for teaching skills related to language and reading comprehension is more limited. We report a multistate experiment of a supplemental, whole-class, language-focused curriculum delivered in prekindergarten and kindergarten classrooms that was designed to improve children’s language comprehension and thereby support later reading comprehension. We randomly assigned 69 prekindergarten classrooms (n = 361 children) and 56 kindergarten classrooms (n = 328 children) to receive language-focused intervention or to a control condition. Children in intervention conditions experienced one of two instantiations of Let’s Know! (Let’s Know! Broad or Let’s Know! Deep) as implemented by their classroom teachers. Both instantiations provide four 30-min lessons per week of targeted instruction on key lower and higher-level language skills over 25 weeks; the instantiations differ in the amount of practice afforded to particular skills. We measured children’s comprehension-related skills (target vocabulary, comprehension monitoring, understanding narrative text and story grammar, understanding expository text) via curriculumaligned measures during the academic year and their vocabulary and language comprehension at pretest and posttest. Multilevel analyses showed similar effects for both instantiations, with Let’s Know! positively impacting some of the immediate tests of curriculum-aligned skills (vocabulary, comprehension monitoring, understanding of expository text) and also the posttest vocabulary outcome, but not standardized language comprehension outcomes; impacts on curriculum-aligned skills did not mediate effects on language comprehension outcomes. Results have implications for the Let’s Know! theory of change as well as continued research on supporting children’s language and comprehension skills. © 2022. American Psychological Association"
9,0.975,2020,"Student Learning, Reading, and Educational Intervention","Constructing written arguments to develop fraction knowledge","Making sense of fractions is critical for building the mathematical competence of upper elementary students with and at-risk for a mathematics learning disability. The primary aim of this study was to investigate the effectiveness of teaching students with and at-risk for learning disabilities an intervention in which they learned to construct written arguments to develop their fraction knowledge. We sequenced the intervention using the 6 stages of Self-Regulated Strategy Development (SRSD). The effects were tested using a pre-posttest cluster-randomized controlled trial in which 10 teachers were randomly assigned to treatment and control conditions. Measures included a far-learning fraction test and proximal writing measures that assessed quality of mathematical reasoning, total number of rhetorical elements, and total words written. Teachers in the treatment condition received 2 days of professional development before implementing the six-lesson intervention, 3-4 times per week for 30-45 min. Clustering effects were corrected to examine differences in pretest-to-posttest change scores using individual scores for students in the SRSD group (n = 28) and control (n = 31). Results favored students in the SRSD condition from pre-to posttest on fraction test (g = 0.60); quality of mathematical reasoning (g = 1.82); number of rhetorical elements (g = 3.20), and total words written (g = 1.92). Special education students in the SRSD condition (n = 16) demonstrated greater gains in fraction scores from pretest to posttest compared to their nondisabled peers (n = 12, g = 1.04). The findings from this study support the genre knowledge hypothesis of writing-to-learn. © 2019 American Psychological Association."
9,0.973648648648649,2017,"Student Learning, Reading, and Educational Intervention","Improving content knowledge and comprehension for English language learners: Findings from a randomized control trial","Supporting the reading comprehension and content knowledge acquisition of English language learners (ELs) requires instructional practices that continue beyond developing the foundational skills of reading. In particular, the challenges ELs face highlight the importance of teaching reading comprehension practices in the middle grades through content acquisition. We conducted a randomized control trial to examine the efficacy of a content acquisition and reading comprehension intervention implemented in eighth-grade social studies classrooms with English language learners. Using a within-teacher design, in which 18 eighth-grade teachers' social studies classes were randomly assigned to treatment or comparison conditions. Teachers taught the same instructional content to treatment and comparison classes, but the treatment classes used instructional practices that included comprehension canopy, essential words, knowledge acquisition, and team-based learning. Students in the treatment group (n = 845) outperformed students in the comparison group (n = 784) on measures of content knowledge acquisition and content reading comprehension but not general reading comprehension. Both ELs and non-ELs who received the treatment outperformed those assigned to the BAU comparison condition on measures of content knowledge acquisition (ES = 0.40) and content-related reading comprehension (ES = 0.20). In addition, the proportion of English language learners in classes moderated outcomes for content knowledge acquisition. © 2016 American Psychological Association."
9,0.972727272727273,2017,"Student Learning, Reading, and Educational Intervention","Framework for disciplinary writing in science grades 6-12: A national survey","This study investigated the current state of writing instruction in science classes (Grades 6-12). A random sample of certified science teachers from the United States (N = 287) was electronically surveyed. Participants reported on their purposes for teaching writing, the writing assignments most often given to students, use of evidence-based writing practices, and the instructional adaptations made for struggling writers in science class. Typical practice was examined against a theoretical framework for disciplinary writing in science that articulates research-based and evidence-based practices to improve writing and learning outcomes for all students, including struggling writers. Descriptive results, exploratory factor analysis, and examination of differences between groups (middle school and high school teachers) revealed concerns about the quantity and quality of writing practices in secondary science classrooms, especially at the high school level. Although the majority of participants report to include writing purposely to accompany the inquiry process, most of the writing tasks teachers report to include in science require minimal composition. Participants report to include evidence-based practices for teaching writing and adapting instruction to support struggling writers at a frequency range of once per year to once per quarter. Results inform recommendations for teacher education, professional development, and instructional reform for disciplinary writing in science that supports all learners. © 2017 American Psychological Association."
9,0.966438356164384,2024,"Student Learning, Reading, and Educational Intervention","Impact of a Content-Rich Literacy Curriculum on Kindergarteners’ Vocabulary, Listening Comprehension, and Content Knowledge","This study examined the impact of a widely used content-rich literacy curriculum on kindergarteners’ vocabulary, listening comprehension, and content knowledge. In combined findings from two randomized controlled trials (RCTs), the second being a replication of the first, 47 schools in large urban U.S. districts were randomly assigned to implement Core Knowledge Language Arts: Knowledge Strand (CKLA: Knowledge) or to awaitlist control condition. CKLA: Knowledge focuses instruction on language comprehension through interactive read alouds that systematically build content knowledge. Teachers received two days of professional development workshops, along with light-touch support fromfacilitators during implementation. Participants included 1,194 kindergarten students, who were administered individual pre- and posttest measures of proximal and standardized vocabulary, listening comprehension, and content knowledge (i.e., science, social studies). After approximately one semester of curricular implementation, CKLA: Knowledge demonstrated positive and significant impacts on proximal vocabulary and science and social studies knowledge. Significant interactions were found for vocabulary and content knowledge, such that children who began the year with relatively higher receptive vocabulary scores derived a greater benefit of learning the words and content knowledge taught in the curriculum. The present work is unique in that it tested the effects of a contentrich literacy curriculum that integrated literacy and content-area instruction and replicated the effects across two RCTs. © 2024 The Author(s)"
9,0.966176470588235,2021,"Student Learning, Reading, and Educational Intervention","Closing the word-problem achievement gap in first grade: Schema-based word-problem intervention with embedded language comprehension instruction.","The main purpose of this study was to test the effects of word-problem (WP) intervention, with versus without embedded language comprehension (LC) instruction, on at-risk 1st graders’ WP performance. We also isolated the need for a structured approach to WP intervention and tested the efficacy of schema-based instruction at 1st grade. Children (n = 391; M<inf>age</inf> = 6.53, SD = 0.32) were randomly assigned to 4 conditions: schema-based WP intervention with embedded language instruction, the same WP intervention but without LC instruction, structured number knowledge (NK) intervention without a structured WP component, and a control group. Each intervention included 45 sessions, each 30 min long. Multilevel models, accounting for classroom and school effects, revealed the efficacy of schema-based WP intervention at 1st grade, with both WP conditions outperforming the NK condition and the control group. Yet, WP performance was significantly stronger for the schema-based condition with embedded LC instruction compared to the schema-based condition without LC instruction. NK intervention conveyed no WP advantage over the control group, even though all 3 intervention conditions outperformed the control group on arithmetic. Results demonstrate the importance of a structured approach to WP intervention, the efficacy of schema-based instruction at 1st grade, and the added value of LC instruction within WP intervention. Results also provide causal evidence on the role of LC in WP solving. (PsycInfo Database Record (c) 2021 APA, all rights reserved) Educational Impact and Implications Statement: This study yields three conclusions about effective word-problem (WP) intervention for at-risk first graders. The first conclusion is that arithmetic intervention does not improve WP performance; instead, structured WP intervention is required. Second, structured schema-based WP intervention, which teaches children to understand WPs in terms of problem types and to align problem-solving strategies with the problem type, improves WP performance. Third, schema-based WP intervention is more effective when it embeds WP language instruction that teaches children the importance of understanding language in the context of the complete WP (not as key words). (PsycInfo Database Record (c) 2021 APA, all rights reserved) © 2020 American Psychological Association"
9,0.961878453038674,2024,"Student Learning, Reading, and Educational Intervention","Effects of Tier 1 Content Literacy Intervention on Early-Grade English Learners’ Reading and Writing: Exploring the Mediating Roles of Domain-Specific Vocabulary and Oral Language Proficiency","This exploratory follow-up study to a randomized controlled trial (RCT) examined (a) the differential impact of classroom-based (Tier 1) content literacy intervention on reading and argumentative writing outcomes among Grades 1 and 2 English learners (ELs, n = 1,236) and their English-proficient (EP) peers (n = 4,161) and (b) the mechanisms determining how the intervention yielded effects on ELs. The study was conducted across 30 elementary schools in an urban U.S. school district. The 10-week intervention, comprised of 20 lessons in science and social studies thematic units, was delivered by classroom teachers. The core components were designed to build students’ content and vocabulary knowledge through informational texts and concept mapping and to transfer their schema to argumentative writing and research collaboration. Results show that while the intervention did not significantly improve reading proficiency (effect size [ES] = 0.01 for ELs and ES = −0.02 for EPs) and basic literacy skills (ES = 0.04 for ELs and ES = −0.02 for EPs), it significantly bolstered argumentative writing in science (ES = 0.25 for ELs and ES = 0.24 for EPs) and social studies (ES = 0.42 for ELs and ES = 0.44 for EPs). The treatment effect on reading proficiency among ELs was fully mediated by their improved domain-specific vocabulary knowledge and English oral proficiency. A significant indirect effect on social studies argumentative writing through domain-specific vocabulary knowledge was also evident. These findings corroborate the effectiveness of the content literacy intervention, providing insights into for whom and how the intervention was effective. © 2024 The Author(s)"
9,0.961764705882353,2024,"Student Learning, Reading, and Educational Intervention","Place Value Learning in Kindergarten","Building on previous findings that preschool children develop an awareness of base-ten structure from informal exposure to multidigit numbers, we tested whether kindergarten children would benefit from formal place value instruction, using this informal foundation as a starting point. A total of 124 U.S. kindergarten students participated in a school-based study that used a pretest-training-posttest design. One group of students completed 20 brief lessons focused on the relational structure of base-ten symbols, using activities informed by cognitive science research on relational learning. A second group of students completed 20 practice sessions on single-digit addition and subtraction problems. Both groups showed growth in place value understanding, but students in the experimental curriculum showed greater growth than children in the control group on measures that required precise understanding of base-ten syntax (i.e., counts of base-ten units). © 2024 American Psychological Association"
9,0.946846846846847,2020,"Student Learning, Reading, and Educational Intervention","Differential codevelopment of vocabulary knowledge and reading comprehension for students with and without learning disabilities","In this large-scale study of students from Title 1 schools (N = 14,773), we used multiple-group latent change score (LCS) modeling to investigate the developmental relations between vocabulary knowledge and reading comprehension in students with a school-identified learning disability (LD; n = 627) and typically developing students (n = 14,146). Students were tested for their vocabulary breadth and passage comprehension skills in kindergarten through fourth grade. For typically developing students, there were bidirectional influences between their vocabulary knowledge and reading comprehension skills. There were no cross-lagged influences across constructs for students with an LD. We find evidence for a developmental delay, such that students with an LD had similar levels and gains in their vocabulary knowledge relative to typically developing students, but these students started much lower in their reading comprehension skills and did not catch up to their typically developing peers. We discuss the implications for children with learning disabilities and the development of their reading comprehension skills. © 2019 American Psychological Association."
9,0.944375,2022,"Student Learning, Reading, and Educational Intervention","Improving Oral and Written Narration and Reading Comprehension of Children at-Risk for Language and Literacy Difficulties: Results of a Randomized Clinical Trial","Narration has been shown to be a foundational skill for literacy development in school-age children. Elementary teachers routinely conduct classroom lessons that focus on reading decoding and comprehension, but they rarely provide instruction in oral narration (Hall et al., 2021). This multisite randomized controlled trial was designed to rigorously evaluate the efficacy of the Supporting Knowledge of Language and Literacy (SKILL) intervention program for improving oral narrative comprehension and production. Three hundred fifty-seven students who were at-risk for language and literacy difficulties in Grades 1–4 in 13 schools across seven school districts were randomly assigned to the SKILL treatment condition or a business as usual (BAU) control condition. SKILL was provided to small groups of two to four students in 36 thirty-minute lessons across a 3-month period. Multilevel modeling with students nested within teachers and teachers nested within schools revealed students who received the SKILL treatment significantly outperformed students in the BAU condition on measures of oral narrative comprehension and production immediately after treatment. Oral narrative production for the SKILL treatment group remained significantly more advanced at follow-up testing conducted 5 months after intervention ended. Improvements in oral narration generalized to a measure of written narration at posttest and the treatment advantage was maintained at follow-up. Grade level did not moderate effects for oral narration, but it did for reading comprehension, with a higher impact for students in grades 3 and 4. © 2022 American Psychological Association"
9,0.94297520661157,2023,"Student Learning, Reading, and Educational Intervention","The Challenges of Writing From Sources in College Developmental Courses: Self-Regulated Strategy Instruction","The purpose of this study was to evaluate the efficacy of a curriculum based on self-regulated strategy instruction in college developmental writing courses. Prior research that had found large effects on the writing quality for essays without sources was extended to include strategies for critical reading and note-taking, writing summary response papers, and integrating source information into argumentative essays. This randomized control trial included 23 instructors from two community colleges and 187 students. Outcome measures included quality of argumentative writing with sources, a summary scored for inclusion of main ideas and overall quality, a motivation questionnaire, a writing test from the National Assessment of Educational Progress (NAEP), Accuplacer Reading, and observations and interviews. Using hierarchical linear modeling, positive effects were found on all primary outcomes: quality of argumentative writing with sources (p,.01; ES = +.53), and on the quality (p,.05; ES= +.30) and inclusion of main ideas (p,.05; ES= +.31) on the summary. No detectable effects were found on secondary outcomes: the NAEP test, reading, or motivation. © 2023 American Psychological Association"
9,0.941764705882353,2019,"Student Learning, Reading, and Educational Intervention","Efficacy of a high school extensive reading intervention for English learners with reading difficulties","This study examined the effects of Reading Intervention for Adolescents, a 2-year extensive reading intervention targeting current and former English learners identified as struggling readers based on their performance on the state accountability assessment. Students who enrolled at three participating urban high schools were randomly assigned to the Reading Intervention for Adolescents treatment condition (n = 175) or a business-as-usual comparison condition. Students assigned to the treatment condition participated in the intervention for approximately 50 min daily for 2 school years in lieu of a school-provided elective course, which business-as-usual students took consistent with typical scheduling. Findings revealed significant effects for the treatment condition on sentence-level fluency and comprehension (g = 0.18) and on a proximal measure of vocabulary learning (g = .41), but not on standardized measures of word reading, vocabulary, or reading comprehension (g range: -0.09 to 0.06). Post hoc moderation analyses investigated whether initial proficiency levels interacted with treatment effects. On sentence-level fluency and comprehension and on vocabulary learning, initial scores were significantly associated with treatment effects-however, in opposite directions. Students who scored low at baseline on sentence reading and comprehension scored relatively higher at posttest on that measure, whereas students who scored high at baseline on the proximal vocabulary measure scored relatively higher at posttest on that measure. The discussion focuses on the difficulty of remediating persistent reading difficulties in high school, particularly among English learners, who are often still in the process of acquiring academic proficiency in English. © 2018 American Psychological Association."
9,0.94051724137931,2022,"Student Learning, Reading, and Educational Intervention","The Benefits of a Metacognitive Lesson on Children’s Understanding of Mathematical Equivalence, Arithmetic, and Place Value","Metacognition is theorized to play a central role in children’s mathematics learning. The primary goal of the current study was to provide experimental evidence in support of this role with elementary school students learning about mathematical equivalence. The final sample included 135 children (59 first graders and 76 second graders) who participated in the study across three sessions in their classrooms. They completed a pretest during Session 1, a lesson and posttest during Session 2, and a 2-week delayed retention test during Session 3. For Session 2, children were randomly assigned to receive a lesson on mathematical equivalence with or without integrated metacognitive questions. Relative to the control lesson, children who received the metacognitive lesson demonstrated higher accuracy and higher metacognitive monitoring scores on the posttest and retention test. Further, these benefits sometimes extended to uninstructed items targeting arithmetic and place value. No condition effects were observed for children’s metacognitive control skills within any of the topics. These findings suggest a brief metacognitive lesson can improve children’s mathematics understanding. © 2021. American Psychological Association"
9,0.939230769230769,2021,"Student Learning, Reading, and Educational Intervention","Helping Preschoolers Learn Math: The Impact of Emphasizing the Patterns in Objects and Numbers","Preschoolers’ repeating patterning knowledge is predictive of their concurrent and later math and numeracy knowledge, but strong experimental evidence is needed to determine if these relations arecausal. The purpose of the current study was to examine the causal effects of repeating patterning andnumeracy tutoring on repeating patterning, numeracy, and general mathematics knowledge in the yearbefore kindergarten (i.e., pre-K). Children in pre-K (N = 211) were randomly assigned to receive fivesessions of researcher-delivered tutoring (a) on repeating patterns and numeracy or (b) on numeracy(and literacy as an active control), or received no tutoring and business as usual classroom instruction(control). Children who received tutoring in repeating patterning and numeracy improved in their repeatingpatterning knowledge the most. However, children’s general math and numeracy knowledgeimproved similarly across conditions, and a specific aspect of numeracy emphasized during the tutoringdid not improve. Children’s repeating patterning knowledge is malleable, but this initial attempt to demonstratecausal links between repeating patterning and math knowledge was not successful. Results parallelmixed success in research training other skills, such as working memory or spatial skills, forimproving mathematics knowledge. Findings are discussed in terms of the relations between patterning,numeracy, and general math knowledge in preschoolers © 2021. American Psychological Association"
9,0.938759689922481,2017,"Student Learning, Reading, and Educational Intervention","Acquiring science and social studies knowledge in kindergarten through fourth grade: Conceptualization, design, implementation, and efficacy testing of content-area literacy instruction (CALI)","With national focus on reading and math achievement, science and social studies have received less instructional time. Yet, accumulating evidence suggests that content knowledge is an important predictor of proficient reading. Starting with a design study, we developed content-area literacy instruction (CALI) as an individualized (or personalized) instructional program for kindergarteners through 4th graders to build science and social studies knowledge. We developed CALI to be implemented in general education classrooms, over multiple iterations (n = 230 students), using principles of design-based implementation research. The aims were to develop CALI as a usable and feasible instructional program that would, potentially, improve science and social studies knowledge, and could be implemented during the literacy block without negatively affecting students' reading gains (i.e., no opportunity cost). We then evaluated the efficacy of CALI in a randomized controlled field trial with 418 students in kindergarten through 4th grade. Results reveal that CALI demonstrates promise as a usable and feasible instructional individualized general education program, and is efficacious in improving social studies (d = 2.2) and science (d = 2.1) knowledge, with some evidence of improving oral and reading comprehension skills (d = .125). © 2016 American Psychological Association."
9,0.937795275590551,2023,"Student Learning, Reading, and Educational Intervention","Tracking Informal Fraction Knowledge and Its Correlates Across First Grade","Young children have informal knowledge of fractions before learning about fraction symbols in school. In the current study, we followed 103 children in the Mid-Atlantic United States from the fall to the spring of first grade to characterize the development of individual differences in early informal fraction knowledge, as well as its relation to other mathematical and cognitive skills. Most children in our sample showed some early fraction knowledge at the beginning of first grade, especially with nonsymbolic fractions and halving, and this knowledge improved over the school year without explicit instruction in fractions. However, there were large individual differences in early fraction knowledge at the start of first grade, which explained significant variance in math achievement at the end of first grade, even when controlling for whole number knowledge and a variety of cognitive skills. Start-of-year whole number knowledge, but not spatial scaling or proportional reasoning, also predicted early end-of-year fraction knowledge. These data can inform activities for learning in the early years to foster both early fraction and integer knowledge in parallel, which may better prepare students for later formal instruction in fractions. © 2023 American Psychological Association"
9,0.934972677595628,2024,"Student Learning, Reading, and Educational Intervention","A Web-Based Intelligent Tutoring System for Reading Comprehension Delivered to Fifth-Grade Students Attending High-Poverty Schools: Results From a Replication Efficacy Study","Reading comprehension is an essential skill for academic success in K-12 settings and professional success beyond schooling. Unfortunately, approximately 33% of students fail to master this essential skill in elementary grades. Students attending high-poverty schools are at a bigger disadvantage due to high teacher turnover and lack of high-quality instruction. Recent efficacy studies with upper elementary-grade students attending rural and suburban schools have revealed that the text structure strategy focused on generating main ideas and summarization and delivered by a web-based intelligent tutor for structure strategy (ITSS) had a positive impact on reading comprehension measured by standardized and researcher-designed measures. The current study focused on replicating these findings with fifth-grade students attending high-poverty schools. A cluster randomized controlled trial with 33 elementary schools was conducted with 2-day teacher practice-based professional development, pretests at the beginning of the academic year, followed by a year-long implementation of the ITSS with coaching and modeling for teachers to provide consistent instruction, and posttests administered at the end of the academic year. Multilevel analysis of data revealed large effects on researcher-designed measures related to writing the main idea and recall (effect sizes ranged from 0.97 to 1.32). A small, yet not statistically significant, effect (effect size = 0.23) was found that favored the intervention classrooms on the standardized Gray silent reading test. These results replicate findings from previous studies on the ITSS. The positive results provide additional evidence of the impact of ITSS on reading comprehension for students attending high-poverty schools who need support the most. © (2024), (American Psychological Association). All rights reserved."
9,0.934615384615385,2022,"Student Learning, Reading, and Educational Intervention","A Longitudinal Randomized Trial of a Sustained Content Literacy Intervention From First to Second Grade: Transfer Effects on Students’ Reading Comprehension","We developed a sustained content literacy intervention that emphasized building domain and topic knowledge from Grade 1 to Grade 2 and evaluated transfer effects on students’ reading comprehension outcomes. The Model of Reading Engagement (MORE) intervention emphasizes thematic lessons that provide an intellectual framework for helping students connect new learning to a general schema (i.e., how scientists study past events). A total of 30 elementary schools (N = 2,952 students; N = 144 teachers) were randomly assigned to a treatment or control group. Over 12 months, the treatment group students participated in (a) spring Grade 1 thematic content literacy lessons in science and social studies followed by wide reading of thematically related informational texts during summer, and (b) fall to spring Grade 2 thematic content literacy lessons in science. After implementation of Grade 1 thematic content literacy lessons and summer support for reading, treatment group students experienced smaller summer losses on a domain-general measure of reading than control group students. Following the sustained implementation of thematic content literacy lessons in science through Grade 2, treatment group students also outperformed their control group peers on a science content reading comprehension outcome (ES =.18). Furthermore, we found transfer effects on science content reading comprehension that varied by passage-item type (near-, mid-, and far-transfer passages determined by the inclusion and number of directly taught words in passages). A sustained content literacy intervention that aligns content and instruction across grades can help students transfer knowledge to novel reading comprehension tasks. © 2022 American Psychological Association"
9,0.93433734939759,2024,"Student Learning, Reading, and Educational Intervention","Transactional Development of Science and Mathematics Knowledge and Reading Proficiency for Multilingual Students Across Languages of Instruction","This longitudinal study explored the reciprocal relations between students’ domain-specific knowledge (science and mathematics) and reading proficiency from kindergarten to Grade 5. We compared these relational trajectories across both domains in the overall sample and examined the domain specificity of these relations within a multilingual subsample with varying language instruction backgrounds. Using latent curve modeling with structured residuals on a nationally representative data set, we identified two key patterns. In the overall sample, higher reading proficiency at kindergarten was associated with greater growth in science and mathematics knowledge, with a particularly pronounced effect in science. The predictive power of science knowledge on reading proficiency strengthened significantly from Grades 2 to 5, while reciprocal relations in mathematics intensified over time. For multilingual students, outcomes varied by the language of instruction. Those receiving English-only instruction showed early correlations between science and mathematics knowledge and reading proficiency; however, initial science and mathematics knowledge did not predict longterm growth in reading proficiency. Conversely, multilingual students who received instruction in their native language showed no immediate correlations at kindergarten. Nonetheless, their early science and mathematics knowledge significantly predicted later growth in reading proficiency. The findings underscore the critical role of native-language instruction in providing an accessible, vital cognitive and linguistic foundation that supports deeper domain knowledge building, highlighting the enduring benefits of native-language scaffolding. © 2024 American Psychological Association"
9,0.929761904761905,2020,"Student Learning, Reading, and Educational Intervention","Keys to the Gate? Equal Sign Knowledge at Second Grade Predicts Fourth-Grade Algebra Competence","Algebraic competence is a major determinant of college access and career prospects, and equal sign knowledge is taken to be foundational to algebra knowledge. However, few studies have documented a causal effect of early equal sign knowledge on later algebra skill. This study assessed whether second-grade students’ equal sign knowledge prospectively predicts their fourth-grade algebra knowledge, when controlling for demographic and individual difference factors. Children (N = 177; M<inf>age</inf> = 7.61) were assessed on a battery of tests in Grade 2 and on algebraic knowledge in Grade 4. Second-grade equal sign knowledge was a powerful predictor of these algebraic skills. Findings are discussed in terms of the importance of foregrounding equal sign knowledge to promote effective pedagogy and educational equity. © 2018 Society for Research in Child Development"
9,0.928260869565217,2016,"Student Learning, Reading, and Educational Intervention","Fadeout in an early mathematics intervention: Constraining content or preexisting differences?","A robust finding across research on early childhood educational interventions is that the treatment effect diminishes over time, with children not receiving the intervention eventually catching up to children who did. One popular explanation for fadeout of early mathematics interventions is that elementary school teachers may not teach the kind of advanced content that children are prepared for after receiving the intervention, so lower-achieving children in the control groups of early mathematics interventions catch up to the higherachieving children in the treatment groups. An alternative explanation is that persistent individual differences in children's long-term mathematical development result more from relatively stable preexisting differences in their skills and environments than from the direct effects of previous knowledge on later knowledge. We tested these 2 hypotheses using data from an effective preschool mathematics intervention previously known to show a diminishing treatment effect over time. We compared the intervention group to a matched subset of the control group with a similar mean and variance of scores at the end of treatment. We then tested the relative contributions of factors that similarly constrain learning in children from treatment and control groups with the same level of posttreatment achievement and preexisting differences between these 2 groups to the fadeout of the treatment effect over time. We found approximately 72% of the fadeout effect to be attributable to preexisting differences between children in treatment and control groups with the same level of achievement at posttest. These differences were fully statistically attenuated by children's prior academic achievement. © 2016 American Psychological Association."
9,0.926351351351351,2018,"Student Learning, Reading, and Educational Intervention","The type of writing instruction and practice matters: The direct and indirect effects of writing instruction and student practice on reading achievement","Previous research has demonstrated that writing instruction can support reading achievement (Graham & Hebert, 2011); however much of this work involved carefully designed interventions. In this study, we evaluated a conceptual framework of the direct and indirect effects of typical writing instruction and student writing practice on reading achievement in first grade. Fall reading, vocabulary, and writing data were collected from 391 students, and classroom writing instruction and student writing practice were observed in 50 classrooms. The effects of writing instruction on spring reading achievement were evaluated using a 2-level, fixed effects structural equation model. In a multiple mediator model, the total indirect effect of composing writing instruction through student writing practice on spring reading achievement was positive and statistically significant (β = .17, p = .029), with a modest effect of composing writing instruction mediated by generative writing practice (β = .15, p = .024). The final model explained 86% and 59% of the variability in spring reading achievement at the student and classroom levels, respectively. These results suggest that generative writing practice mediates the relationship between composing instruction and spring reading achievement. The results also highlight some potentially positive effects of typical writing instruction and student writing practice after controlling for reading instruction and fall reading achievement. © 2018 American Psychological Association."
9,0.925471698113208,2017,"Student Learning, Reading, and Educational Intervention","Why do early mathematics skills predict later reading? The role of mathematical language","A growing body of evidence indicates that the development of mathematics and literacy skills is highly related. The importance of literacy skills-specifically language-for mathematics development has been well rationalized. However, despite several prominent studies indicating that mathematics skills are highly predictive of literacy development, the reason for this relation is not well understood. The purpose of this study was to identify how and why early mathematics is predictive of early literacy development. Participants included 125 preschool children 3-5 years old (M = 4 years 3 months). Participants were assessed on mathematics, literacy, and cognitive measures in both the fall and spring of their preschool year. Mediation analyses indicated that the relation between early mathematics and literacy skills is mediated by children's mathematical language skills. These findings suggest that, in prior research identifying mathematical performance as a significant predictor of later literacy skills, mathematical performance may have acted only as a proxy measure for more complex language skills such as those assessed on a mathematical language measure. © 2017 American Psychological Association."
9,0.925,2021,"Student Learning, Reading, and Educational Intervention","Effects of Digital Learning Skill Training on the Academic Performance of Undergraduates in Science and Mathematics","Many science, engineering, technology, and math (STEM) majors fail to complete their degrees, and those who leave report they lack learning skills required for STEM coursework. In 2 studies, we examined the effects on students’ exam performances when they were assigned to complete a brief digital learning skills training program we embedded into their course site on the university learning management system for their large lecture science and math courses. Study 1 examined whether delivering brief trainings that teach learning skills to students directly within their STEM course site during the first weeks of class would encourage undergraduate science learners to adopt effective learning behaviors and improve their achievement on exams. Additional analyses examined benefits to a group underrepresented in the STEM workforce: first-generation college students. Students who spent time completing training made greater use of resources supporting planning, monitoring, and cognitive strategy use and outperformed students in the control group on initial and final exams. Study 2 examined whether the same, domain-general learning skill training could produce effects when placed in a college algebra course. Random assignment to treatment and control was conducted early in the second course unit. Those in the skill training condition outperformed a control group who solved additional algebra problems on the next 2 unit exams. Across studies, effects of training were similar for first-generation and continuing generation students. However, the effects obtained often improved the exam scores of first-generation students from below to above the minimum score which requires course reenrollment and delays STEM degree completion © 2020 American Psychological Association"
9,0.923754789272031,2021,"Student Learning, Reading, and Educational Intervention","Improving reading comprehension, science domain knowledge, and reading engagement through a first-grade content literacy intervention.","This study investigated the effectiveness of the Model of Reading Engagement (MORE), a content literacy intervention, on first graders’ science domain knowledge, reading engagement, and reading comprehension. The MORE intervention emphasizes the role of domain knowledge and reading engagement in supporting reading comprehension. MORE lessons included a 10-day thematic unit that provided a framework for students to connect new learning to a meaningful schema (i.e., Arctic animal survival) and to pursue mastery goals for acquiring domain knowledge. A total of 38 first-grade classrooms (N = 674 students) within 10 elementary schools were randomly assigned to (a) MORE at school (MS), (b) MORE at home, (MS-H), in which the MS condition included at-home reading, or (c) typical instruction. Since there were minimal differences in procedures between the MS and MS-H conditions, the main analyses combined the two treatment groups. Findings from hierarchical linear models revealed that the MORE intervention had a positive and significant effect on science domain knowledge, as measured by vocabulary knowledge depth (effect size [ES] =.30), listening comprehension (ES =.40), and argumentative writing (ES =.24). The MORE intervention effects on reading engagement as measured by situational interest, reading motivation, and task orientations were not statistically significant. However, the intervention had a significant, positive effect on a distal measure of reading comprehension (ES =.11), and there was no evidence of Treatment × Aptitude interaction effects. Content literacy can facilitate first graders’ acquisition of science domain knowledge and reading comprehension without contributing to Matthew effects. (PsycInfo Database Record (c) 2021 APA, all rights reserved) Educational Impact and Implications Statement—In the present study, classroom teachers taught first-grade children about science knowledge while they conducted literacy instruction. Grounding literacy instruction in science content is called content literacy instruction. The aim of content literacy instruction is to help young children acquire conceptually related vocabulary while learning science (and history) content. Results indicate that content literacy instruction can improve first graders’ science domain knowledge and reading comprehension outcomes. Furthermore, there were no negative or adverse effects on first graders’ reading engagement or basic literacy skills. The study suggests that content literacy instruction can improve the rigor, quality, and effectiveness of whole class literacy instruction in the early elementary grades. (PsycInfo Database Record (c) 2021 APA, all rights reserved) © 2020 American Psychological Association"
9,0.921,2020,"Student Learning, Reading, and Educational Intervention","English Reading Growth in Spanish-Speaking Bilingual Students: Moderating Effect of English Proficiency on Cross-Linguistic Influence","This study examined the extent to which kindergarten Spanish reading affected English reading growth trajectories through fourth grade among nationally representative Spanish-speaking bilingual students (N = 312) in the United States and whether the association varied by students' English oral proficiency. Multilevel growth curve analyses revealed that stronger early Spanish reading was related to greater English reading growth. Within the stronger Spanish reading group, students with lower English oral proficiency initially began behind their counterparts but caught up with and surpassed them later. Within the weaker Spanish reading group, the difference between lower and higher English oral proficiency groups increased over time. Findings suggest that initially well-developed Spanish reading competence plays a greater role in English reading development than English oral proficiency. © 2019 Society for Research in Child Development"
9,0.919594594594595,2020,"Student Learning, Reading, and Educational Intervention","Can a Brief, Digital Skill Training Intervention Help Undergraduates “Learn to Learn” and Improve Their STEM Achievement?","Students who drop out of their science, technology, engineering, and math (STEM) majors commonly report that they lack skills critical to STEM learning and career pursuits. Many training programs exist to develop students’ learning skills and they typically achieve small to medium effects on behaviors and performance. However, these programs require large investments of students’ and instructors’ time and effort, which limits their applicability to large lecture course formats commonly employed in early undergraduate STEM coursework. This study examined whether brief, digital training modules designed to help students apply learning strategies and self-regulated learning principles effectively in their STEM courses can impact students’ behaviors and performance in a large biology lecture course. Results indicate that a 2-hr Science of Learning to Learn training had significant effects on students’ use of resources for planning, monitoring, and strategy use, and improved scores on quizzes and exams. These findings indicate that a brief, self-guided, online training can increase desirable learning behaviors and improve STEM performance with minimal cost to learners or instructors. Implications for future design of interventions and their provision to students in need of support are discussed. © 2019 American Psychological Association"
9,0.919289340101523,2021,"Student Learning, Reading, and Educational Intervention","The effects of historical reading and writing strategy instruction with fourth- through sixth-grade students.","In this quasi-experimental study, 608 fourth-, fifth-, and sixth-grade students explored 5 historical investigations. In the experimental condition, teachers used a cognitive apprenticeship model to teach students historical reading and writing strategies. Comparison teachers used the same materials to deliver a business-as-usual form of instruction. Random assignment was at the individual level for fourth and fifth graders and at the classroom level for sixth graders. After controlling for gender, ethnicity, and pretest scores, the findings indicated that experimental students outperformed their peers in control classrooms on measures of essay length (ES = 0.25), holistic writing quality (ES = 0.59), and argumentative historical writing (ES = 0.67). Differences in students’ argumentative historical writing remained after six weeks (ES = 0.71). Finally, students with disabilities as well as those who did not meet annual reading proficiency benchmarks on state-administered assessments all benefited from experimental instruction. These results suggest that with appropriate supports and the opportunity to engage in meaningful historical content, students in fourth through sixth grade can analyze primary and secondary source documents and write evidence-based historical arguments. (PsycInfo Database Record (c) 2021 APA, all rights reserved) Educational Impact and Implications Statement—The authors investigated the effects of teaching fourth-, fifth-, and sixth-grade students (N = 608) historical reading and writing strategies, using a cognitive apprenticeship model of instruction, on their general and argumentative historical writing. The 5-week intervention yielded positive effects on the length, holistic quality, and argumentative historical writing of fourth through sixth graders. However, students with stronger incoming reading proficiency generally benefitted more from experimental instruction. The positive effect in students’ argumentative historical writing was still evident six weeks after instruction ended. This study has implications for teaching historical literacies to students in upper elementary and beginning middle-level classrooms. (PsycInfo Database Record (c) 2021 APA, all rights reserved) © 2020 American Psychological Association"
9,0.918045112781955,2019,"Student Learning, Reading, and Educational Intervention","The lure of seductive details during lecture learning","Research demonstrates that seductive details negatively impact learning from instructional materials such as textbooks and learning modules. Yet, anecdotally, teachers and students consider seductive details an enhancement to classroom lectures. We examined this apparent disconnect by exploring the impact of seductive details in mathematics lecture learning as a function of prior knowledge across 2 affective contexts: low-stakes learning and high-stakes learning. Undergraduate students viewed a video lecture on matrix algebra with or without seductive details either in a low-stakes or high-stakes learning environment. The high stakes were designed to mimic common classroom accountability for learning and were removed prior to the final test. On the final test, seductive details were generally detrimental in the low-stakes, but not high-stakes, learning environment. However, this effect was moderated by students' prior knowledge. Students with higher prior knowledge were not impacted by seductive details in either high- or low-stakes learning environments. In contrast, students with lower prior knowledge-those most in need of pedagogical assistance-learned more when seductive details were included in a high-stakes lecture environment. These results suggest that seductive details may not be as detrimental as previously concluded, and may even be beneficial in an incentivized learning environment for students who have the most to learn. © 2018 American Psychological Association."
9,0.908403361344538,2020,"Student Learning, Reading, and Educational Intervention","Persistence and convergence: The end of kindergarten outcomes of pre-K graduates and their nonattending peers.","The present investigation examined the benefits of pre-K through the end of kindergarten for children from low-income homes who lived in a large and diverse county (n = 2,581) as well as factors associated with a reduction in benefits during the kindergarten year. Results revealed that pre-K graduates outperformed nonattenders in the areas of achievement and executive functioning skills at the end of kindergarten, and also that the benefits of pre-K at the start of the year diminished by a little more than half. This convergence between groups’ performance was largest for more constrained skills, such as letter-word identification, and was attributed to the fact that nonattenders made greater gains in kindergarten as compared with graduates of pre-K. Importantly, convergence in the groups’ performance in kindergarten was not attributed to pre-K children’s classroom experiences in kindergarten. Convergence was, however, attributable to preexisting individual differences, and there was support for the notion that even though children’s skills are susceptible to improvement as a result of pre-K, their longer-term outcomes are likely to be impacted by factors that are outside the scope of early schooling. (PsycInfo Database Record (c) 2020 APA, all rights reserved) © 2020 American Psychological Association"
9,0.904807692307692,2017,"Student Learning, Reading, and Educational Intervention","Effects of a year long supplemental reading intervention for students with reading difficulties in fourth grade","Research examining effective reading interventions for students with reading difficulties in the upper elementary grades is limited relative to the information available for the early elementary grades. In the current study, we examined the effects of a multicomponent reading intervention for students with reading comprehension difficulties. We used a partially nested analysis with latent variables to adequately match the design of the study and provide the necessary precision of intervention effects. We examined the effects of the intervention on students' latent word reading, latent vocabulary, and latent reading comprehension. In addition, we examined whether these effects differed for students of varying levels of reading or English language proficiency. Findings indicated the treatment significantly outperformed the comparison on reading comprehension (Effect Size = 0.38), but no overall group differences were noted on word reading or vocabulary. Students' initial word reading scores moderated this effect. Reading comprehension effects were similar for English learner and non-English learner students. © 2017 American Psychological Association."
9,0.904794520547945,2020,"Student Learning, Reading, and Educational Intervention","Improving fraction understanding in sixth graders with mathematics difficulties: Effects of a number line approach combined with cognitive learning strategies","The effectiveness of an experimental middle school fraction intervention was evaluated. The intervention was centered on the number line and incorporated key principles from the science of learning. Sixth graders (N = 51) who struggled with fraction concepts were randomly assigned at the student level to the experimental intervention (n = 28) or to a business-as-usual control who received their school's intervention (n = 23). The experimental intervention occurred over 6 weeks (27 lessons). Fraction number line estimation, magnitude comparisons, concepts, and arithmetic were assessed at pretest, posttest, and delayed posttest. The experimental group demonstrated significantly more learning than the control group from pretest to posttest, with meaningful effect sizes on measures of fraction concepts (g = 1.09), number line estimation as measured by percent absolute error (g =-.85), and magnitude comparisons (g =.82). These improvements held at delayed posttest 7 weeks later. Exploratory analyses showed a significant interaction between classroom attentive behavior and intervention group on fraction concepts at posttest, suggesting a buffering effect of the experimental intervention on the normally negative impact of low attentive behavior on learning. A number line-centered approach to teaching fractions that also incorporates research-based learning strategies helps struggling learners to make durable gains in their conceptual understanding of fractions. © 2019 American Psychological Association."
9,0.904301075268817,2016,"Student Learning, Reading, and Educational Intervention","Variation in impacts of tulsa pre-K on cognitive development in kindergarten: The role of instructional support","Public prekindergarten (pre-K) programs have been a recent focus of policy and research attention, in part because of their empirically documented, positive short-term impacts on child cognitive development and school readiness. However, no studies have explored factors that might explain variation across schools in public pre-K impacts. The current study examines the Tulsa Public School pre-K program's impacts on children's letter-word identification, spelling, and applied problem-solving skills at kindergarten entry. Findings reveal substantial across-school variation in treatment impacts, associated with variation in instructional support. Results are robust to sensitivity checks and are discussed alongside implications for policy and future research. © 2016 American Psychological Association."
9,0.903731343283582,2019,"Student Learning, Reading, and Educational Intervention","Examining developmental relations between core academic language skills and reading comprehension for English learners and their peers","Although many adolescents struggle to comprehend text, the school-relevant language skills, which might contribute to variation in reading comprehension ability during this developmental period, remain understudied. To expand the research base, this study examines the concurrent development of academic language skills and reading comprehension in a sample of emergent bilinguals (EBs) and their English proficient (EP) peers (n = 573) followed over two academic years, from Grade six to seven. Parallel process latent growth modeling results reveal that academic language and reading comprehension skills develop concurrently, with growth rates in Core Academic Language Skills (CALS) positively associated with growth rates in reading comprehension. Furthermore, initial levels of CALS predicted rates of growth in reading comprehension. We also find that EBs, who are by definition in the process of acquiring English, begin Grade six with CALS that are far below their peers, but develop these skills at similar rates as their EP classmates. Results reveal the potential for CALS-focused instruction for improving adolescent learners' reading comprehension development, and highlight the particular relevance of supporting CALS for EBs, who are tasked with acquiring the language of print at the same time as they are acquiring other registers of English. © 2018 American Psychological Association."
9,0.901111111111111,2020,"Student Learning, Reading, and Educational Intervention","Prevention: Necessary But Insufficient? A 2-Year Follow-Up of an Effective First-Grade Mathematics Intervention","We present first-grade, second-grade, and third-grade impacts for a first-grade intervention targeting the conceptual and procedural bases that support arithmetic. At-risk students (average age at pretest = 6.5) were randomly assigned to three conditions: a control group (n = 224) and two variants of the intervention (same conceptual instruction but different forms of practice: speeded [n = 211] vs. nonspeeded [n = 204]). Impacts on all first-grade content outcomes were significant and positive, but no follow-up impacts were significant. Many intervention children achieved average mathematics achievement at the end of third grade, and prior math and reading assessment performance predicted which students will require sustained intervention. Finally, projecting impacts 2 years later based on nonexperimental estimates of effects of first-grade math skills overestimates long-term intervention effects. © 2018 Society for Research in Child Development"
9,0.900588235294118,2024,"Student Learning, Reading, and Educational Intervention","Writing Fluency: Its Relations With Language, Cognitive, and Transcription Skills, and Writing Quality Using Longitudinal Data From Kindergarten to Grade 2","Theoretical models hold that written products (e.g., quality of written composition) are the outcome of the writing process (e.g., translation, transcription, revision) and skills and knowledge on which the writing process draws (e.g., language, transcription, cognitive skills). In the present study, we examined the relations among writing quality; the writing production process measured by writing fluency; and language, cognitive, and transcription skills, using longitudinal data from English-speaking beginning writers who were followed from kindergarten to Grade 2 (N= 261). Children’s working memory, attentional control, spelling, handwriting fluency, vocabulary, grammatical knowledge, and writing quality were measured in kindergarten, Grade 1, and Grade 2.Writing fluency was measured in Grade 2 in two ways, using a process-based measure, writing burst length (chunks of text produced between pauses during writing), and a product-based measure, the number of words produced per total writing time. Results from structural equation modeling showed that Grade 2 writing fluency was moderately related to Grade 2 writing quality (.40) and completely mediated the relations of Grade 1 spelling and handwriting fluency skills to Grade 2 writing quality. In contrast, Grade 1 vocabulary was directly related to Grade 2 writing quality over and above Grade 2 writing fluency. Kindergarten working memory was indirectly related to Grade 2 writing fluency via Grade 1 spelling skill. These findings indicate that thewriting production process measured by writing fluencymediates the relations of transcription skills to writing quality, and executive function is indirectly related to writing fluency via transcription skills for beginning writers. © 2024 American Psychological Association"
9,0.900555555555556,2024,"Student Learning, Reading, and Educational Intervention","Time to Transfer: Long-Term Effects of a Sustained and Spiraled Content Literacy Intervention in the Elementary Grades","We investigated the effectiveness of a sustained and spiraled content literacy intervention that emphasizes building domain and topic knowledge schemas and vocabulary for elementary-grade students. The model of reading engagement intervention underscores thematic lessons that provide an intellectual structure for helping students connect new learning to a general schema in Grade 1 (animal survival), Grade 2 (scientific investigation of past events like dinosaur mass extinctions), and Grade 3 (scientific investigation of living systems). A total of 30 elementary schools (N = 2,870 students) were randomized to a treatment or control condition. In the treatment condition (i.e., full spiral curriculum), students participated in content literacy lessons from Grades 1 to 3 during the school year and wide reading of thematically related informational texts in the summer following Grades 1 and 2. In the control condition (i.e., partial spiral curriculum), students participated in lessons in only Grade 3. The Grade 3 lessons for both conditions were implemented online during the COVID-19 pandemic school year. Results reveal that treatment students outperformed control students on science vocabulary knowledge across all three grades. Furthermore, intent-to-treat analyses revealed positive transfer effects on Grade 3 science reading (ES =.14), domain-general reading comprehension (ES =.11), and mathematics achievement (ES =.12). Treatment impacts were sustained at 14-month follow-up on Grade 4 reading comprehension (ES =.12) and mathematics achievement (ES =.16). Findings indicate that a content literacy intervention that spirals topics and vocabulary across grades can improve students’ long-term academic achievement outcomes. © 2024 The Author(s)"
9,0.9,2018,"Student Learning, Reading, and Educational Intervention","Improving performance and retention in introductory biology with a utility-value intervention","One way to encourage performance and persistence in STEM fields is to have students write about the utility value (UV) or personal relevance of course topics to their life. This intervention has been shown to increase engagement and performance in introductory courses. However, questions remain about the longevity of the effects and how best to implement the intervention in terms of dosage and timing. We tested a UV intervention in the first semester of a 2-semester introductory biology sequence. For each of 3 units across the semester, students (N = 577) were randomly assigned to receive either a UV writing assignment, in which they explained why course material was useful to them personally, or a control assignment, in which they summarized course material. This fully crossed design tested the effect of UV dosage level (0, 1, 2, or 3 UV assignments) as well as the effect of timing (e.g., UV first, control first). We found that students exposed to any dosage of UV earned higher grades in the course, were more likely to enroll in the second course of the biology sequence, and were less likely to abandon their STEM major than students who did not receive any UV assignments. In terms of timing, students with a history of poor performance benefitted from writing a UV essay in the beginning of the semester, whereas higherperforming students benefitted from a UV essay at the end of the semester. Recommendations for practice are discussed. © 2017 American Psychological Association."
9,0.899152542372881,2022,"Student Learning, Reading, and Educational Intervention","From Here to There! A Dynamic Algebraic Notation System Improves Understanding of Equivalence in Middle-School Students","Understanding equivalence is fundamental to STEM disciplines, yet misunderstandings and misconceptions inhibit students from fully appreciating or leveraging the concept. Using the game-based algebraic notation system, From Here to There! (FH2T), students explore ideas of equivalence by dynamically transforming expressions or equations among mathematically equivalent states. In the fall of 2019, 475 middle-school students participated in a randomized control trial where they worked in either FH2T or online problem sets with hints and feedback in ASSISTments over four 30-min sessions during their math class. We found that (a) students in both conditions improved their understanding of mathematical equivalence from pretest to posttest, (b) students in the FH2T condition performed better on posttest compared to students in the problem set condition, and (c) the condition effect was comparable between students with high versus low prior knowledge. Together, the findings suggest that FH2T is an effective intervention for improving middle-school students’ understanding of mathematical equivalence. The implications for research and practice on the usefulness of digital environments in mathematics education are discussed. © 2021 American Psychological Association"
9,0.898192771084337,2025,"Student Learning, Reading, and Educational Intervention","Conducting a National Expansion of a Text-Based Argument Writing Intervention for Secondary Students Using a Cognitive Strategies Approach","In this study, we report findings from a multisite cluster randomized controlled trial designed to replicate and scale up an existing successful professional development program that uses a cognitive strategies approach to text-based argument writing. The Pathway to Academic Success Project worked with partner districts recruited by eight sites affiliated with the National Writing Project in seven states. Informed by a wide body of research on the efficacy of cognitive strategy instruction, the intervention aimed to help culturally and linguistically diverse students in low-socioeconomic status, high needs middle and high schools to improve their argument writing. The study sample includes 4,136 students (n =2,232 treatment; n=1,904 control) in Grades 7–11 in the classes of 174 teachers (n= 86 treatment; n= 88 control) in 46 schools. Treatment teachers participated in 28 hr of training and learned how to apply cognitive strategies to help students understand, interpret, and write argument essays about complex texts. Despite disruptions to program implementation during the pandemic, multilevel models revealed that the intervention had a significant positive effect on student writing quality (d= 0.13), content (d= 0.12), structure (d=0.14), stance (d =0.12), conventions (d= 0.11), and productivity (d= 0.23). The intervention did not have differential impacts on students’ writing quality for demographic subgroups, underscoring the intervention’s potential to provide equitable learning opportunities for all participants. © (2025), American Psychological Association"
10,0.96578947368421,2021,"Personality Traits, Attitudes, and Individual Differences","Preregistered Replication of “Feeling Superior Is a Bipartisan Issue: Extremity (Not Direction) of Political Views Predicts Perceived Belief Superiority”","There is currently a debate in political psychology about whether dogmatism and belief superiority are symmetric or asymmetric across the ideological spectrum. Toner, Leary, Asher, and Jongman-Sereno (2013) found that dogmatism was higher among conservatives than liberals, but both conservatives and liberals with extreme attitudes reported higher perceived superiority of beliefs. In the current study, we conducted a preregistered direct and conceptual replication of this previous research using a large nationally representative sample. Consistent with Toner et al.’s findings, our results showed that conservatives had higher dogmatism scores than liberals, whereas both conservative and liberal extreme attitudes were associated with higher belief superiority compared with more moderate attitudes. As in their study, we also found that whether conservative or liberal attitudes were associated with higher belief superiority was topic dependent. Contrasting Toner et al.’s findings, our results also showed that ideologically extreme individuals had higher dogmatism. We discuss implications of these results for theoretical debates in political psychology. © The Author(s) 2021."
10,0.955454545454545,2016,"Personality Traits, Attitudes, and Individual Differences","To Live Among Like-Minded Others: Exploring the Links Between Person-City Personality Fit and Self-Esteem","Does it matter if your personality fits in with the personalities of the people where you live? The present study explored the links between person-city personality fit and self-esteem. Using data from 543,934 residents of 860 U.S. cities, we examined the extent to which the fit between individuals’ Big Five personality traits and the Big Five traits of the city where they live (i.e., the prevalent traits of the city’s inhabitants) predicts individuals’ self-esteem. To provide a benchmark for these effects, we also estimated the degree to which the fit between person and city religiosity predicts individuals’ self-esteem. The results provided a nuanced picture of the effects of person-city personality fit on self-esteem: We found significant but small effects of fit on self-esteem only for openness, agreeableness, and conscientiousness, rather than effects for all Big Five traits. Similar results and effect sizes were observed for religiosity. We conclude with a discussion of the relevance and limitations of this study. © The Author(s) 2016."
10,0.923300970873786,2018,"Personality Traits, Attitudes, and Individual Differences","Hong Kong Liberals Are WEIRD: Analytic Thought Increases Support for Liberal Policies","This study tests whether liberals and conservatives within the same society think as if they were from different cultures. I tested this by measuring the cultural thought style of social liberals and conservatives in Hong Kong (Study 1). Liberals tended to think more analytically (more “WEIRD”), and conservatives tended to think more holistically (more common in East Asia). In Study 2, I trained people to think analytically or holistically before they read articles on political issues. Analytic thought caused people to form more liberal opinions, and holistic thought caused people to form more conservative opinions. The thought training affected participants’ responses to a social issue, but not an economic issue or whether they identified as liberal or conservative. This study replicates a previous U.S. finding in an East Asian culture and a different political environment, suggesting that the link between politics and thought style extends beyond the United States. © 2018, © 2018 by the Society for Personality and Social Psychology, Inc."
10,0.907476635514019,2025,"Personality Traits, Attitudes, and Individual Differences","Intraindividual Changes in Political Identity Strength (But Not Direction) Are Associated With Political Animosity in the United States and the Netherlands","We test if within-person changes in political identities are associated with within-person changes in political animosity in two longitudinal studies (United States N = 552, Waves = 26; Netherlands N = 1,670, Waves = 12). Typical studies examine cross-sectional associations without assessing within-person change. Our work provides a stronger test of the relationship. We find that within-person changes in the strength of people’s ideological and partisan identities are associated with increased political animosity. We found no such associations with within-person changes in identity direction. These patterns were robust to covariates and emerged in both studies. In addition to these average effects, we found substantial heterogeneity across participants in the associations among identity strength, identity direction, and political animosity. We did not find robust and replicable moderators for this heterogeneity. These findings suggest that identity strength (but not identity direction) is a key, if heterogenous, factor in changes in political animosity. © 2023 by the Society for Personality and Social Psychology, Inc."
10,0.899074074074074,2018,"Personality Traits, Attitudes, and Individual Differences","The Description of Situations: Towards replicable domains of psychological situation characteristics","Using the most comprehensive lexical approach with English adjectives to date, Parrigon et al. (2017) found 7 major dimensions of psychological situation characteristics (CAPTION: Complexity, Adversity, Positive Valence, Typicality, Importance, humOr, Negative Valence). Researchers using or studying situations may be interested in how well these dimensions empirically overlap with dimensions from other taxonomies, such as the DIAMONDS (Duty, Intellect, Adversity, Mating, pOsitivity, Negativity, Deception, Sociality). This comment highlights empirical and theoretical convergences between CAPTION and DIAMONDS scales, yielding evidence for 5 replicable dimensions. In general, average convergent correlations were substantial (.47-.69), much larger than discriminant ones (.18-.30), and as high as or higher than those typically found for Big Five scales. We highlight the opportunity to integrate different situation characteristics taxonomies and conclude with the plea for large-scale, cross-cultural research that can further expand our knowledge on the structures of situation characteristics. © 2018 American Psychological Association."
10,0.864814814814815,2018,"Personality Traits, Attitudes, and Individual Differences","The incremental validity of average state self-reports over global self-reports of personality","Personality traits are most often assessed using global self-reports of one's general patterns of thoughts, feelings, and behavior. However, recent theories have challenged the idea that global self-reports are the best way to assess traits. Whole Trait Theory postulates that repeated measures of a person's self-reported personality states (i.e., the average of many state self-reports) can be an alternative and potentially superior way of measuring a person's trait level (Fleeson & Jayawickreme, 2015). Our goal is to examine the validity of average state self-reports of personality for measuring between-person differences in what people are typically like. In order to validate average states as a measure of personality, we examine whether they are incrementally valid in predicting informant reports above and beyond global selfreports. In 2 samples, we find that average state self-reports tend to correlate with informant reports, although this relationship is weaker than the relationship between global self-reports and informant reports. Further, using structural equation modeling, we find that average state self-reports do not significantly predict informant reports independently of global self-reports. Our results suggest that average state self-reports may not contain information about between-person differences in personality traits beyond what is captured by global self-reports, and that average state self-reports may contain more self-bias than is commonly believed. We discuss the implications of these findings for research on daily manifestations of personality and the accuracy of self-reports. © 2017 American Psychological Association."
10,0.864210526315789,2022,"Personality Traits, Attitudes, and Individual Differences","Cultural Differences in Susceptibility to the End of History Illusion","The End of History Illusion (EoHI) is the tendency to report that a greater amount of change occurred in the past than is predicted to occur in the future. We investigated if cultural differences exist in the magnitude of the EoHI for self-reported life satisfaction and personality traits. We found an effect of culture such that the difference between reported past and predicted future change was greater for U.S. Americans than Japanese, and that individual differences in two aspects of the self (self-esteem and self-concept clarity) mediated the link between culture and the magnitude of the EoHI. We also found a robust cultural difference in perceptions of past change; U.S. Americans tended to think about the past more negatively than their Japanese counterparts. These findings yield new insight onto the link between cultural context and the way people remember the past and imagine the future. © 2021 by the Society for Personality and Social Psychology, Inc."
10,0.860509554140127,2016,"Personality Traits, Attitudes, and Individual Differences","Stability and Change of Personality Traits, Self-Esteem, and Well-Being: Introducing the Meta-Analytic Stability and Change Model of Retest Correlations","The stability of individual differences is a fundamental issue in personality psychology. Although accumulating evidence suggests that many psychological attributes are both stable and change over time, existing research rarely takes advantage of theoretical models that capture both stability and change. In this article, we present the Meta-Analytic Stability and Change model (MASC), a novel meta-analytic model for synthesizing data from longitudinal studies. MASC is based on trait-state models that can separate influences of stable and changing factors from unreliable variance (Kenny & Zautra, 1995). We used MASC to evaluate the extent to which personality traits, life satisfaction, affect, and self-esteem are influenced by these different factors. The results showed that the majority of reliable variance in personality traits is attributable to stable influences (83%). Changing factors had a greater influence on reliable variance in life satisfaction, self-esteem, and affect than in personality (42%-56% vs. 17%). In addition, changing influences on well-being were more stable than changing influences on personality traits, suggesting that different changing factors contribute to personality and well-being. Measures of affect were less reliable than measures of the other 3 constructs, reflecting influences of transient factors, such as mood on affective judgments. After accounting for differences in reliability, stability of affect did not differ from other well-being variables. Consistent with previous research, we found that stability of individual differences increases with age. © 2015 American Psychological Association."
10,0.850625,2023,"Personality Traits, Attitudes, and Individual Differences","Transactional Effects Between Personality and Religiosity","Do changes in religiosity beget changes in personality, or do changes in personality precede changes in religiosity? Existing evidence supports longitudinal associations between personality and religiosity at the between-person level, such that individual differences in personality predict subsequent individual differences in change in religiosity. However, no research to date has examined whether within-person changes in personality lead to subsequent changes in religiosity. Using random intercept cross-lagged panel models (RI-CLPM), we investigated between- and within-person associations between the Big Five personality traits and three aspects of religiosity—belief in God, service attendance, and prayer—in a sample of over 12,000 Dutch individuals across 11 annual assessments. We found between-person associations between all Big Five traits and religiosity, yet within-person associations only between agreeableness as well as extraversion and belief in God. Specifically, individuals who increased in agreeableness or extraversion reported subsequent increases in their belief in God and, in addition, individuals who increased in their belief in God showed subsequent increases in agreeableness. We further identified significant moderating effects of gender, religious upbringing, and religious affiliation. Overall, the present findings suggest that the associations between personality traits and religiosity primarily occur at the between-person level. However, the evidence for intraindividual associations between agreeableness, extraversion, and religious belief highlights the importance of distinguishing between-person from within-person effects to broaden the understanding of the temporal dynamics between variables. © 2023 American Psychological Association"
10,0.837984496124031,2021,"Personality Traits, Attitudes, and Individual Differences","Religious residue: Cross-cultural evidence that religious psychology and behavior persist following deidentification.","More than 1 billion people worldwide report no religious affiliation. These religious “nones” represent the world's third largest religion-related identity group and are a diverse group, with some having previous religious identification and others never identifying as religious. We examined how 3 forms of religious identification—current, former, and never—influence a range of cognitions, emotions, and behavior. Three studies using nationally representative samples of religious Western (United States), secular Western (Netherlands, New Zealand) and Eastern (Hong Kong) cultures showed evidence of a religious residue effect: Formerly religious individuals (i.e., religious “dones”) differed from never religious and currently religious individuals in cognitive, emotional, and behavioral processes. Study 1 (n = 3,071) offered initial cross-cultural evidence, which was extended in a preregistered replication study that also included measures of charitable contribution (Study 2; n = 1,626). Study 3 (N = 31,604) found that individuals who deidentified were still relatively likely to engage in prosocial behavior (e.g., volunteering) after leaving religion. This research has broad implications for understanding changing global trends in religious identification and their consequences for psychology and behavior. (PsycInfo Database Record (c) 2021 APA, all rights reserved) © 2020 American Psychological Association"
10,0.837755102040816,2021,"Personality Traits, Attitudes, and Individual Differences","Religious Identity and Morality: Evidence for Religious Residue and Decay in Moral Foundations","Religion provides a powerful social identity. Building on previous work demonstrating that formerly religious individuals (i.e., religious dones) more closely resemble currently religious individuals than do never religious individuals (i.e., religious nones), we report three studies examining a potential religious residue effect for the endorsement of moral foundations. In Study 1 (N = 312), we found evidence of a stairstep pattern of endorsement of the five moral foundations, descending from currently religious to formerly religious to never religious individuals. Study 2 (N = 957) replicated these findings with a larger sample. In Study 3 (N = 2,071), we found evidence for the religious residue effect in a 4-wave longitudinal study of adolescents and young adults and suggest that the residual effects of religion on endorsement of moral foundations may erode over time. These studies add to a recently burgeoning line of work on the nature and consequences of religious deidentification. © 2021 by the Society for Personality and Social Psychology, Inc."
10,0.835779816513761,2016,"Personality Traits, Attitudes, and Individual Differences","The Political Divide Over Same-Sex Marriage: Mating Strategies in Conflict?","Although support for same-sex marriage has grown dramatically over the past decade, public opinion remains markedly divided. Here, we propose that the political divide over same-sex marriage represents a deeper divide between conflicting mating strategies. Specifically, we propose that opposition to same-sex marriage can be explained in terms of (a) individual differences in short-term mating orientation and (b) mental associations between homosexuality and sexual promiscuity. We created a novel Implicit Association Test to measure mental associations between homosexuality and promiscuity. We found that mental associations between homosexuality and promiscuity, at both the implicit and the explicit levels, interacted with short-term mating orientation to predict opposition to same-sex marriage. Our model accounted for 42.3% of the variation in attitudes toward same-sex marriage, and all predictors remained robust when we controlled for potential confounds. Our results reveal the centrality of mating psychology in attitudes toward same-sex marriage. © 2016, © The Author(s) 2016."
10,0.825,2018,"Personality Traits, Attitudes, and Individual Differences","The Political Self: How Identity Aligns Preferences With Epistemic Needs","Numerous studies have indicated that the need for closure predicts political preferences. We examined a potential moderator of this relationship: political-identity centrality, or the extent to which individuals’ political preferences are central to their self-concept. We tested three hypotheses. First, we predicted that need for closure would be more strongly related to political identity (symbolic ideology and party identification; Hypothesis 1) and issue positions (operational ideology; Hypothesis 2) among individuals who see their political preferences as more self-central. Then we predicted that the stronger relationship between need for closure and issue positions among individuals high in centrality would be accounted for by stronger relationships between need for closure and political identity and between political identity and issue positions (Hypothesis 3). Data from a nationally representative survey provide evidence for these hypotheses, suggesting that the relationship between epistemic needs and political preferences differs as a function of how self-relevant politics is. © 2018, The Author(s) 2018."
10,0.813736263736264,2019,"Personality Traits, Attitudes, and Individual Differences","Sixteen going on sixty-six: A longitudinal study of personality stability and change across 50 years","How much do people's personalities change or remain stable from high school to retirement? To address these questions, we used a large U.S. sample (N = 1,795) that assessed people's personality traits in adolescence and 50 years later. We also used 2 independent samples, 1 cross-sectional and 1 short-term longitudinal (N = 3,934 and N = 38, respectively), to validate the personality scales and estimate measurement error. This was the first study to test personality stability/change over a 50-year time span in which the same data source was tapped (i.e., self-report). This allowed us to use 4 different methods (rank-order stability, mean-level change, individual-level change, and profile stability) answering different developmental questions. We also systematically tested gender differences. We found that the average rank-order stability was .31 (corrected for measurement error) and .23 (uncorrected). The average mean-level change was half of a standard deviation across personality traits, and the pattern of change showed maturation. Individual-level change also supported maturation, with 20% to 60% of the people showing reliable change within each trait. We tested 3 aspects of personality profile stability, and found that overall personality profile stability was .37, distinctive profile stability was .17, and profile normativeness was .51 at baseline and .62 at the follow-up. Gender played little role in personality development across the life span. Our findings suggest that personality has a stable component across the life span, both at the trait level and at the profile level, and that personality is also malleable and people mature as they age. © 2019 American Psychological Association."
10,0.812820512820513,2020,"Personality Traits, Attitudes, and Individual Differences","Subjective Well-Being Around the World: Trends and Predictors Across the Life Span","Using representative cross-sections from 166 nations (more than 1.7 million respondents), we examined differences in three measures of subjective well-being over the life span. Globally, and in the individual regions of the world, we found only very small differences in life satisfaction and negative affect. By contrast, decreases in positive affect were larger. We then examined four important predictors of subjective well-being and how their associations changed: marriage, employment, prosociality, and life meaning. These predictors were typically associated with higher subjective well-being over the life span in every world region. Marriage showed only very small associations for the three outcomes, whereas employment had larger effects that peaked around age 50 years. Prosociality had practically significant associations only with positive affect, and life meaning had strong, consistent associations with all subjective-well-being measures across regions and ages. These findings enhance our understanding of subjective-well-being patterns and what matters for subjective well-being across the life span. © The Author(s) 2020."
10,0.807142857142857,2019,"Personality Traits, Attitudes, and Individual Differences","Is There a Positive Association Between Working Memory Capacity and Mind Wandering in a Low-Demand Breathing Task? A Preregistered Replication of a Study by Levinson, Smallwood, and Davidson (2012)","Levinson, Smallwood, and Davidson (2012, Experiment 2) found that working memory capacity (WMC) correlated positively with mind-wandering rates measured by thought probes in a breath-awareness task but was unassociated with the tendency to self-catch mind wandering. Here, I sought to replicate the associations between mind wandering and WMC in Levinson et al.’s breath-awareness task. The data from the current study, collected from 315 subjects (ns differed among analyses) and two measures of WMC, suggest that if WMC correlates with probe-caught mind wandering, the association is most likely negative. In addition, the evidence regarding self-caught mind wandering is consistent with that found by Levinson et al. for the sum of self-caught responses, but when self-caught responses were considered in proportion to probe-caught mind wandering, modest evidence was found for a positive association with WMC. © The Author(s) 2019."
10,0.806944444444444,2020,"Personality Traits, Attitudes, and Individual Differences","Hypo-Egoic Nonentitlement as a Feature of Humility","Two studies tested the hypothesis that humility is characterized by the belief that, no matter how extraordinary one’s accomplishments or characteristics may be, one is not entitled to be treated special because of them (hypo-egoic nonentitlement). Participants identified either one (Study 1) or five (Study 2) positive accomplishments or characteristics, rated those accomplishments/characteristics, indicated how they believed they should be treated because of them, and completed measures of humility and related constructs. As predicted, humility was inversely associated with the belief that other people should treat one special because of one’s accomplishments and positive characteristics. However, humility was not related to participants’ ratings of the positivity of their accomplishments or characteristics or of themselves. Ancillary analyses examined the relationships between hypo-egoic nonentitlement, humility, and measures of self-esteem, narcissism, self- and other-interest, psychological entitlement, individualism-collectivism, and identification with humanity. © 2019 by the Society for Personality and Social Psychology, Inc."
10,0.802830188679245,2017,"Personality Traits, Attitudes, and Individual Differences","Temporal Stability of Implicit and Explicit Measures: A Longitudinal Analysis","A common assumption about implicit measures is that they reflect early experiences, whereas explicit measures are assumed to reflect recent experiences. This assumption subsumes two distinct hypotheses: (a) Implicit measures are more resistant to situationally induced changes than explicit measures; (b) individual differences on implicit measures are more stable over time than individual differences on explicit measures. Although the first hypothesis has been the subject of numerous studies, the second hypothesis has received relatively little attention. The current research addressed the second hypothesis in two longitudinal studies that compared the temporal stability of individual differences on implicit and explicit measures in three content domains (self-concept, racial attitudes, political attitudes). In both studies, implicit measures showed significantly lower stability over time (weighted average r =.54) than conceptually corresponding explicit measures (weighted average r =.75), despite comparable estimates of internal consistency. Implications for theories of implicit social cognition and interpretations of implicit and explicit measures are discussed. © 2016, © 2016 by the Society for Personality and Social Psychology, Inc."
10,0.799305555555555,2021,"Personality Traits, Attitudes, and Individual Differences","(Un)happiness and voting in U.S. presidential elections.","A rapidly growing literature has attempted to explain Donald Trump's success in the 2016 U.S. presidential election as a result of a wide variety of differences in individual characteristics, attitudes, and social processes. We propose that the economic and psychological processes previously established have in common that they generated or electorally capitalized on unhappiness in the electorate, which emerges as a powerful high-level predictor of the 2016 electoral outcome. Drawing on a large dataset covering over 2 million individual surveys, which we aggregated to the county level, we find that low levels of evaluative, experienced, and eudaemonic subjective well-being (SWB) are strongly predictive of Trump's victory, accounting for an extensive list of demographic, ideological, and socioeconomic covariates and robustness checks. County-level future life evaluation alone correlates with the Trump vote share over Republican baselines at r = −.78 in the raw data, a magnitude rarely seen in the social sciences. We show similar findings when examining the association between individual-level life satisfaction and Trump voting. Low levels of SWB also predict anti-incumbent voting at the 2012 election, both at the county and individual level. The findings suggest that SWB is a powerful high-level marker of (dis)content and that SWB should be routinely considered alongside economic explanations of electoral choice. (PsycInfo Database Record (c) 2021 APA, all rights reserved) © 2020 American Psychological Association"
10,0.796062992125984,2017,"Personality Traits, Attitudes, and Individual Differences","Cross-Situational Self-Consistency in Nine Cultures: The Importance of Separating Influences of Social Norms and Distinctive Dispositions","We assessed self-consistency (expressing similar traits in different situations) by having undergraduates in the United States (n = 230), Australia (n = 220), Canada (n = 240), Ecuador (n = 101), Mexico (n = 209), Venezuela (n = 209), Japan (n = 178), Malaysia (n = 254), and the Philippines (n = 241) report the traits they expressed in four different social situations. Self-consistency was positively associated with age, well-being, living in Latin America, and not living in Japan; however, each of these variables showed a unique pattern of associations with various psychologically distinct sources of raw self-consistency, including cross-situationally consistent social norms and injunctions. For example, low consistency between injunctive norms and trait expressions fully explained the low self-consistency in Japan. In accord with trait theory, after removing normative and injunctive sources of consistency, there remained robust distinctive noninjunctive self-consistency (reflecting individuating personality dispositions) in every country, including Japan. The results highlight how clarifying the determinants and implications of self-consistency requires differentiating its distinctive, injunctive, and noninjunctive components. © 2017, © 2017 by the Society for Personality and Social Psychology, Inc."
10,0.794214876033058,2024,"Personality Traits, Attitudes, and Individual Differences","Correlated Change Between Personality Traits and Perceived Social Support in Old Age","This study investigated correlated change between the Big Five personality traits and perceived social support in old age. Two data waves with an 8-year span from the Interdisciplinary Longitudinal Study on Adult Development (ILSE) were utilized. The longitudinal sample for this study consisted of 491 older adults (aged 64–68 years at T1). Four different aspects of perceived availability of social support were assessed (emotional support, practical support, social integration, and social strain). The Big Five personality traits were assessed with the Neuroticism–Extraversion–Openness Five-Factor Inventory (NEO-FFI). Results show significant latent concurrent correlations and correlated changes between personality traits and social support. Notably, correlated change with social support types differed depending on the Big Five traits being evaluated, with changes in extraversion, neuroticism, and agreeableness being the traits most associated with changes in social support types, and openness being least associated. Results are discussed through a life span development lens in light of past research. © 2022 by the Society for Personality and Social Psychology, Inc."
10,0.79367816091954,2022,"Personality Traits, Attitudes, and Individual Differences","Are Some People More Consistent? Examining the Stability and Underlying Processes of Personality Profile Consistency","Personality traits are relatively consistent across time, as indicated by test–retest correlations. However, ipsative consistency approaches suggest there are individual differences in this consistency. Despite this, it is unknown whether these differences are due to person-level characteristics (i.e., some people are just more consistent) or exogenous forces (i.e., lack of consistency is due to environmental changes). Moreover, it is unclear whether the processes promoting long-term consistency are the same across people. We examine these two questions using item-level profile correlations across four to nine waves of data with four data sets (N = 21,616) with multilevel asymptotic growth models. Results indicated that there were, on average, high levels of profile consistency. However, there were notable individual differences in initial profile correlation values as well as in changes in levels of consistency across time, indicating that some people are more stably consistent than others. Moreover, the directions of people’s trajectories across increasing time intervals suggest that the mechanisms responsible for reinforcing personality consistency vary across people. These effects were typically moderated by age at 30 years old, maturity-related traits, and education level. Overall, findings indicate some people are more consistent than others, such that this stable level of (in)consistency is a dispositional factor. Additionally, individual differences in profile consistency are shaped by different levels of three processes. On average, stochastic factors are not impactful for most individuals, and transactional processes have an important role in increasing consistency for a sizable amount of people— nuances not previously revealed when focusing on rank-order stability. © 2022 American Psychological Association"
10,0.785082872928177,2025,"Personality Traits, Attitudes, and Individual Differences","Behavioral Variability as a Function of People, Situations, and Their Interaction","Behavioral variability has long been a central topic in personality psychology. Traditionally, research has focused on differences in mean levels of behavior across situations and time, rather than taking a situation-specific approach to variability. These approaches neglect variability (or the opposite, consistency) within a situation, often treating within-situation variability as mere error. This study investigates three primary questions involving behavioral variability: (a) Is variability a general characteristic of individuals or contingent on situational factors? (b) Do situations influence behavioral variability either by allowing for more behavioral variability or by increasing behavioral consistency? (c) Do personality traits interact with situations to affect variability? Utilizing intensive longitudinal data from two studies, we developed a novel person-in-situ density distribution model to capture person-specific within-situation variability. Our findings indicate that behavioral variability is not solely a function of individual differences but also significantly shaped by situational contexts. Meanwhile, contrary to the strong situation hypothesis, which emphasizes that situations tend to constrain behaviors, the present study found situations influence behavioral variability in both directions, making people more and less variable. Finally, personality traits were found to moderate the impact of situations on behavioral consistency, suggesting that variability reflects the interplay between person and situation factors. These results highlight the importance of considering behavioral variability within situations, which offers insights into personality dynamics rather than exclusively focusing on mean-level analyses. The implications of the person-in-situ density distribution model for studying person–situation transactions are also discussed. © 2025 American Psychological Association"
10,0.780882352941176,2020,"Personality Traits, Attitudes, and Individual Differences","Are liberals really dirty? Two failures to replicate Helzer and Pizarro's (2011) study 1, with meta-analysis.","Helzer and Pizarro (2011) reported 2 studies that showed an influence of cleanliness cues on political attitudes. Specifically, when standing near a hand-sanitizer dispenser (signal of cleanliness and purity), individuals rated their political attitudes more conservative, compared with individuals who were standing near an empty wall. The present study reports 2 failed attempts to replicate the results of Study 1 in Helzer and Pizarro (2011). Additionally, a meta-analysis was conducted by combining the results of Helzer and Pizarro (2011), the failed replications reported here, and a third failed replication reported by Allison-Godfrey, Bronson, Luby, Salazar, and Holmes (2015). The meta-analysis revealed a very small effect of the presence of cleanliness cues on political attitudes. (PsycInfo Database Record (c) 2021 APA, all rights reserved) © 2020 American Psychological Association"
10,0.779646017699115,2025,"Personality Traits, Attitudes, and Individual Differences","How Do People Think About the Relationship Between Science and Religion? A Cross-Cultural Psychometric Investigation","Few studies have systematically measured positions about the relationships between science and religion, and existing work has primarily focused on Christian samples from Western cultures. We collected data from individuals living in Australia, China, and the United States, encompassing both adults and undergraduates (total N = 985). We employed existing self-report instruments and novel items to measure positions about science and religion as well as individual attitudes toward science and religion (i.e., not in relation to one another). Exploratory factor and cluster analysis showed that, across samples, position dimensions included multiple facets of compatibility, both in general and specific terms, alongside a single conflict dimension. Correlations and moderated regressions showed that compatibility dimensions corresponded with depolarized attitudes toward science and religion, whereas the conflict dimension correlated with polarized attitudes. These results supported preregistered hypotheses. This study takes a step toward assessing positions more comprehensively, offering insights into their meanings. © 2025 by the Society for Personality and Social Psychology, Inc."
10,0.773267326732673,2020,"Personality Traits, Attitudes, and Individual Differences","Individual Differences in Attitude Consistency Over Time: The Personal Attitude Stability Scale","This research finds evidence for reliable individual differences in people’s perceived attitude stability that predict the actual stability of their attitudes over time. Study 1 examines the reliability and factor structure of an 11-item Personal Attitude Stability Scale (PASS). Study 2 establishes test–retest reliability for the PASS over a 5-week period. Studies 3a and 3b demonstrate the convergent and discriminant validity of the PASS in relation to relevant existing individual differences. Studies 4 and 5 show that the PASS predicts attitude stability following a delay period across several distinct topics. Across multiple attitude objects, for people with high (vs. low) scores on the PASS, Time 1 attitudes were more predictive of their Time 2 attitudes, indicative of greater attitudinal consistency over time. The final study also demonstrates that the PASS predicts attitude stability above and beyond other related scales. © 2020 by the Society for Personality and Social Psychology, Inc."
10,0.77280701754386,2025,"Personality Traits, Attitudes, and Individual Differences","Religious/Spiritual Connection and Subjective Well-Being Across Religious and Nonreligious Individuals in 121 Countries","Prior research suggests a positive association between some religious/spiritual variables and well-being. However, many measures of religious/spiritual constructs are often within explicitly religious contexts, limiting the conceptualization of links between spiritual connection and well-being among nonreligious individuals. The present study employs a novel, versatile measure assessing how frequently individuals feel connected to a religion or form of spirituality. Using nationally representative 2021 Gallup World Poll data from 121 countries (N = 125,843), we describe the distribution of religious/spiritual connection and examine its associations with subjective well-being among religious and nonreligious individuals. A majority of individuals worldwide—including many who are nonreligious—reported “often/always” feeling religious/spiritual connection. Adjusting for relevant covariates, religious/spiritual connection associated positively with subjective well-being in the global sample of religious individuals and, in some countries, nonreligious individuals (effect sizes were mostly small). Cross-national variation points to the complex role of religious/spiritual connection in shaping subjective well-being globally. © 2025 by the Society for Personality and Social Psychology, Inc"
10,0.77032967032967,2020,"Personality Traits, Attitudes, and Individual Differences","The Resistance to Change-Beliefs Scale: Validation of a New Measure of Conservative Ideology","The motivated social cognition (MSC) model of conservative ideology posits there are two core facets of conservative political ideology—endorsement of hierarchies and resistance to change. The present research tested the validity and reliability of a scale developed to measure resistance to change. Five studies support the validity, reliability, and factor structure of the Resistance to Change-Beliefs (RC-B) scale. Scores on the RC-B scale correlated with social and cognitive motivations as well as self-identified conservatism. RC-B also predicted more conservative stances on political issues and factor analyses supported the predicted internal structure of the RC-B scale. This provides the field with a validated instrument that avoids problems inherent in previous measures, can be used to test predictions from the MSC model, and has potential applications beyond political psychology. © 2019 by the Society for Personality and Social Psychology, Inc."
10,0.752121212121212,2024,"Personality Traits, Attitudes, and Individual Differences","Narrative Identity in Context: How Adults in Japan, Denmark, Israel, and the United States Narrate Difficult Life Events","Integrating the selective reconstruction of the past with an imagined future, narrative identity is a person’s internalized and evolving story of the self, functioning to provide life with some degree of meaning and purpose (McAdams & McLean, 2013). While narrative identity has been found to be associated with a range of psychological and social phenomena (e.g., Adler et al., 2015; McAdams & Guo, 2015), cross-national variation in narrative identity has been only minimally examined. For the purposes of the current inquiry, 438 adults from the United States (N = 102), Japan (N = 122), Israel (N = 103), and Denmark (N = 111) wrote narratives on adversity (low point and life challenge) and completed self-report measures on psychological well-being. Part 1 examined the narrative topics discussed, the frequency of narrative indices (redemption, contamination, agency, communion, meaning-making), and their relationship to well-being across the four countries, finding the most cultural difference in levels of redemption and meaning-making and the kinds of events narrated. Part 2 involved a qualitative, thematic analysis of the Japanese, Danish, and Israeli narratives to derive a set of narrative indices characterizing each country. Several emerged in the Japanese narratives (acceptance, attribution of blame, unresolved), the Danish narratives (balanced affect, communal growth, normality), and Israeli narratives (collective responsibility). Taken together, our findings regarding narratives of adversity support the idea that narrative identity cannot be fully captured without an understanding of culture but needs to instead be studied in tandem with the cultural context in which stories reside. © 2024 American Psychological Association"
10,0.750833333333333,2019,"Personality Traits, Attitudes, and Individual Differences","Patterns of Implicit and Explicit Attitudes: I. Long-Term Change and Stability From 2007 to 2016","Using 4.4 million tests of implicit and explicit attitudes measured continuously from an Internet population of U.S. respondents over 13 years, we conducted the first comparative analysis using time-series models to examine patterns of long-term change in six social-group attitudes: sexual orientation, race, skin tone, age, disability, and body weight. Even within just a decade, all explicit responses showed change toward attitude neutrality. Parallel implicit responses also showed change toward neutrality for sexual orientation, race, and skin-tone attitudes but revealed stability over time for age and disability attitudes and change away from neutrality for body-weight attitudes. These data provide previously unavailable evidence for long-term implicit attitude change and stability across multiple social groups; the data can be used to generate and test theoretical predictions as well as construct forecasts of future attitudes. © The Author(s) 2019."
10,0.748780487804878,2020,"Personality Traits, Attitudes, and Individual Differences","Religious testimony in a secular society: Belief in unobservable entities among Chinese parents and their children","When learning about the existence of unobservable scientific phenomena such as germs or religious phenomena such as God, children are receptive to the testimony of other people. Research in Western cultures has shown that by 5 to 6 years of age, children-like adults-are confident about the existence of both scientific and religious phenomena. We examined the beliefs of secular and Christian children growing up in China as well as the beliefs of their parents. All participants-secular and Christian children, as well as their parents-were confident about the existence of the scientific phenomena. No such consensus emerged for religious phenomena. Whereas secular children and their parents were skeptical, Christian children and their parents were confident about the existence of the religious phenomena. Moreover, a similar pattern was found for Christian children in preschools and for Christian children with more extensive exposure to the secular state curriculum. Indeed, for religious phenomena, a positive association was found between the beliefs of Christian children and their parents, highlighting the potential influence of parental input in a predominantly secular society. Overall, the results indicate that children's religious beliefs are related to the beliefs of their parents, even when those beliefs go against the majority view. © 2019 American Psychological Association."
10,0.746491228070175,2021,"Personality Traits, Attitudes, and Individual Differences","Physical Strength Partly Explains Sex Differences in Trait Anxiety in Young Americans","Among the most consistent sex differences to emerge from personality research is that women score higher than men on the Big Five personality trait Neuroticism. However, there are few functionally coherent explanations for this sex difference. The current studies tested whether this sex difference is due, in part, to variation in physical capital. Two preregistered studies (total N = 878 U.S. students) found that sex differences in the anxiety facet of Neuroticism were mediated by variation in physical strength and self-perceived formidability. Study 1 (N = 374) did not find a predicted mediation effect for overall Neuroticism but found a mediation effect for anxiety (the facet of Neuroticism most strongly associated with grip strength). Study 2 (N = 504) predicted and replicated this mediation effect. Further, sex differences in anxiety were serially mediated by grip strength and self-perceived formidability. These findings add to a nascent literature suggesting that differences in physical attributes may partially explain sex differences in personality. © The Author(s) 2021."
10,0.744247787610619,2016,"Personality Traits, Attitudes, and Individual Differences","More Polarized but More Independent: Political Party Identification and Ideological Self-Categorization Among U.S. Adults, College Students, and Late Adolescents, 1970-2015","In three nationally representative surveys of U.S. residents (N = 10 million) from 1970 to 2015, more Americans in the early 2010s (vs. previous decades) identified as Independent, including when age effects were controlled. More in the early 2010s (vs. previous decades) expressed polarized political views, including stronger political party affiliation or more extreme ideological self-categorization (liberal vs. conservative) with fewer identifying as moderate. The correlation between party affiliation and ideological views grew stronger over time. The overall trend since the 1970s was toward more Americans identifying as Republican or conservative. Older adults were more likely to identify as conservative and Republican. More Millennials (born 1980-1994) identify as conservative than either GenXers or Boomers did at the same age, and fewer are Democrats compared with Boomers. These trends are discussed in the context of social identification processes and their implications for the political dynamics in the United States. © 2016 by the Society for Personality and Social Psychology, Inc."
10,0.743181818181818,2022,"Personality Traits, Attitudes, and Individual Differences","Clarifying the Structure and Nature of Left-Wing Authoritarianism","Authoritarianism has been the subject of scientific inquiry for nearly a century, yet the vast majority of authoritarianism research has focused on right-wing authoritarianism. In the present studies, we investigate the nature, structure, and nomological network of left-wing authoritarianism (LWA), a construct famously known as “the Loch Ness Monster” of political psychology. We iteratively construct a measure and data-driven conceptualization of LWA across six samples (N = 7,258) and conduct quantitative tests of LWA’s relations with more than 60 authoritarianismrelated variables. We find that LWA, right-wing authoritarianism, and social dominance orientation reflect a shared constellation of personality traits, cognitive features, beliefs, and motivational values that might be considered the “heart” of authoritarianism. Relative to right-wing authoritarians, left-wing authoritarians were lower in dogmatism and cognitive rigidity, higher in negative emotionality, and expressed stronger support for a political system with substantial centralized state control. Our results also indicate that LWA powerfully predicts behavioral aggression and is strongly correlated with participation in political violence. We conclude that a movement away from exclusively right-wing conceptualizations of authoritarianism may be required to illuminate authoritarianism’s central features, conceptual breadth, and psychological appeal. © 2021 American Psychological Association"
10,0.741481481481481,2021,"Personality Traits, Attitudes, and Individual Differences","The Husband-Older Age Gap In Marriage Is Associated With Selective Fitness","Wives are usually younger than their husbands. Although this has been replicated across time and culture, there is no previous evidence of the likely evolutionary underpinnings of this age gap. Study Set 1 replicated the marriage age gap—and its moderators—in 6.4 million American marriages that led to U.S. births between 2016 and 2018. This effect also replicated in three million unmarried unions. Study 2 directly examined the life history tradeoff that connects the marriage age gap to selective fitness. When husbands are somewhat older than wives (but neither much older nor much younger), selective fitness is high, as operationalized by rates of short-term infant survival and neonatal breastfeeding. This pattern held independent of the robust effects of maternal age. Eight cross-cultural replications involving more than 225,000 mothers in low-to moderate-income nations examined lifetime selective fitness (total number of living children) rather than single birth outcomes. In all eight nations, analyses revealed both a husband-older age gap and a life history tradeoff in lifetime selective fitness. Life history tradeoffs account well for the husband-older age gap in marriage © 2021 American Psychological Association"
10,0.739855072463768,2020,"Personality Traits, Attitudes, and Individual Differences","Documenting individual differences in the propensity to hold attitudes with certainty.","The certainty with which people hold their attitudes is an important consideration because attitudes held with certainty better predict judgment and behavior than attitudes held with doubt. However, little is known about whether people's assessments of their certainty reflect a disposition to hold attitudes with confidence. Adapting methods used to document individual differences in people's attitudes, the present research demonstrates that the certainty with which people hold any given attitude is in part a reflection of a relatively stable disposition. Across 5 studies and 6 samples (total N = 106,050), we demonstrate dispositional variability in attitude certainty and show that it is related to but distinct from confidence in other judgmental domains. We also demonstrate that dispositional attitude certainty may be useful in predicting certainty in newly formed evaluations (Study 3) and an important consequence of certainty—attitude-behavior correspondence (as indicated by reports of behavioral intentions and recent behavior; Study 4 and Student Sample in Study 5). Furthermore, we demonstrate that dispositional attitude certainty is relatively stable over time (Study 5). Results are discussed with respect to potential mechanisms and boundary conditions relating to dispositional attitude certainty, the implications of these individual differences for attitudes and persuasion, as well as the potential origins of dispositional attitude certainty. (PsycInfo Database Record (c) 2021 APA, all rights reserved) © 2020 American Psychological Association"
10,0.738690476190476,2021,"Personality Traits, Attitudes, and Individual Differences","Personal Echo Chambers: Openness-to-Experience Is Linked to Higher Levels of Psychological Interest Diversity in Large-Scale Behavioral Data","This research investigates the extent to which the personality trait of Openness-to-Experience can protect individuals from living in personal echo chambers that create and reinforce a narrow view on the world. Analyses of 2 large-scale data sets with over 80,000 participants and more than 40,000,000 behavioral observations demonstrate that individuals scoring high on Openness show higher variability in the psychological profiles associated with their personal interests—a novel concept termed psychological interest diversity. Study 1 examines the Facebook profiles of 57,185 users to demonstrate that a person’s Openness level predicts the degree to which the pages they like are diverse in the political ideologies, personal values, and personality traits of their followers. Study 2 replicates the findings of Study 1 using over 28,000,000 GPS-tracked event attendances collected via people’s smartphones. Specifically, the results show that individuals (N = 22,953) with higher levels of Openness also show higher levels of psychological interest diversity in the events they attend, and that this effect is incremental to countylevel variation in psychological interest diversity. The findings empirically support the theoretical conceptualization of Openness as a preference for variety and exploration and corroborate the role of personal dispositions in the creation of personal echo chambers. The discussion highlights the need to further explore psychological interest diversity as the initial basis of algorithmic filter bubbles—for example, recommendation systems or targeted advertising—which further amplify and reinforce existing interests and preferences. © 2021 American Psychological Association"
10,0.735897435897436,2024,"Personality Traits, Attitudes, and Individual Differences","Attitudes and Laws About Abortion Are Linked to Extrinsic Mortality Risk: A Life-History Perspective on Variability in Reproductive Rights","Abortion policy is conventionally viewed as a political matter with religious overtones. This article offers a different view. From the perspective of evolutionary biology, abortion at a young age can represent prioritization of long-term development over immediate reproduction, a pattern established in other animal species as resulting from stable ecologies with low mortality risk. We examine whether laws and moral beliefs about abortions are linked to local mortality rates. Data from 50 U.S. states, 202 world societies, 2,596 adult individuals in 363 U.S. counties, and 147,260 respondents across the globe suggest that lower levels of mortality risk are associated with more permissive laws and attitudes toward abortion. Those associations were observed when we controlled for religiosity, political ideology, wealth, education, and industrialization. Integrating evolutionary and cultural perspectives offers an explanation as to why moral beliefs and legal norms about reproduction may be sensitive to levels of ecological adversity. © The Author(s) 2024."
10,0.735714285714286,2025,"Personality Traits, Attitudes, and Individual Differences","Understanding the Persistence of Traditional Values in Modern Society: Adaptive Utility Matters","The adaptation account suggests that the persistence of some traditional values in modern society is due to their enduring adaptive utility. We tested this hypothesis by examining the change of filial piety in two Confucian societies, China and Japan. By analyzing natural language data, Study 1 found that Chinese people’s concern about and liking for filial piety have increased since 1979, with falling birth rate and rising elderly population as the Granger causes. By analyzing survey data from 2006 to 2017 (N = 7,283) in China, Study 2 found that reciprocal filial piety was adaptive (i.e., conducive to well-being) and increasing, whereas authoritarian filial piety was maladaptive (i.e., detrimental to well-being) and decreasing. By analyzing both Japanese language data from 1989 to 2023 (Study 3a) and survey data from 2006 to 2018 (Study 3b: N = 4,763), Study 3 replicated the main findings from China. These findings support the adaptation account of cultural persistence. © 2025 by the Society for Personality and Social Psychology, Inc"
10,0.735398230088495,2021,"Personality Traits, Attitudes, and Individual Differences","In the eye of the beholder: Considering culture in assessing the social desirability of personality.","Multinational organizations are increasingly looking to deploy assessments on a global basis. However, the social desirability of different personality characteristics may vary as a function of culture, yet limited research has explored this idea. Based on the GLOBE cultural dimensions and the theory of purposeful behavior, we examined potential connections between cultural practice dimensions and the desirability of personality aspects with a large personality item bank, utilizing raters across 34 countries. Findings indicated few connections of societal level cultural practices and social desirability perceptions for particular aspects. An exception to this was the finding that higher social desirability ratings were given for cooperativeness, sensitivity, and assertiveness in Confucian Asian, South Asian, and Sub-Saharan contexts compared with Germanic Europe, Eastern Europe, Latin America, and Latin Europe contexts. Limitations of the study as well as implications for development and use of personality assessments globally in high stakes contexts are discussed. (PsycInfo Database Record (c) 2021 APA, all rights reserved) © 2020 American Psychological Association"
10,0.730508474576271,2016,"Personality Traits, Attitudes, and Individual Differences","It’s the End of the World and I Feel Fine: Soul Belief and Perceptions of End-of-the-World Scenarios","Five studies tested the effects that soul beliefs have on reactions to end-of-the-world scenarios. In Studies 1 and 2, participants who firmly believe in an immortal soul showed less resistance to an article predicting the end of humanity than those without such belief. However, in Studies 3 to 5, thoughts of symbolic immortality made soul believers more resistant to scientific evidence predicting the end of humanity. These results suggest that belief in an immortal soul provides psychological protection against the threat of humanity’s demise that does not hold for symbolic immortality beliefs. © 2015, © 2015 by the Society for Personality and Social Psychology, Inc."
10,0.729457364341085,2022,"Personality Traits, Attitudes, and Individual Differences","Revisiting the Rigidity-of-the-Right Hypothesis: A Meta-Analytic Review","The rigidity-of-the-right hypothesis (RRH), which posits that cognitive, motivational, and ideological rigidity resonate with political conservatism, is an influential but controversial psychological account of political ideology. Here, we leverage several methodological and theoretical sources of this controversy to conduct an extensive quantitative review with the dual aims of probing the RRH’s basic assumptions and parsing the RRH literature’s heterogeneity. Using multilevel meta-analyses of relations between varieties of rigidity and ideology measures alongside a bevy of potential moderators (s = 329, k = 708, N = 187,612), we find that associations between conservatism and rigidity are tremendously heterogeneous, suggesting a complex—yet conceptually fertile—network of relations between these constructs. Most notably, whereas social conservatism was robustly associated with rigidity, associations between economic conservatism and rigidity indicators were inconsistent, small, and not statistically significant outside of the United States. Moderator analyses revealed that nonrepresentative sampling, criterion contamination, and disproportionate use of American samples have yielded overestimates of associations between rigidity-related constructs and conservatism in past research. We resolve that drilling into this complexity, thereby moving beyond the question of if conservatives are essentially rigid to when and why they might or might not be, will help provide a more realistic account of the psychological underpinnings of political ideology. © 2022 American Psychological Association"
10,0.726612903225806,2016,"Personality Traits, Attitudes, and Individual Differences","Age and gender differences in self-esteem—A cross-cultural window.","Research and theorizing on gender and age differences in self-esteem have played a prominent role in psychology over the past 20 years. However, virtually all empirical research has been undertaken in the United States or other Western industrialized countries, providing a narrow empirical base from which to draw conclusions and develop theory. To broaden the empirical base, the present research uses a large Internet sample (N = 985,937) to provide the first large-scale systematic cross-cultural examination of gender and age differences in self-esteem. Across 48 nations, and consistent with previous research, we found age-related increases in self-esteem from late adolescence to middle adulthood and significant gender gaps, with males consistently reporting higher self-esteem than females. Despite these broad cross-cultural similarities, the cultures differed significantly in the magnitude of gender, age, and Gender × Age effects on self-esteem. These differences were associated with cultural differences in socioeconomic, sociodemographic, gender-equality, and cultural value indicators. Discussion focuses on the theoretical implications of cross-cultural research on self-esteem. © 2015 American Psychological Association."
10,0.726470588235294,2025,"Personality Traits, Attitudes, and Individual Differences","Deconfounding Sex and Sex of Partner in Mate-Preference Research","Much of the previous research examining sex differences in human mate preferences has relied exclusively on heterosexual participants. Consequently, prior work overlooks a critical limitation: In heterosexual populations, participant sex and partner sex are perfectly confounded. Here, we tease apart this fundamental problem by separately examining ideal preferences for male and female partners across two studies—one using a large bisexual sample (n = 442) and another using a sample of both bisexual and heterosexual participants (n = 380). The results revealed that sex differences in mate preferences were largely driven by the participants’ own sex. However, both males and females set higher standards overall for the traits of male partners. These findings suggest that a person’s mate-preference psychology is shaped by both one’s own sex and the sex of the target being evaluated. More broadly, these results expand our understanding of the proximate psychology underlying human mate preferences. © The Author(s) 2025."
10,0.725,2019,"Personality Traits, Attitudes, and Individual Differences","Thinking about a new decade in life increases personal self-reflection: A replication and reinterpretation of alter and Hershfield's (2014) findings","Alter and Hershfield (2014) recently published a set of studies suggesting that people often search for existential meaning as they approach a new decade in chronological age. The purpose of the current research was to replicate their experimental study (Study 2 in their article) and extend their findings using additional operational measures of search for meaning. Study 1 was a replication comparing the two conditions used in the original study (i.e., experimental and baseline control), whereas Studies 2 and 3 were direct replications of the original methods using all three conditions (i.e., experimental, baseline control, and birthday control). All replications found general support for the original claims with important caveats. Specifically, whereas Studies 1 and 3 replicated their main findings, Study 2 did not. Importantly, however, a factor analysis of Alter and Hershfield's meaning-seeking measure revealed two factors underlying a search for meaning: life-reflection and perceived value of meaning. Across all studies, findings suggest that people are significantly more likely to engage in a life review as they begin a new epoch in their lives while there were no differences in their perceived value of meaning. A reinterpretation of Alter and Hershfield's findings is discussed. © 2019 American Psychological Association."
10,0.723333333333333,2016,"Personality Traits, Attitudes, and Individual Differences","Changing for the Better? Longitudinal Associations Between Volitional Personality Change and Psychological Well-Being","Recent research has found that a vast majority of people want to change their personality traits—and they may be able to find some degree of success in doing so. However, desires for self-change have been theoretically and empirically linked to reduced well-being. The present study utilized a longitudinal design to better understand the associations between people’s desires and attempts to change their personality traits and their psychological well-being. Results indicated that possessing change goals did not necessarily predict growing deficits in well-being over time. In contrast, people who were able to change their personality traits in ways that aligned with their desires tended to experience increases in well-being over time. These findings are consistent with theory that dissatisfaction can precipitate change goals, and successful change can ameliorate dissatisfaction. © 2016, © 2016 by the Society for Personality and Social Psychology, Inc."
10,0.722777777777778,2025,"Personality Traits, Attitudes, and Individual Differences","I love you but I hate your politics: The role of political dissimilarity in romantic relationships.","Amid heightened political polarization in the United States, have politics worked their way into the bedroom? An increase in political similarity between romantic partners has consequences not just for romantic relationships but for society as a whole; political homophily increases our political echo chambers and affects future generations. We drew upon 11 data sets with over 4,000 individuals (including more than 500 couples) to test four preregistered research questions about the prevalence, correlates, consequences, and potential buffers of political dissimilarity in modern-day relationships. Across measures of similarity (overall perceptions, partisanship matching, shared political ideology), couples in our sample showed high levels of political similarity (e.g., 23% were cross-partisan, with fewer than 8% composed of one Democrat and one Republican). Examining 18 potential correlates of political dissimilarity, we found little evidence that certain factors predispose people to end up in a politically dissimilar relationship. When considering the potential consequences of political dissimilarity, we found a small association between political dissimilarity and relationship quality in general and in daily life. The effect was evident when examining perceived political dissimilarity (over and above perceptions of overall similarity) and, to a lesser extent, dissimilarity in terms of partisanship and political ideology. Prosocial processes such as appreciation and perspective-taking may moderate these effects. Taken together, these findings speak to the need to further consider the ways in which the sociopolitical context is shaping the formation and maintenance of close relationships. (PsycInfo Database Record (c) 2025 APA, all rights reserved) © 2024 American Psychological Association All rights, including for text and data mining, AI training, and similar technologies, are reserved."
10,0.721621621621622,2019,"Personality Traits, Attitudes, and Individual Differences","Cognitive Reflection and the 2016 U.S. Presidential Election","We present a large exploratory study (N = 15,001) investigating the relationship between cognitive reflection and political affiliation, ideology, and voting in the 2016 Presidential Election. We find that Trump voters are less reflective than Clinton voters or third-party voters. However, much (although not all) of this difference was driven by Democrats who chose Trump. Among Republicans, conversely, Clinton and Trump voters were similar, whereas third-party voters were more reflective. Furthermore, although Democrats/liberals were somewhat more reflective than Republicans/conservatives overall, political moderates and nonvoters were least reflective, whereas libertarians were most reflective. Thus, beyond the previously theorized correlation between analytic thinking and liberalism, these data suggest three additional consequences of reflectiveness (or lack thereof) for political cognition: (a) facilitating political apathy versus engagement, (b) supporting the adoption of orthodoxy versus heterodoxy, and (c) drawing individuals toward candidates who share their cognitive style and toward policy proposals that are intuitively compelling. © 2018 by the Society for Personality and Social Psychology, Inc."
10,0.719834710743802,2021,"Personality Traits, Attitudes, and Individual Differences","Stability and Change in Personality Traits and Major Life Goals From College to Midlife","The association between personality traits and motivational units, such as life goals, has been a long-standing interest of personality scientists. However, little research has investigated the longitudinal associations between traits and life goals beyond young adulthood. In the present study (N = 251), we examined the rank-order stability of, and mean-level changes in, the Big Five and major life goals (Aesthetic, Economic, Family/Relationship, Hedonistic, Political, Religious, Social) from college (age 18) to midlife (age 40), as well as their co-development. Findings showed that personality traits and major life goals were both moderately-to-highly stable over 20 years. On average, there were mean-level increases in the Big Five and mean-level decreases in life goals over time. Patterns of co-development suggest people formulate goals consistent with their personality traits, and conversely, investing in goal-relevant contexts is associated with trait change. We discuss the results in light of Social Investment Theory and the developmental regulation literature. © 2020 by the Society for Personality and Social Psychology, Inc."
10,0.718320610687023,2017,"Personality Traits, Attitudes, and Individual Differences","Development of identity clarity and content in adulthood","The current research examines self-concept clarity over 2 assessment points with the aims of establishing patterns of stability and change in self-concept clarity across adulthood, modeling corollary changes in traits and health-related role limitations, and demonstrating the ways in which gender and age moderate these patterns. Within this sample of 461 adults age 19-86 years of age, self-concept clarity had robust rank-order stability and no significant mean-level change during a 3-year assessment window. However, significant interindividual variability was present in the developmental patterns of self-concept clarity over time. These individual differences in development of self-concept clarity corresponded to developmental patterns in Big Five personality traits and health-related role limitations. Results of this 2 wave longitudinal study suggest 3 primary conclusions: (a) self-concept clarity predicts and corresponds to trait maturation over time, (b) decreasing self-concept clarity corresponds to increasing role limitations, and (c) these effects are somewhat contingent on gender and age. Results are discussed in reference to the maturation of identity content and metacognitive identity evaluation over the life span. © 2017 American Psychological Association."
